param_id,fam_duration,violation_type,sample_n_mean,sample_n_std,linking_hypothesis,mu_prior,hypothetical_obs_grid_n,max_observation,batch_n,jitter_n,quad_a,quad_b,quad_c,V_prior,alpha_prior,beta_prior,epsilon,mu_epsilon,sd_epsilon,world_EIGs,forced_exposure_max
55,0,background,37,40.1090618452397,EIG,0,5,500,2,20,999,999,999,1,1,1,1e-4,0.001,0.5,1e-5,5
55,0,background,29.6,31.781159595948637,EIG,0,5,500,2,20,999,999,999,1,1,1,1e-4,0.001,0.5,1e-5,5
55,0,background,29.2,32.88992806956337,EIG,0,5,500,2,20,999,999,999,1,1,1,1e-4,0.001,0.5,1e-5,5
55,0,background,51.25,55.46632453926199,EIG,0,5,500,2,20,999,999,999,1,1,1,1e-4,0.001,0.5,1e-5,5
55,0,background,18.85,19.52670236530372,EIG,0,5,500,2,20,999,999,999,1,1,1,1e-4,0.001,0.5,1e-5,5
55,0,background,42.45,39.92423746099736,EIG,0,5,500,2,20,999,999,999,1,1,1,1e-4,0.001,0.5,1e-5,5
55,0,background,34.05,44.13314186103586,EIG,0,5,500,2,20,999,999,999,1,1,1,1e-4,0.001,0.5,1e-5,5
55,0,background,50.45,60.1659765718309,EIG,0,5,500,2,20,999,999,999,1,1,1,1e-4,0.001,0.5,1e-5,5
55,0,background,29.6,25.48766471514366,EIG,0,5,500,2,20,999,999,999,1,1,1,1e-4,0.001,0.5,1e-5,5
55,0,background,38.5,29.086983885905862,EIG,0,5,500,2,20,999,999,999,1,1,1,1e-4,0.001,0.5,1e-5,5
83,0,background,35.9,25.216744645697545,EIG,0,5,500,2,20,999,999,999,1,10,0.1,1e-4,0.001,1,1e-5,5
83,0,background,42.95,26.7000394243746,EIG,0,5,500,2,20,999,999,999,1,10,0.1,1e-4,0.001,1,1e-5,5
83,0,background,46.75,35.25228622671906,EIG,0,5,500,2,20,999,999,999,1,10,0.1,1e-4,0.001,1,1e-5,5
83,0,background,48.6,47.46788387952427,EIG,0,5,500,2,20,999,999,999,1,10,0.1,1e-4,0.001,1,1e-5,5
83,0,background,34.85,24.415859815421538,EIG,0,5,500,2,20,999,999,999,1,10,0.1,1e-4,0.001,1,1e-5,5
55,0,background,27.8,26.652935061047614,EIG,0,5,500,2,20,999,999,999,1,1,1,1e-4,0.001,0.5,1e-5,5
55,0,background,51.8,49.297806079079486,EIG,0,5,500,2,20,999,999,999,1,1,1,1e-4,0.001,0.5,1e-5,5
55,0,background,52,63.90453406202263,EIG,0,5,500,2,20,999,999,999,1,1,1,1e-4,0.001,0.5,1e-5,5
55,0,background,34.2,25.07798363421379,EIG,0,5,500,2,20,999,999,999,1,1,1,1e-4,0.001,0.5,1e-5,5
55,0,background,32.55,29.231336825940392,EIG,0,5,500,2,20,999,999,999,1,1,1,1e-4,0.001,0.5,1e-5,5
83,0,background,38.65,30.45147131524449,EIG,0,5,500,2,20,999,999,999,1,10,0.1,1e-4,0.001,1,1e-5,5
83,0,background,55.95,32.7983873159385,EIG,0,5,500,2,20,999,999,999,1,10,0.1,1e-4,0.001,1,1e-5,5
83,0,background,45.95,26.31884455950467,EIG,0,5,500,2,20,999,999,999,1,10,0.1,1e-4,0.001,1,1e-5,5
83,0,background,35.6,29.04696741123716,EIG,0,5,500,2,20,999,999,999,1,10,0.1,1e-4,0.001,1,1e-5,5
83,0,background,48.1,43.43161593997966,EIG,0,5,500,2,20,999,999,999,1,10,0.1,1e-4,0.001,1,1e-5,5
71,0,background,55.45,33.04936499111275,EIG,0,5,500,2,20,999,999,999,1,1,10,1e-4,0.001,1,1e-5,5
71,0,background,60.1,33.718494066391266,EIG,0,5,500,2,20,999,999,999,1,1,10,1e-4,0.001,1,1e-5,5
71,0,background,63.6,41.59757077927559,EIG,0,5,500,2,20,999,999,999,1,1,10,1e-4,0.001,1,1e-5,5
71,0,background,58.35,42.66179728244488,EIG,0,5,500,2,20,999,999,999,1,1,10,1e-4,0.001,1,1e-5,5
71,0,background,52.85,36.70404394757154,EIG,0,5,500,2,20,999,999,999,1,1,10,1e-4,0.001,1,1e-5,5
83,0,background,65.25,31.97017524605015,EIG,0,5,500,2,20,999,999,999,1,10,0.1,1e-4,0.001,1,1e-5,5
83,0,background,78.55,48.18874622936246,EIG,0,5,500,2,20,999,999,999,1,10,0.1,1e-4,0.001,1,1e-5,5
83,0,background,56,31.793743177914077,EIG,0,5,500,2,20,999,999,999,1,10,0.1,1e-4,0.001,1,1e-5,5
83,0,background,66,40.042083125789446,EIG,0,5,500,2,20,999,999,999,1,10,0.1,1e-4,0.001,1,1e-5,5
83,0,background,72.3,48.66220839949405,EIG,0,5,500,2,20,999,999,999,1,10,0.1,1e-4,0.001,1,1e-5,5
55,0,background,51.15,39.571753615559246,EIG,0,5,500,2,20,999,999,999,1,1,1,1e-4,0.001,0.5,1e-5,5
83,0,background,53.25,26.355614602065945,EIG,0,5,500,2,20,999,999,999,1,10,0.1,1e-4,0.001,1,1e-5,5
55,0,background,60.1,49.42820417960835,EIG,0,5,500,2,20,999,999,999,1,1,1,1e-4,0.001,0.5,1e-5,5
83,0,background,47.35,23.26568514493304,EIG,0,5,500,2,20,999,999,999,1,10,0.1,1e-4,0.001,1,1e-5,5
55,0,background,58.25,55.92182042816561,EIG,0,5,500,2,20,999,999,999,1,1,1,1e-4,0.001,0.5,1e-5,5
83,0,background,56.4,30.70470562256575,EIG,0,5,500,2,20,999,999,999,1,10,0.1,1e-4,0.001,1,1e-5,5
83,0,background,48.25,34.12187907456076,EIG,0,5,500,2,20,999,999,999,1,10,0.1,1e-4,0.001,1,1e-5,5
55,0,background,60.1,55.86063485421366,EIG,0,5,500,2,20,999,999,999,1,1,1,1e-4,0.001,0.5,1e-5,5
83,0,background,48.05,28.30003719543771,EIG,0,5,500,2,20,999,999,999,1,10,0.1,1e-4,0.001,1,1e-5,5
55,0,background,57.7,45.867199609306866,EIG,0,5,500,2,20,999,999,999,1,1,1,1e-4,0.001,0.5,1e-5,5
83,0,background,55.35,23.61817988441598,EIG,0,5,500,2,20,999,999,999,1,10,0.1,1e-4,0.001,1,1e-5,5
83,0,background,67.15,34.00042569392949,EIG,0,5,500,2,20,999,999,999,1,10,0.1,1e-4,0.001,1,1e-5,5
83,0,background,76.7,43.312937170270374,EIG,0,5,500,2,20,999,999,999,1,10,0.1,1e-4,0.001,1,1e-5,5
83,0,background,55.65,33.80326206619399,EIG,0,5,500,2,20,999,999,999,1,10,0.1,1e-4,0.001,1,1e-5,5
83,0,background,68.3,30.92452612069381,EIG,0,5,500,2,20,999,999,999,1,10,0.1,1e-4,0.001,1,1e-5,5
83,0,background,40.75,32.74603230284468,EIG,0,5,500,2,20,999,999,999,1,10,0.1,1e-4,0.001,1,1e-5,5
83,0,background,51.25,39.99983552597764,EIG,0,5,500,2,20,999,999,999,1,10,0.1,1e-4,0.001,1,1e-5,5
83,0,background,41.7,36.36814684944997,EIG,0,5,500,2,20,999,999,999,1,10,0.1,1e-4,0.001,1,1e-5,5
83,0,background,51.35,34.956025005863104,EIG,0,5,500,2,20,999,999,999,1,10,0.1,1e-4,0.001,1,1e-5,5
83,0,background,36.05,23.74973684064731,EIG,0,5,500,2,20,999,999,999,1,10,0.1,1e-4,0.001,1,1e-5,5
71,0,background,39.15,33.89655315499606,EIG,0,5,500,2,20,999,999,999,1,1,10,1e-4,0.001,1,1e-5,5
71,0,background,43.5,36.98861844860986,EIG,0,5,500,2,20,999,999,999,1,1,10,1e-4,0.001,1,1e-5,5
71,0,background,47.3,34.46752857858813,EIG,0,5,500,2,20,999,999,999,1,1,10,1e-4,0.001,1,1e-5,5
71,0,background,39.85,34.996653975397194,EIG,0,5,500,2,20,999,999,999,1,1,10,1e-4,0.001,1,1e-5,5
71,0,background,55.5,32.342736921586386,EIG,0,5,500,2,20,999,999,999,1,1,10,1e-4,0.001,1,1e-5,5
71,0,background,31.15,18.195647252773625,EIG,0,5,500,2,20,999,999,999,1,1,10,1e-4,0.001,1,1e-5,5
71,0,background,38.1,29.33993147482401,EIG,0,5,500,2,20,999,999,999,1,1,10,1e-4,0.001,1,1e-5,5
71,0,background,41.9,32.98468544164413,EIG,0,5,500,2,20,999,999,999,1,1,10,1e-4,0.001,1,1e-5,5
71,0,background,45.55,27.352427006719072,EIG,0,5,500,2,20,999,999,999,1,1,10,1e-4,0.001,1,1e-5,5
71,0,background,42.75,23.169569425615595,EIG,0,5,500,2,20,999,999,999,1,1,10,1e-4,0.001,1,1e-5,5
71,0,background,33.65,34.145624671552376,EIG,0,5,500,2,20,999,999,999,1,1,10,1e-4,0.001,1,1e-5,5
71,0,background,45.85,26.49384238291091,EIG,0,5,500,2,20,999,999,999,1,1,10,1e-4,0.001,1,1e-5,5
71,0,background,59.4,36.12172403649113,EIG,0,5,500,2,20,999,999,999,1,1,10,1e-4,0.001,1,1e-5,5
71,0,background,64.9,41.7648807391796,EIG,0,5,500,2,20,999,999,999,1,1,10,1e-4,0.001,1,1e-5,5
71,0,background,43,28.018790687303895,EIG,0,5,500,2,20,999,999,999,1,1,10,1e-4,0.001,1,1e-5,5
83,0,background,53.05,36.16406329056804,EIG,0,5,500,2,20,999,999,999,1,10,0.1,1e-4,0.001,1,1e-5,5
83,0,background,50.25,36.810860811507936,EIG,0,5,500,2,20,999,999,999,1,10,0.1,1e-4,0.001,1,1e-5,5
83,0,background,35.25,36.07138390528017,EIG,0,5,500,2,20,999,999,999,1,10,0.1,1e-4,0.001,1,1e-5,5
83,0,background,49.55,32.02215515939911,EIG,0,5,500,2,20,999,999,999,1,10,0.1,1e-4,0.001,1,1e-5,5
83,0,background,53.4,36.185777956481594,EIG,0,5,500,2,20,999,999,999,1,10,0.1,1e-4,0.001,1,1e-5,5
71,0,background,62,42.97367615302726,EIG,0,5,500,2,20,999,999,999,1,1,10,1e-4,0.001,1,1e-5,5
71,0,background,52.45,38.38924602706226,EIG,0,5,500,2,20,999,999,999,1,1,10,1e-4,0.001,1,1e-5,5
71,0,background,47.7,27.77749941380992,EIG,0,5,500,2,20,999,999,999,1,1,10,1e-4,0.001,1,1e-5,5
71,0,background,42.7,27.50712826274597,EIG,0,5,500,2,20,999,999,999,1,1,10,1e-4,0.001,1,1e-5,5
71,0,background,34.15,28.28478296484562,EIG,0,5,500,2,20,999,999,999,1,1,10,1e-4,0.001,1,1e-5,5
83,0,background,50.3,32.948284836759115,EIG,0,5,500,2,20,999,999,999,1,10,0.1,1e-4,0.001,1,1e-5,5
83,0,background,35.9,20.67263637606104,EIG,0,5,500,2,20,999,999,999,1,10,0.1,1e-4,0.001,1,1e-5,5
83,0,background,48.55,29.51444784472424,EIG,0,5,500,2,20,999,999,999,1,10,0.1,1e-4,0.001,1,1e-5,5
83,0,background,44.5,35.22035894494158,EIG,0,5,500,2,20,999,999,999,1,10,0.1,1e-4,0.001,1,1e-5,5
83,0,background,41.45,35.79984563330436,EIG,0,5,500,2,20,999,999,999,1,10,0.1,1e-4,0.001,1,1e-5,5
71,0,background,43.55,31.890396178490047,EIG,0,5,500,2,20,999,999,999,1,1,10,1e-4,0.001,1,1e-5,5
71,0,background,51.95,35.58899149722388,EIG,0,5,500,2,20,999,999,999,1,1,10,1e-4,0.001,1,1e-5,5
71,0,background,49.8,33.52705113628004,EIG,0,5,500,2,20,999,999,999,1,1,10,1e-4,0.001,1,1e-5,5
71,0,background,45.5,25.23468790542515,EIG,0,5,500,2,20,999,999,999,1,1,10,1e-4,0.001,1,1e-5,5
71,0,background,47.15,33.72532236200349,EIG,0,5,500,2,20,999,999,999,1,1,10,1e-4,0.001,1,1e-5,5
71,0,background,52.15,33.19840674680512,EIG,0,5,500,2,20,999,999,999,1,1,10,1e-4,0.001,1,1e-5,5
71,0,background,40.95,27.95009650675364,EIG,0,5,500,2,20,999,999,999,1,1,10,1e-4,0.001,1,1e-5,5
71,0,background,41.4,29.42143865672749,EIG,0,5,500,2,20,999,999,999,1,1,10,1e-4,0.001,1,1e-5,5
71,0,background,40.9,26.544699143738264,EIG,0,5,500,2,20,999,999,999,1,1,10,1e-4,0.001,1,1e-5,5
71,0,background,56.3,45.244482071239766,EIG,0,5,500,2,20,999,999,999,1,1,10,1e-4,0.001,1,1e-5,5
55,0,background,42.2,34.541508210755424,EIG,0,5,500,2,20,999,999,999,1,1,1,1e-4,0.001,0.5,1e-5,5
55,0,background,46.55,47.58203442477003,EIG,0,5,500,2,20,999,999,999,1,1,1,1e-4,0.001,0.5,1e-5,5
55,0,background,35.35,19.31804446897416,EIG,0,5,500,2,20,999,999,999,1,1,1,1e-4,0.001,0.5,1e-5,5
55,0,background,51.2,51.1937496184837,EIG,0,5,500,2,20,999,999,999,1,1,1,1e-4,0.001,0.5,1e-5,5
55,0,background,29.55,31.90359656346304,EIG,0,5,500,2,20,999,999,999,1,1,1,1e-4,0.001,0.5,1e-5,5
71,0,background,47.75,23.46077353236338,EIG,0,5,500,2,20,999,999,999,1,1,10,1e-4,0.001,1,1e-5,5
71,0,background,56.4,30.625754555688307,EIG,0,5,500,2,20,999,999,999,1,1,10,1e-4,0.001,1,1e-5,5
71,0,background,59.05,29.08331950937187,EIG,0,5,500,2,20,999,999,999,1,1,10,1e-4,0.001,1,1e-5,5
71,0,background,46.55,29.40546852113342,EIG,0,5,500,2,20,999,999,999,1,1,10,1e-4,0.001,1,1e-5,5
71,0,background,50.1,25.166602765109996,EIG,0,5,500,2,20,999,999,999,1,1,10,1e-4,0.001,1,1e-5,5
83,0,background,60.75,29.66457217128309,EIG,0,5,500,2,20,999,999,999,1,10,0.1,1e-4,0.001,1,1e-5,5
83,0,background,52.9,24.20504514613257,EIG,0,5,500,2,20,999,999,999,1,10,0.1,1e-4,0.001,1,1e-5,5
83,0,background,57.85,26.113668532217496,EIG,0,5,500,2,20,999,999,999,1,10,0.1,1e-4,0.001,1,1e-5,5
83,0,background,59,24.653386657500235,EIG,0,5,500,2,20,999,999,999,1,10,0.1,1e-4,0.001,1,1e-5,5
83,0,background,48.25,31.06169582248241,EIG,0,5,500,2,20,999,999,999,1,10,0.1,1e-4,0.001,1,1e-5,5
55,0,background,71.9,66.44499109869204,EIG,0,5,500,2,20,999,999,999,1,1,1,1e-4,0.001,0.5,1e-5,5
55,0,background,64.45,38.089195871076925,EIG,0,5,500,2,20,999,999,999,1,1,1,1e-4,0.001,0.5,1e-5,5
55,0,background,94.5,66.99528655847837,EIG,0,5,500,2,20,999,999,999,1,1,1,1e-4,0.001,0.5,1e-5,5
55,0,background,63.4,47.76962258700881,EIG,0,5,500,2,20,999,999,999,1,1,1,1e-4,0.001,0.5,1e-5,5
55,0,background,81.95,71.18284462158739,EIG,0,5,500,2,20,999,999,999,1,1,1,1e-4,0.001,0.5,1e-5,5
55,0,background,97.7,49.56027696282153,EIG,0,5,500,2,20,999,999,999,1,1,1,1e-4,0.001,0.5,1e-5,5
55,0,background,75.8,59.823952252905315,EIG,0,5,500,2,20,999,999,999,1,1,1,1e-4,0.001,0.5,1e-5,5
55,0,background,69.25,54.42800652914677,EIG,0,5,500,2,20,999,999,999,1,1,1,1e-4,0.001,0.5,1e-5,5
55,0,background,63.15,52.92126724026731,EIG,0,5,500,2,20,999,999,999,1,1,1,1e-4,0.001,0.5,1e-5,5
55,0,background,85.05,67.58657216372276,EIG,0,5,500,2,20,999,999,999,1,1,1,1e-4,0.001,0.5,1e-5,5
55,0,background,84.65,70.05131577711629,EIG,0,5,500,2,20,999,999,999,1,1,1,1e-4,0.001,0.5,1e-5,5
55,0,background,55.15,39.60366144689149,EIG,0,5,500,2,20,999,999,999,1,1,1,1e-4,0.001,0.5,1e-5,5
55,0,background,87.15,90.71776649529428,EIG,0,5,500,2,20,999,999,999,1,1,1,1e-4,0.001,0.5,1e-5,5
55,0,background,67.5,63.10767740432554,EIG,0,5,500,2,20,999,999,999,1,1,1,1e-4,0.001,0.5,1e-5,5
55,0,background,72.9,54.91131606125414,EIG,0,5,500,2,20,999,999,999,1,1,1,1e-4,0.001,0.5,1e-5,5
55,0,background,79.2,70.86577378916314,EIG,0,5,500,2,20,999,999,999,1,1,1,1e-4,0.001,0.5,1e-5,5
55,0,background,53.9,49.70957760093278,EIG,0,5,500,2,20,999,999,999,1,1,1,1e-4,0.001,0.5,1e-5,5
55,0,background,70.1,54.485053479202705,EIG,0,5,500,2,20,999,999,999,1,1,1,1e-4,0.001,0.5,1e-5,5
55,0,background,54.3,52.05675040912461,EIG,0,5,500,2,20,999,999,999,1,1,1,1e-4,0.001,0.5,1e-5,5
55,0,background,89.45,81.10193391165544,EIG,0,5,500,2,20,999,999,999,1,1,1,1e-4,0.001,0.5,1e-5,5
55,0,background,45.2,47.628607060529454,EIG,0,5,500,2,20,999,999,999,1,1,1,1e-4,0.001,0.5,1e-5,5
55,0,background,46.75,41.144002568642016,EIG,0,5,500,2,20,999,999,999,1,1,1,1e-4,0.001,0.5,1e-5,5
55,0,background,54.4,36.60370990688469,EIG,0,5,500,2,20,999,999,999,1,1,1,1e-4,0.001,0.5,1e-5,5
55,0,background,48.05,49.21004925183901,EIG,0,5,500,2,20,999,999,999,1,1,1,1e-4,0.001,0.5,1e-5,5
55,0,background,40.5,39.15488811320874,EIG,0,5,500,2,20,999,999,999,1,1,1,1e-4,0.001,0.5,1e-5,5
71,0,background,57.25,25.599907483385454,EIG,0,5,500,2,20,999,999,999,1,1,10,1e-4,0.001,1,1e-5,5
71,0,background,48.7,26.42387277882595,EIG,0,5,500,2,20,999,999,999,1,1,10,1e-4,0.001,1,1e-5,5
71,0,background,41.35,28.98506875145056,EIG,0,5,500,2,20,999,999,999,1,1,10,1e-4,0.001,1,1e-5,5
71,0,background,48.6,24.540836000001047,EIG,0,5,500,2,20,999,999,999,1,1,10,1e-4,0.001,1,1e-5,5
71,0,background,42.45,30.926866194808337,EIG,0,5,500,2,20,999,999,999,1,1,10,1e-4,0.001,1,1e-5,5
83,0,background,67.5,29.898952630837297,EIG,0,5,500,2,20,999,999,999,1,10,0.1,1e-4,0.001,1,1e-5,5
83,0,background,75.55,34.9096201489986,EIG,0,5,500,2,20,999,999,999,1,10,0.1,1e-4,0.001,1,1e-5,5
83,0,background,79.2,34.092135225158984,EIG,0,5,500,2,20,999,999,999,1,10,0.1,1e-4,0.001,1,1e-5,5
83,0,background,73.45,41.98680870539172,EIG,0,5,500,2,20,999,999,999,1,10,0.1,1e-4,0.001,1,1e-5,5
83,0,background,63.85,26.002580843568506,EIG,0,5,500,2,20,999,999,999,1,10,0.1,1e-4,0.001,1,1e-5,5
71,0,background,79.9,33.77931475419769,EIG,0,5,500,2,20,999,999,999,1,1,10,1e-4,0.001,1,1e-5,5
71,0,background,61.1,27.60034324729352,EIG,0,5,500,2,20,999,999,999,1,1,10,1e-4,0.001,1,1e-5,5
71,0,background,58.15,29.245377502490168,EIG,0,5,500,2,20,999,999,999,1,1,10,1e-4,0.001,1,1e-5,5
71,0,background,70.6,29.79296985249337,EIG,0,5,500,2,20,999,999,999,1,1,10,1e-4,0.001,1,1e-5,5
71,0,background,68.4,36.31064799607323,EIG,0,5,500,2,20,999,999,999,1,1,10,1e-4,0.001,1,1e-5,5
71,0,background,64.75,31.242472777665313,EIG,0,5,500,2,20,999,999,999,1,1,10,1e-4,0.001,1,1e-5,5
71,0,background,58.95,26.98435219081412,EIG,0,5,500,2,20,999,999,999,1,1,10,1e-4,0.001,1,1e-5,5
71,0,background,68.7,26.852619199898115,EIG,0,5,500,2,20,999,999,999,1,1,10,1e-4,0.001,1,1e-5,5
71,0,background,65.9,28.484344730690964,EIG,0,5,500,2,20,999,999,999,1,1,10,1e-4,0.001,1,1e-5,5
71,0,background,80.8,43.472435307663034,EIG,0,5,500,2,20,999,999,999,1,1,10,1e-4,0.001,1,1e-5,5
71,0,background,60.9,31.427276118214987,EIG,0,5,500,2,20,999,999,999,1,1,10,1e-4,0.001,1,1e-5,5
71,0,background,74.5,34.861379626653964,EIG,0,5,500,2,20,999,999,999,1,1,10,1e-4,0.001,1,1e-5,5
71,0,background,65.95,27.180633585427383,EIG,0,5,500,2,20,999,999,999,1,1,10,1e-4,0.001,1,1e-5,5
71,0,background,69.55,33.236750427010286,EIG,0,5,500,2,20,999,999,999,1,1,10,1e-4,0.001,1,1e-5,5
71,0,background,60.7,41.50979592692232,EIG,0,5,500,2,20,999,999,999,1,1,10,1e-4,0.001,1,1e-5,5
55,0,background,78.55,66.86079411339416,EIG,0,5,500,2,20,999,999,999,1,1,1,1e-4,0.001,0.5,1e-5,5
55,0,background,57.1,54.43576610629217,EIG,0,5,500,2,20,999,999,999,1,1,1,1e-4,0.001,0.5,1e-5,5
55,0,background,71.15,43.49987900769622,EIG,0,5,500,2,20,999,999,999,1,1,1,1e-4,0.001,0.5,1e-5,5
55,0,background,84.8,64.31059501807573,EIG,0,5,500,2,20,999,999,999,1,1,1,1e-4,0.001,0.5,1e-5,5
55,0,background,55.45,32.93130809171689,EIG,0,5,500,2,20,999,999,999,1,1,1,1e-4,0.001,0.5,1e-5,5
55,0,background,53.35,36.619343464751985,EIG,0,5,500,2,20,999,999,999,1,1,1,1e-4,0.001,0.5,1e-5,5
55,0,background,56.9,65.34757274113473,EIG,0,5,500,2,20,999,999,999,1,1,1,1e-4,0.001,0.5,1e-5,5
55,0,background,48.05,37.72542769455162,EIG,0,5,500,2,20,999,999,999,1,1,1,1e-4,0.001,0.5,1e-5,5
55,0,background,43,34.15136585077798,EIG,0,5,500,2,20,999,999,999,1,1,1,1e-4,0.001,0.5,1e-5,5
55,0,background,36.3,28.517953717097697,EIG,0,5,500,2,20,999,999,999,1,1,1,1e-4,0.001,0.5,1e-5,5
83,0,background,38.35,32.78201528759008,EIG,0,5,500,2,20,999,999,999,1,10,0.1,1e-4,0.001,1,1e-5,5
83,0,background,35.1,24.70648753497327,EIG,0,5,500,2,20,999,999,999,1,10,0.1,1e-4,0.001,1,1e-5,5
83,0,background,42.25,33.90058996536786,EIG,0,5,500,2,20,999,999,999,1,10,0.1,1e-4,0.001,1,1e-5,5
83,0,background,41.3,26.30209117161599,EIG,0,5,500,2,20,999,999,999,1,10,0.1,1e-4,0.001,1,1e-5,5
83,0,background,53.35,36.2146742575292,EIG,0,5,500,2,20,999,999,999,1,10,0.1,1e-4,0.001,1,1e-5,5
83,0,background,46.95,34.31353116560042,EIG,0,5,500,2,20,999,999,999,1,10,0.1,1e-4,0.001,1,1e-5,5
83,0,background,48.25,47.51163292455748,EIG,0,5,500,2,20,999,999,999,1,10,0.1,1e-4,0.001,1,1e-5,5
83,0,background,33.95,25.05252377243501,EIG,0,5,500,2,20,999,999,999,1,10,0.1,1e-4,0.001,1,1e-5,5
83,0,background,28.75,21.316845327975766,EIG,0,5,500,2,20,999,999,999,1,10,0.1,1e-4,0.001,1,1e-5,5
83,0,background,56,38,EIG,0,5,500,2,20,999,999,999,1,10,0.1,1e-4,0.001,1,1e-5,5
71,0,background,47.75,34.14192514536312,EIG,0,5,500,2,20,999,999,999,1,1,10,1e-4,0.001,1,1e-5,5
71,0,background,39.45,32.52929853467324,EIG,0,5,500,2,20,999,999,999,1,1,10,1e-4,0.001,1,1e-5,5
71,0,background,57.45,32.096031891152755,EIG,0,5,500,2,20,999,999,999,1,1,10,1e-4,0.001,1,1e-5,5
71,0,background,54.4,31.255146944564437,EIG,0,5,500,2,20,999,999,999,1,1,10,1e-4,0.001,1,1e-5,5
71,0,background,43.85,22.997196625492837,EIG,0,5,500,2,20,999,999,999,1,1,10,1e-4,0.001,1,1e-5,5
55,0,background,45.95,36.51888480455586,EIG,0,5,500,2,20,999,999,999,1,1,1,1e-4,0.001,0.5,1e-5,5
55,0,background,30.35,29.6351054272498,EIG,0,5,500,2,20,999,999,999,1,1,1,1e-4,0.001,0.5,1e-5,5
55,0,background,27.2,27.99924811020543,EIG,0,5,500,2,20,999,999,999,1,1,1,1e-4,0.001,0.5,1e-5,5
55,0,background,27.7,39.24430900746864,EIG,0,5,500,2,20,999,999,999,1,1,1,1e-4,0.001,0.5,1e-5,5
55,0,background,40.65,48.01674598238454,EIG,0,5,500,2,20,999,999,999,1,1,1,1e-4,0.001,0.5,1e-5,5
83,0,background,54.3,32.11181123905395,EIG,0,5,500,2,20,999,999,999,1,10,0.1,1e-4,0.001,1,1e-5,5
83,0,background,42.15,42.46270809719239,EIG,0,5,500,2,20,999,999,999,1,10,0.1,1e-4,0.001,1,1e-5,5
83,0,background,62,26.67543715421401,EIG,0,5,500,2,20,999,999,999,1,10,0.1,1e-4,0.001,1,1e-5,5
83,0,background,42.3,31.11286753604992,EIG,0,5,500,2,20,999,999,999,1,10,0.1,1e-4,0.001,1,1e-5,5
83,0,background,44.95,32.26285953326453,EIG,0,5,500,2,20,999,999,999,1,10,0.1,1e-4,0.001,1,1e-5,5
71,0,background,8.25,7.580272179532174,EIG,0,5,500,2,20,999,999,999,1,1,10,1e-4,0.001,1,1e-5,5
71,0,background,9.1,12.744038854138411,EIG,0,5,500,2,20,999,999,999,1,1,10,1e-4,0.001,1,1e-5,5
71,0,background,10.7,15.828355634912402,EIG,0,5,500,2,20,999,999,999,1,1,10,1e-4,0.001,1,1e-5,5
71,0,background,11.05,10.58536725862641,EIG,0,5,500,2,20,999,999,999,1,1,10,1e-4,0.001,1,1e-5,5
71,0,background,6.75,6.315186374713609,EIG,0,5,500,2,20,999,999,999,1,1,10,1e-4,0.001,1,1e-5,5
71,0,background,4.95,4.006245124802026,EIG,0,5,500,2,20,999,999,999,1,1,10,1e-4,0.001,1,1e-5,5
71,0,background,8.15,8.209590027586799,EIG,0,5,500,2,20,999,999,999,1,1,10,1e-4,0.001,1,1e-5,5
71,0,background,5.05,4.925497570376974,EIG,0,5,500,2,20,999,999,999,1,1,10,1e-4,0.001,1,1e-5,5
71,0,background,10.85,11.654116056253756,EIG,0,5,500,2,20,999,999,999,1,1,10,1e-4,0.001,1,1e-5,5
71,0,background,11.65,11.136828425023932,EIG,0,5,500,2,20,999,999,999,1,1,10,1e-4,0.001,1,1e-5,5
71,0,background,7.9,6.206109044617587,EIG,0,5,500,2,20,999,999,999,1,1,10,1e-4,0.001,1,1e-5,5
71,0,background,8.2,8.793538297492864,EIG,0,5,500,2,20,999,999,999,1,1,10,1e-4,0.001,1,1e-5,5
71,0,background,4.15,4.901933023657204,EIG,0,5,500,2,20,999,999,999,1,1,10,1e-4,0.001,1,1e-5,5
71,0,background,9.75,8.447204458156245,EIG,0,5,500,2,20,999,999,999,1,1,10,1e-4,0.001,1,1e-5,5
71,0,background,7.05,7.192649756961323,EIG,0,5,500,2,20,999,999,999,1,1,10,1e-4,0.001,1,1e-5,5
55,0,background,51.45,48.28149367593082,EIG,0,5,500,2,20,999,999,999,1,1,1,1e-4,0.001,0.5,1e-5,5
55,0,background,49.35,36.662435960071114,EIG,0,5,500,2,20,999,999,999,1,1,1,1e-4,0.001,0.5,1e-5,5
55,0,background,55.85,42.76653266035807,EIG,0,5,500,2,20,999,999,999,1,1,1,1e-4,0.001,0.5,1e-5,5
55,0,background,60.3,57.497917582428926,EIG,0,5,500,2,20,999,999,999,1,1,1,1e-4,0.001,0.5,1e-5,5
55,0,background,47.4,35.34849062511275,EIG,0,5,500,2,20,999,999,999,1,1,1,1e-4,0.001,0.5,1e-5,5
83,0,background,62.25,32.034315482323834,EIG,0,5,500,2,20,999,999,999,1,10,0.1,1e-4,0.001,1,1e-5,5
83,0,background,49.05,24.99152487923604,EIG,0,5,500,2,20,999,999,999,1,10,0.1,1e-4,0.001,1,1e-5,5
55,0,background,75.3,60.51193879592774,EIG,0,5,500,2,20,999,999,999,1,1,1,1e-4,0.001,0.5,1e-5,5
55,0,background,25.6,24.145174956587297,EIG,0,5,500,2,20,999,999,999,1,1,1,1e-4,0.001,0.5,1e-5,5
83,0,background,61.3,34.52855416364228,EIG,0,5,500,2,20,999,999,999,1,10,0.1,1e-4,0.001,1,1e-5,5
55,0,background,46.75,30.371168807552376,EIG,0,5,500,2,20,999,999,999,1,1,1,1e-4,0.001,0.5,1e-5,5
83,0,background,66.15,28.748043411682826,EIG,0,5,500,2,20,999,999,999,1,10,0.1,1e-4,0.001,1,1e-5,5
55,0,background,55.15,36.16668283611895,EIG,0,5,500,2,20,999,999,999,1,1,1,1e-4,0.001,0.5,1e-5,5
83,0,background,58.45,32.11406479869431,EIG,0,5,500,2,20,999,999,999,1,10,0.1,1e-4,0.001,1,1e-5,5
55,0,background,54.5,49.026845492519385,EIG,0,5,500,2,20,999,999,999,1,1,1,1e-4,0.001,0.5,1e-5,5
71,0,background,17.6,14.091430766697597,EIG,0,5,500,2,20,999,999,999,1,1,10,1e-4,0.001,1,1e-5,5
71,0,background,19.05,19.94591370893323,EIG,0,5,500,2,20,999,999,999,1,1,10,1e-4,0.001,1,1e-5,5
71,0,background,18.3,23.524007893393104,EIG,0,5,500,2,20,999,999,999,1,1,10,1e-4,0.001,1,1e-5,5
71,0,background,13.15,14.914757792200314,EIG,0,5,500,2,20,999,999,999,1,1,10,1e-4,0.001,1,1e-5,5
71,0,background,17.45,18.71524849730266,EIG,0,5,500,2,20,999,999,999,1,1,10,1e-4,0.001,1,1e-5,5
55,0,background,44.15,37.312725358571846,EIG,0,5,500,2,20,999,999,999,1,1,1,1e-4,0.001,0.5,1e-5,5
55,0,background,46.9,33.66069080193034,EIG,0,5,500,2,20,999,999,999,1,1,1,1e-4,0.001,0.5,1e-5,5
55,0,background,51.35,41.670733134899365,EIG,0,5,500,2,20,999,999,999,1,1,1,1e-4,0.001,0.5,1e-5,5
55,0,background,46.55,30.605254106891003,EIG,0,5,500,2,20,999,999,999,1,1,1,1e-4,0.001,0.5,1e-5,5
55,0,background,52.15,45.616565550593336,EIG,0,5,500,2,20,999,999,999,1,1,1,1e-4,0.001,0.5,1e-5,5
83,0,background,58.55,40.71657492574997,EIG,0,5,500,2,20,999,999,999,1,10,0.1,1e-4,0.001,1,1e-5,5
83,0,background,56.9,21.86537758288444,EIG,0,5,500,2,20,999,999,999,1,10,0.1,1e-4,0.001,1,1e-5,5
83,0,background,80.55,38.22437221955317,EIG,0,5,500,2,20,999,999,999,1,10,0.1,1e-4,0.001,1,1e-5,5
83,0,background,76,35.675437518063646,EIG,0,5,500,2,20,999,999,999,1,10,0.1,1e-4,0.001,1,1e-5,5
83,0,background,65.8,34.67381842558628,EIG,0,5,500,2,20,999,999,999,1,10,0.1,1e-4,0.001,1,1e-5,5
83,0,background,43.65,23.950112624721456,EIG,0,5,500,2,20,999,999,999,1,10,0.1,1e-4,0.001,1,1e-5,5
83,0,background,53.15,28.974171801432867,EIG,0,5,500,2,20,999,999,999,1,10,0.1,1e-4,0.001,1,1e-5,5
83,0,background,43.55,28.58868933502788,EIG,0,5,500,2,20,999,999,999,1,10,0.1,1e-4,0.001,1,1e-5,5
83,0,background,36.9,23.1787107402234,EIG,0,5,500,2,20,999,999,999,1,10,0.1,1e-4,0.001,1,1e-5,5
83,0,background,48.3,44.007296045805376,EIG,0,5,500,2,20,999,999,999,1,10,0.1,1e-4,0.001,1,1e-5,5
71,0,background,31.1,24.1985210509368,EIG,0,5,500,2,20,999,999,999,1,1,10,1e-4,0.001,1,1e-5,5
71,0,background,60.9,40.041951684912185,EIG,0,5,500,2,20,999,999,999,1,1,10,1e-4,0.001,1,1e-5,5
71,0,background,41.35,21.88312255213088,EIG,0,5,500,2,20,999,999,999,1,1,10,1e-4,0.001,1,1e-5,5
71,0,background,44.25,29.795575439811085,EIG,0,5,500,2,20,999,999,999,1,1,10,1e-4,0.001,1,1e-5,5
71,0,background,42.65,23.86425426404411,EIG,0,5,500,2,20,999,999,999,1,1,10,1e-4,0.001,1,1e-5,5
71,0,background,40.5,19.462514577623587,EIG,0,5,500,2,20,999,999,999,1,1,10,1e-4,0.001,1,1e-5,5
71,0,background,46.95,28.012168408521475,EIG,0,5,500,2,20,999,999,999,1,1,10,1e-4,0.001,1,1e-5,5
71,0,background,38.45,28.368765255210935,EIG,0,5,500,2,20,999,999,999,1,1,10,1e-4,0.001,1,1e-5,5
71,0,background,51.4,34.45118590885248,EIG,0,5,500,2,20,999,999,999,1,1,10,1e-4,0.001,1,1e-5,5
71,0,background,40.8,22.970461581412724,EIG,0,5,500,2,20,999,999,999,1,1,10,1e-4,0.001,1,1e-5,5
83,0,background,37.4,27.363825525105604,EIG,0,5,500,2,20,999,999,999,1,10,0.1,1e-4,0.001,1,1e-5,5
83,0,background,39.35,26.551390091471173,EIG,0,5,500,2,20,999,999,999,1,10,0.1,1e-4,0.001,1,1e-5,5
83,0,background,53.4,34.12423124254577,EIG,0,5,500,2,20,999,999,999,1,10,0.1,1e-4,0.001,1,1e-5,5
83,0,background,31.95,15.500339554854577,EIG,0,5,500,2,20,999,999,999,1,10,0.1,1e-4,0.001,1,1e-5,5
83,0,background,42.6,37.1389992212754,EIG,0,5,500,2,20,999,999,999,1,10,0.1,1e-4,0.001,1,1e-5,5
55,0,background,60.8,54.635249851316594,EIG,0,5,500,2,20,999,999,999,1,1,1,1e-4,0.001,0.5,1e-5,5
55,0,background,65.1,63.07130467720016,EIG,0,5,500,2,20,999,999,999,1,1,1,1e-4,0.001,0.5,1e-5,5
55,0,background,70.35,44.30192463444211,EIG,0,5,500,2,20,999,999,999,1,1,1,1e-4,0.001,0.5,1e-5,5
55,0,background,61.75,52.26035530727002,EIG,0,5,500,2,20,999,999,999,1,1,1,1e-4,0.001,0.5,1e-5,5
55,0,background,53.15,46.70881242222645,EIG,0,5,500,2,20,999,999,999,1,1,1,1e-4,0.001,0.5,1e-5,5
83,0,background,86.2,56.53559661143169,EIG,0,5,500,2,20,999,999,999,1,10,0.1,1e-4,0.001,1,1e-5,5
83,0,background,54.5,32.99202455458783,EIG,0,5,500,2,20,999,999,999,1,10,0.1,1e-4,0.001,1,1e-5,5
83,0,background,70.15,40.802831429100344,EIG,0,5,500,2,20,999,999,999,1,10,0.1,1e-4,0.001,1,1e-5,5
83,0,background,59.7,30.565029897442912,EIG,0,5,500,2,20,999,999,999,1,10,0.1,1e-4,0.001,1,1e-5,5
83,0,background,73.8,46.73959214289541,EIG,0,5,500,2,20,999,999,999,1,10,0.1,1e-4,0.001,1,1e-5,5
83,0,background,71.7,31.197334569006472,EIG,0,5,500,2,20,999,999,999,1,10,0.1,1e-4,0.001,1,1e-5,5
83,0,background,78.55,33.159066395339394,EIG,0,5,500,2,20,999,999,999,1,10,0.1,1e-4,0.001,1,1e-5,5
83,0,background,57.75,30.19563405178758,EIG,0,5,500,2,20,999,999,999,1,10,0.1,1e-4,0.001,1,1e-5,5
83,0,background,63.25,42.14120998437715,EIG,0,5,500,2,20,999,999,999,1,10,0.1,1e-4,0.001,1,1e-5,5
83,0,background,64.6,38.9755658950849,EIG,0,5,500,2,20,999,999,999,1,10,0.1,1e-4,0.001,1,1e-5,5
55,0,background,31.1,28.395514842275617,EIG,0,5,500,2,20,999,999,999,1,1,1,1e-4,0.001,0.5,1e-5,5
55,0,background,31.35,35.59017457551718,EIG,0,5,500,2,20,999,999,999,1,1,1,1e-4,0.001,0.5,1e-5,5
55,0,background,41.5,41.97430291575023,EIG,0,5,500,2,20,999,999,999,1,1,1,1e-4,0.001,0.5,1e-5,5
55,0,background,48,39.01821437010641,EIG,0,5,500,2,20,999,999,999,1,1,1,1e-4,0.001,0.5,1e-5,5
55,0,background,30.35,21.643705782513308,EIG,0,5,500,2,20,999,999,999,1,1,1,1e-4,0.001,0.5,1e-5,5
55,0,background,36,23.969278583000232,EIG,0,5,500,2,20,999,999,999,1,1,1,1e-4,0.001,0.5,1e-5,5
55,0,background,39.6,41.35010978156368,EIG,0,5,500,2,20,999,999,999,1,1,1,1e-4,0.001,0.5,1e-5,5
55,0,background,20.9,16.254230218623086,EIG,0,5,500,2,20,999,999,999,1,1,1,1e-4,0.001,0.5,1e-5,5
55,0,background,27.4,24.949211568599452,EIG,0,5,500,2,20,999,999,999,1,1,1,1e-4,0.001,0.5,1e-5,5
55,0,background,38.8,40.2787654648007,EIG,0,5,500,2,20,999,999,999,1,1,1,1e-4,0.001,0.5,1e-5,5
83,0,background,32.7,31.661199897467064,EIG,0,5,500,2,20,999,999,999,1,10,0.1,1e-4,0.001,1,1e-5,5
83,0,background,46.5,40.81988679424205,EIG,0,5,500,2,20,999,999,999,1,10,0.1,1e-4,0.001,1,1e-5,5
83,0,background,39.6,30.92333474221283,EIG,0,5,500,2,20,999,999,999,1,10,0.1,1e-4,0.001,1,1e-5,5
83,0,background,37.9,23.14917299875561,EIG,0,5,500,2,20,999,999,999,1,10,0.1,1e-4,0.001,1,1e-5,5
83,0,background,39.1,25.833271080853116,EIG,0,5,500,2,20,999,999,999,1,10,0.1,1e-4,0.001,1,1e-5,5
71,0,background,50.35,31.68807678806519,EIG,0,5,500,2,20,999,999,999,1,1,10,1e-4,0.001,1,1e-5,5
71,0,background,55.7,31.419236481057773,EIG,0,5,500,2,20,999,999,999,1,1,10,1e-4,0.001,1,1e-5,5
71,0,background,37.3,33.32787674636733,EIG,0,5,500,2,20,999,999,999,1,1,10,1e-4,0.001,1,1e-5,5
71,0,background,32.35,28.039962084214924,EIG,0,5,500,2,20,999,999,999,1,1,10,1e-4,0.001,1,1e-5,5
71,0,background,37,24.857488546554844,EIG,0,5,500,2,20,999,999,999,1,1,10,1e-4,0.001,1,1e-5,5
55,0,background,42.65,23.989635920099897,EIG,0,5,500,2,20,999,999,999,1,1,1,1e-4,0.001,0.5,1e-5,5
55,0,background,35.75,26.5664509445555,EIG,0,5,500,2,20,999,999,999,1,1,1,1e-4,0.001,0.5,1e-5,5
55,0,background,26.9,17.326280616450838,EIG,0,5,500,2,20,999,999,999,1,1,1,1e-4,0.001,0.5,1e-5,5
55,0,background,43.7,49.91371502271116,EIG,0,5,500,2,20,999,999,999,1,1,1,1e-4,0.001,0.5,1e-5,5
55,0,background,59.35,48.185251073877694,EIG,0,5,500,2,20,999,999,999,1,1,1,1e-4,0.001,0.5,1e-5,5
71,0,identity,44.65,28.062477288702564,EIG,0,5,500,2,20,999,999,999,1,1,10,1e-4,0.001,1,1e-5,5
71,0,identity,49.9,46.8422885862764,EIG,0,5,500,2,20,999,999,999,1,1,10,1e-4,0.001,1,1e-5,5
71,0,identity,38.45,30.557064821843017,EIG,0,5,500,2,20,999,999,999,1,1,10,1e-4,0.001,1,1e-5,5
71,0,identity,43.4,26.308693780213655,EIG,0,5,500,2,20,999,999,999,1,1,10,1e-4,0.001,1,1e-5,5
71,0,identity,40.5,22.265148598319826,EIG,0,5,500,2,20,999,999,999,1,1,10,1e-4,0.001,1,1e-5,5
83,0,identity,40.5,35.97147993092656,EIG,0,5,500,2,20,999,999,999,1,10,0.1,1e-4,0.001,1,1e-5,5
83,0,identity,38.9,25.48043625173924,EIG,0,5,500,2,20,999,999,999,1,10,0.1,1e-4,0.001,1,1e-5,5
83,0,identity,34.35,27.953485800898832,EIG,0,5,500,2,20,999,999,999,1,10,0.1,1e-4,0.001,1,1e-5,5
83,0,identity,55.85,37.11188630699278,EIG,0,5,500,2,20,999,999,999,1,10,0.1,1e-4,0.001,1,1e-5,5
83,0,identity,52.75,36.240243696171454,EIG,0,5,500,2,20,999,999,999,1,10,0.1,1e-4,0.001,1,1e-5,5
83,0,identity,40.55,33.59742314680195,EIG,0,5,500,2,20,999,999,999,1,10,0.1,1e-4,0.001,1,1e-5,5
83,0,identity,60.5,38.32066915139304,EIG,0,5,500,2,20,999,999,999,1,10,0.1,1e-4,0.001,1,1e-5,5
83,0,identity,46.55,35.23078050138603,EIG,0,5,500,2,20,999,999,999,1,10,0.1,1e-4,0.001,1,1e-5,5
83,0,identity,45.7,31.35215933132584,EIG,0,5,500,2,20,999,999,999,1,10,0.1,1e-4,0.001,1,1e-5,5
83,0,identity,44.65,40.425727868329226,EIG,0,5,500,2,20,999,999,999,1,10,0.1,1e-4,0.001,1,1e-5,5
71,0,identity,54.95,38.748140872210016,EIG,0,5,500,2,20,999,999,999,1,1,10,1e-4,0.001,1,1e-5,5
71,0,identity,46.95,34.088854483540516,EIG,0,5,500,2,20,999,999,999,1,1,10,1e-4,0.001,1,1e-5,5
55,0,identity,33.7,36.40575431670688,EIG,0,5,500,2,20,999,999,999,1,1,1,1e-4,0.001,0.5,1e-5,5
71,0,identity,50.2,31.309322640557497,EIG,0,5,500,2,20,999,999,999,1,1,10,1e-4,0.001,1,1e-5,5
71,0,identity,41.4,33.64739764708487,EIG,0,5,500,2,20,999,999,999,1,1,10,1e-4,0.001,1,1e-5,5
55,0,identity,49,39.39943894871707,EIG,0,5,500,2,20,999,999,999,1,1,1,1e-4,0.001,0.5,1e-5,5
55,0,identity,28.9,29.760270230804796,EIG,0,5,500,2,20,999,999,999,1,1,1,1e-4,0.001,0.5,1e-5,5
71,0,identity,45.25,34.0400306141244,EIG,0,5,500,2,20,999,999,999,1,1,10,1e-4,0.001,1,1e-5,5
55,0,identity,40.85,38.46567164026701,EIG,0,5,500,2,20,999,999,999,1,1,1,1e-4,0.001,0.5,1e-5,5
55,0,identity,33.05,21.24413231682426,EIG,0,5,500,2,20,999,999,999,1,1,1,1e-4,0.001,0.5,1e-5,5
55,0,identity,35.95,27.385118894065535,EIG,0,5,500,2,20,999,999,999,1,1,1,1e-4,0.001,0.5,1e-5,5
55,0,identity,41.1,42.76484045272902,EIG,0,5,500,2,20,999,999,999,1,1,1,1e-4,0.001,0.5,1e-5,5
55,0,identity,37.5,47.02239108294999,EIG,0,5,500,2,20,999,999,999,1,1,1,1e-4,0.001,0.5,1e-5,5
55,0,identity,44.05,40.08080653669009,EIG,0,5,500,2,20,999,999,999,1,1,1,1e-4,0.001,0.5,1e-5,5
55,0,identity,56.75,47.04519104010526,EIG,0,5,500,2,20,999,999,999,1,1,1,1e-4,0.001,0.5,1e-5,5
83,0,identity,68.3,39.45430401443115,EIG,0,5,500,2,20,999,999,999,1,10,0.1,1e-4,0.001,1,1e-5,5
83,0,identity,47.05,17.56933632632059,EIG,0,5,500,2,20,999,999,999,1,10,0.1,1e-4,0.001,1,1e-5,5
83,0,identity,56.35,30.20330236388416,EIG,0,5,500,2,20,999,999,999,1,10,0.1,1e-4,0.001,1,1e-5,5
83,0,identity,67.2,33.45161470416323,EIG,0,5,500,2,20,999,999,999,1,10,0.1,1e-4,0.001,1,1e-5,5
83,0,identity,56.95,30.643063952892383,EIG,0,5,500,2,20,999,999,999,1,10,0.1,1e-4,0.001,1,1e-5,5
55,0,identity,45.5,31.6452374399621,EIG,0,5,500,2,20,999,999,999,1,1,1,1e-4,0.001,0.5,1e-5,5
55,0,identity,55.5,57.01661807615483,EIG,0,5,500,2,20,999,999,999,1,1,1,1e-4,0.001,0.5,1e-5,5
83,0,identity,65.25,45.057711531113654,EIG,0,5,500,2,20,999,999,999,1,10,0.1,1e-4,0.001,1,1e-5,5
55,0,identity,68.25,48.10501122817828,EIG,0,5,500,2,20,999,999,999,1,1,1,1e-4,0.001,0.5,1e-5,5
55,0,identity,49.45,38.02142747673239,EIG,0,5,500,2,20,999,999,999,1,1,1,1e-4,0.001,0.5,1e-5,5
83,0,identity,64.6,34.95320179596533,EIG,0,5,500,2,20,999,999,999,1,10,0.1,1e-4,0.001,1,1e-5,5
83,0,identity,58.2,28.359719395835462,EIG,0,5,500,2,20,999,999,999,1,10,0.1,1e-4,0.001,1,1e-5,5
55,0,identity,70.6,60.90752265352346,EIG,0,5,500,2,20,999,999,999,1,1,1,1e-4,0.001,0.5,1e-5,5
83,0,identity,64.75,37.791498626292295,EIG,0,5,500,2,20,999,999,999,1,10,0.1,1e-4,0.001,1,1e-5,5
83,0,identity,71.8,34.19233524452058,EIG,0,5,500,2,20,999,999,999,1,10,0.1,1e-4,0.001,1,1e-5,5
55,0,identity,60.95,47.04250597513968,EIG,0,5,500,2,20,999,999,999,1,1,1,1e-4,0.001,0.5,1e-5,5
55,0,identity,48.1,32.96074219910392,EIG,0,5,500,2,20,999,999,999,1,1,1,1e-4,0.001,0.5,1e-5,5
55,0,identity,42.45,32.56810677560746,EIG,0,5,500,2,20,999,999,999,1,1,1,1e-4,0.001,0.5,1e-5,5
55,0,identity,54.55,40.03613499406703,EIG,0,5,500,2,20,999,999,999,1,1,1,1e-4,0.001,0.5,1e-5,5
55,0,identity,60.65,48.85345971695136,EIG,0,5,500,2,20,999,999,999,1,1,1,1e-4,0.001,0.5,1e-5,5
83,0,identity,52.85,29.55863931060997,EIG,0,5,500,2,20,999,999,999,1,10,0.1,1e-4,0.001,1,1e-5,5
83,0,identity,52.3,33.077421143034776,EIG,0,5,500,2,20,999,999,999,1,10,0.1,1e-4,0.001,1,1e-5,5
83,0,identity,46.95,38.408435202919186,EIG,0,5,500,2,20,999,999,999,1,10,0.1,1e-4,0.001,1,1e-5,5
83,0,identity,54.5,28.870855820177443,EIG,0,5,500,2,20,999,999,999,1,10,0.1,1e-4,0.001,1,1e-5,5
83,0,identity,42.55,26.35681276154931,EIG,0,5,500,2,20,999,999,999,1,10,0.1,1e-4,0.001,1,1e-5,5
55,0,identity,56.8,44.36404423688886,EIG,0,5,500,2,20,999,999,999,1,1,1,1e-4,0.001,0.5,1e-5,5
55,0,identity,47.75,52.25330510825935,EIG,0,5,500,2,20,999,999,999,1,1,1,1e-4,0.001,0.5,1e-5,5
55,0,identity,56.55,50.6509988471158,EIG,0,5,500,2,20,999,999,999,1,1,1,1e-4,0.001,0.5,1e-5,5
55,0,identity,55.25,59.0003345217992,EIG,0,5,500,2,20,999,999,999,1,1,1,1e-4,0.001,0.5,1e-5,5
71,0,identity,56.55,44.15937046652726,EIG,0,5,500,2,20,999,999,999,1,1,10,1e-4,0.001,1,1e-5,5
55,0,identity,57.55,55.1051387421307,EIG,0,5,500,2,20,999,999,999,1,1,1,1e-4,0.001,0.5,1e-5,5
71,0,identity,62.4,27.957486522067377,EIG,0,5,500,2,20,999,999,999,1,1,10,1e-4,0.001,1,1e-5,5
71,0,identity,56.2,31.568805388931185,EIG,0,5,500,2,20,999,999,999,1,1,10,1e-4,0.001,1,1e-5,5
71,0,identity,56.95,29.394727418365356,EIG,0,5,500,2,20,999,999,999,1,1,10,1e-4,0.001,1,1e-5,5
71,0,identity,43.9,24.704357169493296,EIG,0,5,500,2,20,999,999,999,1,1,10,1e-4,0.001,1,1e-5,5
55,0,identity,40.1,31.435648553831363,EIG,0,5,500,2,20,999,999,999,1,1,1,1e-4,0.001,0.5,1e-5,5
55,0,identity,62.75,50.72928667264886,EIG,0,5,500,2,20,999,999,999,1,1,1,1e-4,0.001,0.5,1e-5,5
55,0,identity,58.3,78.74415600705336,EIG,0,5,500,2,20,999,999,999,1,1,1,1e-4,0.001,0.5,1e-5,5
55,0,identity,35.75,28.980710463123025,EIG,0,5,500,2,20,999,999,999,1,1,1,1e-4,0.001,0.5,1e-5,5
55,0,identity,80.7,90.87185888294628,EIG,0,5,500,2,20,999,999,999,1,1,1,1e-4,0.001,0.5,1e-5,5
55,0,identity,59.05,64.4167966000369,EIG,0,5,500,2,20,999,999,999,1,1,1,1e-4,0.001,0.5,1e-5,5
55,0,identity,70.7,67.2771956359031,EIG,0,5,500,2,20,999,999,999,1,1,1,1e-4,0.001,0.5,1e-5,5
55,0,identity,47.7,38.13425038769713,EIG,0,5,500,2,20,999,999,999,1,1,1,1e-4,0.001,0.5,1e-5,5
55,0,identity,58.4,46.41619499587118,EIG,0,5,500,2,20,999,999,999,1,1,1,1e-4,0.001,0.5,1e-5,5
55,0,identity,57.9,45.663413893631,EIG,0,5,500,2,20,999,999,999,1,1,1,1e-4,0.001,0.5,1e-5,5
83,0,identity,64.3,36.902574435938746,EIG,0,5,500,2,20,999,999,999,1,10,0.1,1e-4,0.001,1,1e-5,5
83,0,identity,63.1,34.531297779200095,EIG,0,5,500,2,20,999,999,999,1,10,0.1,1e-4,0.001,1,1e-5,5
83,0,identity,49.15,37.56856888971222,EIG,0,5,500,2,20,999,999,999,1,10,0.1,1e-4,0.001,1,1e-5,5
83,0,identity,38.8,28.201530380273223,EIG,0,5,500,2,20,999,999,999,1,10,0.1,1e-4,0.001,1,1e-5,5
83,0,identity,51.55,51.024736003339854,EIG,0,5,500,2,20,999,999,999,1,10,0.1,1e-4,0.001,1,1e-5,5
83,0,identity,47.95,36.12037622931644,EIG,0,5,500,2,20,999,999,999,1,10,0.1,1e-4,0.001,1,1e-5,5
83,0,identity,34.45,28.14525294179988,EIG,0,5,500,2,20,999,999,999,1,10,0.1,1e-4,0.001,1,1e-5,5
83,0,identity,52.65,34.65814250800616,EIG,0,5,500,2,20,999,999,999,1,10,0.1,1e-4,0.001,1,1e-5,5
83,0,identity,51.65,38.64994723221018,EIG,0,5,500,2,20,999,999,999,1,10,0.1,1e-4,0.001,1,1e-5,5
83,0,identity,40.5,22.091913262072783,EIG,0,5,500,2,20,999,999,999,1,10,0.1,1e-4,0.001,1,1e-5,5
83,0,identity,44.1,28.22634081473321,EIG,0,5,500,2,20,999,999,999,1,10,0.1,1e-4,0.001,1,1e-5,5
83,0,identity,50.15,35.97553993596497,EIG,0,5,500,2,20,999,999,999,1,10,0.1,1e-4,0.001,1,1e-5,5
55,0,identity,42.9,53.48772608837716,EIG,0,5,500,2,20,999,999,999,1,1,1,1e-4,0.001,0.5,1e-5,5
55,0,identity,44.8,35.39788872681236,EIG,0,5,500,2,20,999,999,999,1,1,1,1e-4,0.001,0.5,1e-5,5
83,0,identity,62.2,47.53126394944257,EIG,0,5,500,2,20,999,999,999,1,10,0.1,1e-4,0.001,1,1e-5,5
55,0,identity,54.2,50.0553377983334,EIG,0,5,500,2,20,999,999,999,1,1,1,1e-4,0.001,0.5,1e-5,5
83,0,identity,62.4,43.9849256474366,EIG,0,5,500,2,20,999,999,999,1,10,0.1,1e-4,0.001,1,1e-5,5
55,0,identity,28.75,28.66296895776298,EIG,0,5,500,2,20,999,999,999,1,1,1,1e-4,0.001,0.5,1e-5,5
55,0,identity,28.05,23.941760476975,EIG,0,5,500,2,20,999,999,999,1,1,1,1e-4,0.001,0.5,1e-5,5
83,0,identity,63.8,37.83009105822618,EIG,0,5,500,2,20,999,999,999,1,10,0.1,1e-4,0.001,1,1e-5,5
55,0,identity,94.25,68.69066817797626,EIG,0,5,500,2,20,999,999,999,1,1,1,1e-4,0.001,0.5,1e-5,5
55,0,identity,52.75,55.68792271976128,EIG,0,5,500,2,20,999,999,999,1,1,1,1e-4,0.001,0.5,1e-5,5
55,0,identity,64.8,55.88955273808475,EIG,0,5,500,2,20,999,999,999,1,1,1,1e-4,0.001,0.5,1e-5,5
55,0,identity,70.95,43.916757381976275,EIG,0,5,500,2,20,999,999,999,1,1,1,1e-4,0.001,0.5,1e-5,5
55,0,identity,65.05,44.54622082145335,EIG,0,5,500,2,20,999,999,999,1,1,1,1e-4,0.001,0.5,1e-5,5
71,0,identity,42.4,29.72753464028717,EIG,0,5,500,2,20,999,999,999,1,1,10,1e-4,0.001,1,1e-5,5
71,0,identity,34.15,22.9513788142169,EIG,0,5,500,2,20,999,999,999,1,1,10,1e-4,0.001,1,1e-5,5
71,0,identity,37.2,23.46688596388761,EIG,0,5,500,2,20,999,999,999,1,1,10,1e-4,0.001,1,1e-5,5
71,0,identity,42.7,23.700099933167056,EIG,0,5,500,2,20,999,999,999,1,1,10,1e-4,0.001,1,1e-5,5
71,0,identity,37.65,28.97417180143286,EIG,0,5,500,2,20,999,999,999,1,1,10,1e-4,0.001,1,1e-5,5
71,0,identity,36.2,29.84803616920039,EIG,0,5,500,2,20,999,999,999,1,1,10,1e-4,0.001,1,1e-5,5
71,0,identity,48.25,38.32942390438585,EIG,0,5,500,2,20,999,999,999,1,1,10,1e-4,0.001,1,1e-5,5
71,0,identity,44.9,29.929566441370664,EIG,0,5,500,2,20,999,999,999,1,1,10,1e-4,0.001,1,1e-5,5
71,0,identity,39.8,25.461219220817497,EIG,0,5,500,2,20,999,999,999,1,1,10,1e-4,0.001,1,1e-5,5
71,0,identity,53.2,43.21378922227682,EIG,0,5,500,2,20,999,999,999,1,1,10,1e-4,0.001,1,1e-5,5
71,0,identity,30.45,23.54944406540149,EIG,0,5,500,2,20,999,999,999,1,1,10,1e-4,0.001,1,1e-5,5
71,0,identity,49.85,23.254371405688097,EIG,0,5,500,2,20,999,999,999,1,1,10,1e-4,0.001,1,1e-5,5
71,0,identity,47.7,30.747015259508057,EIG,0,5,500,2,20,999,999,999,1,1,10,1e-4,0.001,1,1e-5,5
71,0,identity,52.15,32.153046839337506,EIG,0,5,500,2,20,999,999,999,1,1,10,1e-4,0.001,1,1e-5,5
71,0,identity,39.3,21.501774712555093,EIG,0,5,500,2,20,999,999,999,1,1,10,1e-4,0.001,1,1e-5,5
83,0,identity,44.9,29.413387571326304,EIG,0,5,500,2,20,999,999,999,1,10,0.1,1e-4,0.001,1,1e-5,5
83,0,identity,46.95,42.141959337958,EIG,0,5,500,2,20,999,999,999,1,10,0.1,1e-4,0.001,1,1e-5,5
83,0,identity,39.7,23.89472524924365,EIG,0,5,500,2,20,999,999,999,1,10,0.1,1e-4,0.001,1,1e-5,5
83,0,identity,42.15,27.597244332303216,EIG,0,5,500,2,20,999,999,999,1,10,0.1,1e-4,0.001,1,1e-5,5
83,0,identity,44.95,24.47227217205542,EIG,0,5,500,2,20,999,999,999,1,10,0.1,1e-4,0.001,1,1e-5,5
71,0,identity,50.15,40.32796469997098,EIG,0,5,500,2,20,999,999,999,1,1,10,1e-4,0.001,1,1e-5,5
71,0,identity,45.85,25.033188496789407,EIG,0,5,500,2,20,999,999,999,1,1,10,1e-4,0.001,1,1e-5,5
71,0,identity,46.1,31.32831240100138,EIG,0,5,500,2,20,999,999,999,1,1,10,1e-4,0.001,1,1e-5,5
71,0,identity,58.85,45.26794497329499,EIG,0,5,500,2,20,999,999,999,1,1,10,1e-4,0.001,1,1e-5,5
71,0,identity,48.2,28.17352247094872,EIG,0,5,500,2,20,999,999,999,1,1,10,1e-4,0.001,1,1e-5,5
71,0,identity,47.1,29.391907228458585,EIG,0,5,500,2,20,999,999,999,1,1,10,1e-4,0.001,1,1e-5,5
71,0,identity,51.45,33.11459369808836,EIG,0,5,500,2,20,999,999,999,1,1,10,1e-4,0.001,1,1e-5,5
71,0,identity,54.9,33.16926287996162,EIG,0,5,500,2,20,999,999,999,1,1,10,1e-4,0.001,1,1e-5,5
71,0,identity,55.2,31.90380277614171,EIG,0,5,500,2,20,999,999,999,1,1,10,1e-4,0.001,1,1e-5,5
71,0,identity,57,40.047340407125795,EIG,0,5,500,2,20,999,999,999,1,1,10,1e-4,0.001,1,1e-5,5
83,0,identity,75.55,42.28036124926585,EIG,0,5,500,2,20,999,999,999,1,10,0.1,1e-4,0.001,1,1e-5,5
83,0,identity,81.9,41.14275532568855,EIG,0,5,500,2,20,999,999,999,1,10,0.1,1e-4,0.001,1,1e-5,5
83,0,identity,62.8,41.5484498412459,EIG,0,5,500,2,20,999,999,999,1,10,0.1,1e-4,0.001,1,1e-5,5
83,0,identity,72.45,41.80968787254934,EIG,0,5,500,2,20,999,999,999,1,10,0.1,1e-4,0.001,1,1e-5,5
83,0,identity,65.6,43.10012822059325,EIG,0,5,500,2,20,999,999,999,1,10,0.1,1e-4,0.001,1,1e-5,5
71,0,identity,76.25,34.54192723115063,EIG,0,5,500,2,20,999,999,999,1,1,10,1e-4,0.001,1,1e-5,5
71,0,identity,76.95,31.16251966030583,EIG,0,5,500,2,20,999,999,999,1,1,10,1e-4,0.001,1,1e-5,5
71,0,identity,93.1,63.041256332658854,EIG,0,5,500,2,20,999,999,999,1,1,10,1e-4,0.001,1,1e-5,5
71,0,identity,59.3,38.513292305521304,EIG,0,5,500,2,20,999,999,999,1,1,10,1e-4,0.001,1,1e-5,5
71,0,identity,66.95,25.060925761032852,EIG,0,5,500,2,20,999,999,999,1,1,10,1e-4,0.001,1,1e-5,5
55,0,identity,44.8,37.109510768449695,EIG,0,5,500,2,20,999,999,999,1,1,1,1e-4,0.001,0.5,1e-5,5
55,0,identity,51.4,51.559265847535514,EIG,0,5,500,2,20,999,999,999,1,1,1,1e-4,0.001,0.5,1e-5,5
55,0,identity,38.7,26.318094635880424,EIG,0,5,500,2,20,999,999,999,1,1,1,1e-4,0.001,0.5,1e-5,5
55,0,identity,43.25,29.767299260483103,EIG,0,5,500,2,20,999,999,999,1,1,1,1e-4,0.001,0.5,1e-5,5
55,0,identity,59.8,57.68389358345506,EIG,0,5,500,2,20,999,999,999,1,1,1,1e-4,0.001,0.5,1e-5,5
55,0,identity,39.3,33.19178718963631,EIG,0,5,500,2,20,999,999,999,1,1,1,1e-4,0.001,0.5,1e-5,5
55,0,identity,57.5,42.61763904646452,EIG,0,5,500,2,20,999,999,999,1,1,1,1e-4,0.001,0.5,1e-5,5
55,0,identity,39.2,38.69666108267441,EIG,0,5,500,2,20,999,999,999,1,1,1,1e-4,0.001,0.5,1e-5,5
55,0,identity,33.9,34.75159973599095,EIG,0,5,500,2,20,999,999,999,1,1,1,1e-4,0.001,0.5,1e-5,5
55,0,identity,59,52.35707361851632,EIG,0,5,500,2,20,999,999,999,1,1,1,1e-4,0.001,0.5,1e-5,5
71,0,identity,64.95,35.8674093381663,EIG,0,5,500,2,20,999,999,999,1,1,10,1e-4,0.001,1,1e-5,5
71,0,identity,51.45,29.292490505247237,EIG,0,5,500,2,20,999,999,999,1,1,10,1e-4,0.001,1,1e-5,5
71,0,identity,86.65,38.59543878150425,EIG,0,5,500,2,20,999,999,999,1,1,10,1e-4,0.001,1,1e-5,5
71,0,identity,61.55,27.29656812822717,EIG,0,5,500,2,20,999,999,999,1,1,10,1e-4,0.001,1,1e-5,5
71,0,identity,59.3,26.179743073002474,EIG,0,5,500,2,20,999,999,999,1,1,10,1e-4,0.001,1,1e-5,5
71,0,identity,61.6,32.15488830808254,EIG,0,5,500,2,20,999,999,999,1,1,10,1e-4,0.001,1,1e-5,5
71,0,identity,42.55,22.588946994399485,EIG,0,5,500,2,20,999,999,999,1,1,10,1e-4,0.001,1,1e-5,5
71,0,identity,49.1,30.700420021128117,EIG,0,5,500,2,20,999,999,999,1,1,10,1e-4,0.001,1,1e-5,5
71,0,identity,46.95,22.72136717532177,EIG,0,5,500,2,20,999,999,999,1,1,10,1e-4,0.001,1,1e-5,5
71,0,identity,44.8,25.063288312841784,EIG,0,5,500,2,20,999,999,999,1,1,10,1e-4,0.001,1,1e-5,5
55,0,identity,42.85,36.40745296747559,EIG,0,5,500,2,20,999,999,999,1,1,1,1e-4,0.001,0.5,1e-5,5
55,0,identity,55.55,46.63573849809991,EIG,0,5,500,2,20,999,999,999,1,1,1,1e-4,0.001,0.5,1e-5,5
55,0,identity,54.5,58.605280882941095,EIG,0,5,500,2,20,999,999,999,1,1,1,1e-4,0.001,0.5,1e-5,5
55,0,identity,41.6,28.99618849725634,EIG,0,5,500,2,20,999,999,999,1,1,1,1e-4,0.001,0.5,1e-5,5
55,0,identity,52.1,53.35866722868041,EIG,0,5,500,2,20,999,999,999,1,1,1,1e-4,0.001,0.5,1e-5,5
83,0,identity,45.2,25.3597277089815,EIG,0,5,500,2,20,999,999,999,1,10,0.1,1e-4,0.001,1,1e-5,5
83,0,identity,57.5,31.68346738068859,EIG,0,5,500,2,20,999,999,999,1,10,0.1,1e-4,0.001,1,1e-5,5
83,0,identity,59.65,38.15932665189882,EIG,0,5,500,2,20,999,999,999,1,10,0.1,1e-4,0.001,1,1e-5,5
83,0,identity,46,28.22093288025006,EIG,0,5,500,2,20,999,999,999,1,10,0.1,1e-4,0.001,1,1e-5,5
83,0,identity,37.85,21.29807255919751,EIG,0,5,500,2,20,999,999,999,1,10,0.1,1e-4,0.001,1,1e-5,5
55,0,identity,29.15,43.52044286732869,EIG,0,5,500,2,20,999,999,999,1,1,1,1e-4,0.001,0.5,1e-5,5
55,0,identity,27.3,31.50288207366698,EIG,0,5,500,2,20,999,999,999,1,1,1,1e-4,0.001,0.5,1e-5,5
55,0,identity,42.6,36.384496409148895,EIG,0,5,500,2,20,999,999,999,1,1,1,1e-4,0.001,0.5,1e-5,5
55,0,identity,35.95,38.7902253015804,EIG,0,5,500,2,20,999,999,999,1,1,1,1e-4,0.001,0.5,1e-5,5
55,0,identity,49.35,58.3287191157513,EIG,0,5,500,2,20,999,999,999,1,1,1,1e-4,0.001,0.5,1e-5,5
71,0,identity,57.95,26.7433710428742,EIG,0,5,500,2,20,999,999,999,1,1,10,1e-4,0.001,1,1e-5,5
71,0,identity,79.25,35.448814099383235,EIG,0,5,500,2,20,999,999,999,1,1,10,1e-4,0.001,1,1e-5,5
71,0,identity,68.25,32.8439291834964,EIG,0,5,500,2,20,999,999,999,1,1,10,1e-4,0.001,1,1e-5,5
71,0,identity,66.55,24.467970470543083,EIG,0,5,500,2,20,999,999,999,1,1,10,1e-4,0.001,1,1e-5,5
71,0,identity,71.3,39.49297072698008,EIG,0,5,500,2,20,999,999,999,1,1,10,1e-4,0.001,1,1e-5,5
71,0,identity,69.6,31.155636475773154,EIG,0,5,500,2,20,999,999,999,1,1,10,1e-4,0.001,1,1e-5,5
71,0,identity,65.55,34.755499375524806,EIG,0,5,500,2,20,999,999,999,1,1,10,1e-4,0.001,1,1e-5,5
71,0,identity,84.1,41.1644967110456,EIG,0,5,500,2,20,999,999,999,1,1,10,1e-4,0.001,1,1e-5,5
71,0,identity,67.6,28.938046345871197,EIG,0,5,500,2,20,999,999,999,1,1,10,1e-4,0.001,1,1e-5,5
71,0,identity,70.05,31.526889108221656,EIG,0,5,500,2,20,999,999,999,1,1,10,1e-4,0.001,1,1e-5,5
71,0,identity,55.45,22.542299420376235,EIG,0,5,500,2,20,999,999,999,1,1,10,1e-4,0.001,1,1e-5,5
71,0,identity,89,39.6019669899575,EIG,0,5,500,2,20,999,999,999,1,1,10,1e-4,0.001,1,1e-5,5
71,0,identity,71.25,36.69486555220958,EIG,0,5,500,2,20,999,999,999,1,1,10,1e-4,0.001,1,1e-5,5
71,0,identity,69.55,32.24490983901669,EIG,0,5,500,2,20,999,999,999,1,1,10,1e-4,0.001,1,1e-5,5
71,0,identity,65.5,23.674325422502037,EIG,0,5,500,2,20,999,999,999,1,1,10,1e-4,0.001,1,1e-5,5
83,0,identity,48.75,34.672717926650236,EIG,0,5,500,2,20,999,999,999,1,10,0.1,1e-4,0.001,1,1e-5,5
83,0,identity,38.15,29.281348473406283,EIG,0,5,500,2,20,999,999,999,1,10,0.1,1e-4,0.001,1,1e-5,5
83,0,identity,29.85,29.36929115858765,EIG,0,5,500,2,20,999,999,999,1,10,0.1,1e-4,0.001,1,1e-5,5
83,0,identity,45.05,32.00407046479853,EIG,0,5,500,2,20,999,999,999,1,10,0.1,1e-4,0.001,1,1e-5,5
83,0,identity,58.5,35.351617248794476,EIG,0,5,500,2,20,999,999,999,1,10,0.1,1e-4,0.001,1,1e-5,5
55,0,identity,30.2,38.99608617338547,EIG,0,5,500,2,20,999,999,999,1,1,1,1e-4,0.001,0.5,1e-5,5
55,0,identity,43.35,50.03501405594833,EIG,0,5,500,2,20,999,999,999,1,1,1,1e-4,0.001,0.5,1e-5,5
55,0,identity,21.1,20.60633525476034,EIG,0,5,500,2,20,999,999,999,1,1,1,1e-4,0.001,0.5,1e-5,5
55,0,identity,36.1,31.191935529961317,EIG,0,5,500,2,20,999,999,999,1,1,1,1e-4,0.001,0.5,1e-5,5
55,0,identity,26.7,26.887876352304996,EIG,0,5,500,2,20,999,999,999,1,1,1,1e-4,0.001,0.5,1e-5,5
55,0,identity,24.75,23.458530038750244,EIG,0,5,500,2,20,999,999,999,1,1,1,1e-4,0.001,0.5,1e-5,5
55,0,identity,26.9,30.73811280718725,EIG,0,5,500,2,20,999,999,999,1,1,1,1e-4,0.001,0.5,1e-5,5
55,0,identity,23.6,21.806324529220515,EIG,0,5,500,2,20,999,999,999,1,1,1,1e-4,0.001,0.5,1e-5,5
55,0,identity,32.55,26.33683632041671,EIG,0,5,500,2,20,999,999,999,1,1,1,1e-4,0.001,0.5,1e-5,5
55,0,identity,28.5,22.267512327674996,EIG,0,5,500,2,20,999,999,999,1,1,1,1e-4,0.001,0.5,1e-5,5
71,0,identity,58.2,34.967052161171736,EIG,0,5,500,2,20,999,999,999,1,1,10,1e-4,0.001,1,1e-5,5
71,0,identity,58.65,35.46721985454352,EIG,0,5,500,2,20,999,999,999,1,1,10,1e-4,0.001,1,1e-5,5
71,0,identity,64,34.08348882562223,EIG,0,5,500,2,20,999,999,999,1,1,10,1e-4,0.001,1,1e-5,5
71,0,identity,77.5,52.00556650367748,EIG,0,5,500,2,20,999,999,999,1,1,10,1e-4,0.001,1,1e-5,5
71,0,identity,55.85,27.36550844825615,EIG,0,5,500,2,20,999,999,999,1,1,10,1e-4,0.001,1,1e-5,5
83,0,identity,53.05,30.8553074850989,EIG,0,5,500,2,20,999,999,999,1,10,0.1,1e-4,0.001,1,1e-5,5
83,0,identity,55.6,35.06595289781213,EIG,0,5,500,2,20,999,999,999,1,10,0.1,1e-4,0.001,1,1e-5,5
83,0,identity,57.3,24.743101111857,EIG,0,5,500,2,20,999,999,999,1,10,0.1,1e-4,0.001,1,1e-5,5
83,0,identity,57.95,35.80131576529438,EIG,0,5,500,2,20,999,999,999,1,10,0.1,1e-4,0.001,1,1e-5,5
83,0,identity,51,30.880073629582245,EIG,0,5,500,2,20,999,999,999,1,10,0.1,1e-4,0.001,1,1e-5,5
55,0,identity,42,47.669917690631465,EIG,0,5,500,2,20,999,999,999,1,1,1,1e-4,0.001,0.5,1e-5,5
55,0,identity,60.3,42.31349168938163,EIG,0,5,500,2,20,999,999,999,1,1,1,1e-4,0.001,0.5,1e-5,5
55,0,identity,43.6,37.3255944359899,EIG,0,5,500,2,20,999,999,999,1,1,1,1e-4,0.001,0.5,1e-5,5
55,0,identity,58.95,46.72818939580824,EIG,0,5,500,2,20,999,999,999,1,1,1,1e-4,0.001,0.5,1e-5,5
55,0,identity,58.95,44.565120890669654,EIG,0,5,500,2,20,999,999,999,1,1,1,1e-4,0.001,0.5,1e-5,5
55,0,identity,17.8,18.28315301611093,EIG,0,5,500,2,20,999,999,999,1,1,1,1e-4,0.001,0.5,1e-5,5
55,0,identity,15.6,18.059550615146897,EIG,0,5,500,2,20,999,999,999,1,1,1,1e-4,0.001,0.5,1e-5,5
55,0,identity,20.65,23.349236435165565,EIG,0,5,500,2,20,999,999,999,1,1,1,1e-4,0.001,0.5,1e-5,5
55,0,identity,10.75,13.317479609817118,EIG,0,5,500,2,20,999,999,999,1,1,1,1e-4,0.001,0.5,1e-5,5
55,0,identity,7.65,7.435866140750376,EIG,0,5,500,2,20,999,999,999,1,1,1,1e-4,0.001,0.5,1e-5,5
83,0,identity,4.15,3.9639825800243926,EIG,0,5,500,2,20,999,999,999,1,10,0.1,1e-4,0.001,1,1e-5,5
83,0,identity,8.25,7.711065186846073,EIG,0,5,500,2,20,999,999,999,1,10,0.1,1e-4,0.001,1,1e-5,5
83,0,identity,9.6,9.970482752394163,EIG,0,5,500,2,20,999,999,999,1,10,0.1,1e-4,0.001,1,1e-5,5
83,0,identity,9.85,8.945889970730752,EIG,0,5,500,2,20,999,999,999,1,10,0.1,1e-4,0.001,1,1e-5,5
83,0,identity,7.85,6.251526129463782,EIG,0,5,500,2,20,999,999,999,1,10,0.1,1e-4,0.001,1,1e-5,5
71,0,identity,8.75,11.3595542907374,EIG,0,5,500,2,20,999,999,999,1,1,10,1e-4,0.001,1,1e-5,5
71,0,identity,7.6,6.524447950028537,EIG,0,5,500,2,20,999,999,999,1,1,10,1e-4,0.001,1,1e-5,5
71,0,identity,11.05,10.600273084863623,EIG,0,5,500,2,20,999,999,999,1,1,10,1e-4,0.001,1,1e-5,5
71,0,identity,7.15,7.492276725156097,EIG,0,5,500,2,20,999,999,999,1,1,10,1e-4,0.001,1,1e-5,5
71,0,identity,12.55,16.323941087604396,EIG,0,5,500,2,20,999,999,999,1,1,10,1e-4,0.001,1,1e-5,5
83,0,identity,6.15,3.688888008172938,EIG,0,5,500,2,20,999,999,999,1,10,0.1,1e-4,0.001,1,1e-5,5
83,0,identity,6.25,5.937171043518958,EIG,0,5,500,2,20,999,999,999,1,10,0.1,1e-4,0.001,1,1e-5,5
83,0,identity,10.95,12.0545907394128,EIG,0,5,500,2,20,999,999,999,1,10,0.1,1e-4,0.001,1,1e-5,5
83,0,identity,7.3,6.594255873585418,EIG,0,5,500,2,20,999,999,999,1,10,0.1,1e-4,0.001,1,1e-5,5
83,0,identity,6.85,4.715874646787224,EIG,0,5,500,2,20,999,999,999,1,10,0.1,1e-4,0.001,1,1e-5,5
71,0,identity,23.8,22.908513701242164,EIG,0,5,500,2,20,999,999,999,1,1,10,1e-4,0.001,1,1e-5,5
71,0,identity,15.4,12.65077488785402,EIG,0,5,500,2,20,999,999,999,1,1,10,1e-4,0.001,1,1e-5,5
71,0,identity,15.25,20.44730068403059,EIG,0,5,500,2,20,999,999,999,1,1,10,1e-4,0.001,1,1e-5,5
71,0,identity,26.95,34.061051997228375,EIG,0,5,500,2,20,999,999,999,1,1,10,1e-4,0.001,1,1e-5,5
71,0,identity,13.3,12.519878929967838,EIG,0,5,500,2,20,999,999,999,1,1,10,1e-4,0.001,1,1e-5,5
71,0,identity,16.5,18.46048411294272,EIG,0,5,500,2,20,999,999,999,1,1,10,1e-4,0.001,1,1e-5,5
71,0,identity,13.5,16.70644376155185,EIG,0,5,500,2,20,999,999,999,1,1,10,1e-4,0.001,1,1e-5,5
71,0,identity,7.6,9.455713950611528,EIG,0,5,500,2,20,999,999,999,1,1,10,1e-4,0.001,1,1e-5,5
71,0,identity,17.4,19.467651981793043,EIG,0,5,500,2,20,999,999,999,1,1,10,1e-4,0.001,1,1e-5,5
71,0,identity,17.25,16.571614919875238,EIG,0,5,500,2,20,999,999,999,1,1,10,1e-4,0.001,1,1e-5,5
55,0,identity,20.5,25.02735345682063,EIG,0,5,500,2,20,999,999,999,1,1,1,1e-4,0.001,0.5,1e-5,5
55,0,identity,19.35,24.153620192862448,EIG,0,5,500,2,20,999,999,999,1,1,1,1e-4,0.001,0.5,1e-5,5
55,0,identity,24.65,27.428903310962053,EIG,0,5,500,2,20,999,999,999,1,1,1,1e-4,0.001,0.5,1e-5,5
55,0,identity,32.85,39.62624728237851,EIG,0,5,500,2,20,999,999,999,1,1,1,1e-4,0.001,0.5,1e-5,5
55,0,identity,17.3,13.143339317732485,EIG,0,5,500,2,20,999,999,999,1,1,1,1e-4,0.001,0.5,1e-5,5
83,0,identity,50.7,29.38331069448133,EIG,0,5,500,2,20,999,999,999,1,10,0.1,1e-4,0.001,1,1e-5,5
83,0,identity,31.2,22.07308434794691,EIG,0,5,500,2,20,999,999,999,1,10,0.1,1e-4,0.001,1,1e-5,5
83,0,identity,33.2,19.53835633877765,EIG,0,5,500,2,20,999,999,999,1,10,0.1,1e-4,0.001,1,1e-5,5
83,0,identity,46.1,31.178433842034227,EIG,0,5,500,2,20,999,999,999,1,10,0.1,1e-4,0.001,1,1e-5,5
83,0,identity,39.6,24.65637528318514,EIG,0,5,500,2,20,999,999,999,1,10,0.1,1e-4,0.001,1,1e-5,5
71,0,identity,42.25,23.087647642932584,EIG,0,5,500,2,20,999,999,999,1,1,10,1e-4,0.001,1,1e-5,5
71,0,identity,51.05,31.404785086285653,EIG,0,5,500,2,20,999,999,999,1,1,10,1e-4,0.001,1,1e-5,5
71,0,identity,57,36.61032353686162,EIG,0,5,500,2,20,999,999,999,1,1,10,1e-4,0.001,1,1e-5,5
71,0,identity,37.2,23.12801900634585,EIG,0,5,500,2,20,999,999,999,1,1,10,1e-4,0.001,1,1e-5,5
71,0,identity,45.6,36.814470839031415,EIG,0,5,500,2,20,999,999,999,1,1,10,1e-4,0.001,1,1e-5,5
83,0,identity,55.7,30.546082529429807,EIG,0,5,500,2,20,999,999,999,1,10,0.1,1e-4,0.001,1,1e-5,5
83,0,identity,37.75,21.095958705027144,EIG,0,5,500,2,20,999,999,999,1,10,0.1,1e-4,0.001,1,1e-5,5
83,0,identity,38.25,22.747758709723243,EIG,0,5,500,2,20,999,999,999,1,10,0.1,1e-4,0.001,1,1e-5,5
83,0,identity,46.55,41.57741669401033,EIG,0,5,500,2,20,999,999,999,1,10,0.1,1e-4,0.001,1,1e-5,5
83,0,identity,36.8,21.90794136236543,EIG,0,5,500,2,20,999,999,999,1,10,0.1,1e-4,0.001,1,1e-5,5
83,0,identity,74.8,44.03300197758375,EIG,0,5,500,2,20,999,999,999,1,10,0.1,1e-4,0.001,1,1e-5,5
83,0,identity,76.1,44.838775512648475,EIG,0,5,500,2,20,999,999,999,1,10,0.1,1e-4,0.001,1,1e-5,5
83,0,identity,88.05,42.61390309326412,EIG,0,5,500,2,20,999,999,999,1,10,0.1,1e-4,0.001,1,1e-5,5
83,0,identity,50.75,40.49675100678156,EIG,0,5,500,2,20,999,999,999,1,10,0.1,1e-4,0.001,1,1e-5,5
83,0,identity,70.55,46.10111883560676,EIG,0,5,500,2,20,999,999,999,1,10,0.1,1e-4,0.001,1,1e-5,5
55,0,identity,78.15,48.97934580810032,EIG,0,5,500,2,20,999,999,999,1,1,1,1e-4,0.001,0.5,1e-5,5
55,0,identity,53.95,62.513556424523664,EIG,0,5,500,2,20,999,999,999,1,1,1,1e-4,0.001,0.5,1e-5,5
55,0,identity,73.65,63.17584065214537,EIG,0,5,500,2,20,999,999,999,1,1,1,1e-4,0.001,0.5,1e-5,5
55,0,identity,52.3,32.44769069716592,EIG,0,5,500,2,20,999,999,999,1,1,1,1e-4,0.001,0.5,1e-5,5
55,0,identity,76.2,81.0598219640415,EIG,0,5,500,2,20,999,999,999,1,1,1,1e-4,0.001,0.5,1e-5,5
83,0,identity,81.45,47.29468090710903,EIG,0,5,500,2,20,999,999,999,1,10,0.1,1e-4,0.001,1,1e-5,5
83,0,identity,86.5,54.156206817336326,EIG,0,5,500,2,20,999,999,999,1,10,0.1,1e-4,0.001,1,1e-5,5
83,0,identity,90.1,54.55938338901453,EIG,0,5,500,2,20,999,999,999,1,10,0.1,1e-4,0.001,1,1e-5,5
83,0,identity,98.2,56.23596901029016,EIG,0,5,500,2,20,999,999,999,1,10,0.1,1e-4,0.001,1,1e-5,5
83,0,identity,79.5,55.287287965013405,EIG,0,5,500,2,20,999,999,999,1,10,0.1,1e-4,0.001,1,1e-5,5
71,0,identity,35.45,27.38704073097347,EIG,0,5,500,2,20,999,999,999,1,1,10,1e-4,0.001,1,1e-5,5
71,0,identity,49.6,39.24471134332692,EIG,0,5,500,2,20,999,999,999,1,1,10,1e-4,0.001,1,1e-5,5
71,0,identity,37.4,24.14081496901919,EIG,0,5,500,2,20,999,999,999,1,1,10,1e-4,0.001,1,1e-5,5
71,0,identity,40.6,35.65536794310072,EIG,0,5,500,2,20,999,999,999,1,1,10,1e-4,0.001,1,1e-5,5
71,0,identity,49.3,36.58458116402822,EIG,0,5,500,2,20,999,999,999,1,1,10,1e-4,0.001,1,1e-5,5
55,0,identity,28.9,29.82916269975443,EIG,0,5,500,2,20,999,999,999,1,1,1,1e-4,0.001,0.5,1e-5,5
55,0,identity,39.2,33.98699441659536,EIG,0,5,500,2,20,999,999,999,1,1,1,1e-4,0.001,0.5,1e-5,5
55,0,identity,21.45,18.49743936759612,EIG,0,5,500,2,20,999,999,999,1,1,1,1e-4,0.001,0.5,1e-5,5
83,0,identity,36.4,22.01530568060608,EIG,0,5,500,2,20,999,999,999,1,10,0.1,1e-4,0.001,1,1e-5,5
55,0,identity,34.4,33.57066388506802,EIG,0,5,500,2,20,999,999,999,1,1,1,1e-4,0.001,0.5,1e-5,5
83,0,identity,43.6,36.99416739234216,EIG,0,5,500,2,20,999,999,999,1,10,0.1,1e-4,0.001,1,1e-5,5
55,0,identity,48.55,44.40302858328946,EIG,0,5,500,2,20,999,999,999,1,1,1,1e-4,0.001,0.5,1e-5,5
83,0,identity,48.8,44.1511757011008,EIG,0,5,500,2,20,999,999,999,1,10,0.1,1e-4,0.001,1,1e-5,5
83,0,identity,32.25,14.93802988489798,EIG,0,5,500,2,20,999,999,999,1,10,0.1,1e-4,0.001,1,1e-5,5
83,0,identity,46.15,27.830832958391575,EIG,0,5,500,2,20,999,999,999,1,10,0.1,1e-4,0.001,1,1e-5,5
55,1,background,62.5,80.95060222135473,EIG,0,5,500,2,20,999,999,999,1,1,1,1e-4,0.001,0.5,1e-5,5
55,1,background,68.2,67.97491797482517,EIG,0,5,500,2,20,999,999,999,1,1,1,1e-4,0.001,0.5,1e-5,5
55,1,background,46.25,38.28270875308701,EIG,0,5,500,2,20,999,999,999,1,1,1,1e-4,0.001,0.5,1e-5,5
55,1,background,69.75,57.78715482836903,EIG,0,5,500,2,20,999,999,999,1,1,1,1e-4,0.001,0.5,1e-5,5
55,1,background,79.05,56.27421116377611,EIG,0,5,500,2,20,999,999,999,1,1,1,1e-4,0.001,0.5,1e-5,5
83,1,background,65.25,33.47092217999001,EIG,0,5,500,2,20,999,999,999,1,10,0.1,1e-4,0.001,1,1e-5,5
83,1,background,66.85,35.3229834229038,EIG,0,5,500,2,20,999,999,999,1,10,0.1,1e-4,0.001,1,1e-5,5
83,1,background,54.05,30.8518957875235,EIG,0,5,500,2,20,999,999,999,1,10,0.1,1e-4,0.001,1,1e-5,5
83,1,background,66.1,29.737270607066392,EIG,0,5,500,2,20,999,999,999,1,10,0.1,1e-4,0.001,1,1e-5,5
83,1,background,70.2,43.61144224554884,EIG,0,5,500,2,20,999,999,999,1,10,0.1,1e-4,0.001,1,1e-5,5
83,1,background,51.85,27.457670771762967,EIG,0,5,500,2,20,999,999,999,1,10,0.1,1e-4,0.001,1,1e-5,5
83,1,background,60.3,37.94747061815569,EIG,0,5,500,2,20,999,999,999,1,10,0.1,1e-4,0.001,1,1e-5,5
83,1,background,64.9,35.110202445862846,EIG,0,5,500,2,20,999,999,999,1,10,0.1,1e-4,0.001,1,1e-5,5
83,1,background,65.6,44.408865876320824,EIG,0,5,500,2,20,999,999,999,1,10,0.1,1e-4,0.001,1,1e-5,5
83,1,background,75.75,35.29108281585859,EIG,0,5,500,2,20,999,999,999,1,10,0.1,1e-4,0.001,1,1e-5,5
83,1,background,63.4,27.515354565080667,EIG,0,5,500,2,20,999,999,999,1,10,0.1,1e-4,0.001,1,1e-5,5
83,1,background,68.6,51.5929411736467,EIG,0,5,500,2,20,999,999,999,1,10,0.1,1e-4,0.001,1,1e-5,5
83,1,background,71.3,58.74395825596831,EIG,0,5,500,2,20,999,999,999,1,10,0.1,1e-4,0.001,1,1e-5,5
83,1,background,65.3,45.543617035009184,EIG,0,5,500,2,20,999,999,999,1,10,0.1,1e-4,0.001,1,1e-5,5
83,1,background,71.15,49.50520972053027,EIG,0,5,500,2,20,999,999,999,1,10,0.1,1e-4,0.001,1,1e-5,5
55,1,background,31.95,31.768032591535192,EIG,0,5,500,2,20,999,999,999,1,1,1,1e-4,0.001,0.5,1e-5,5
55,1,background,37.85,35.30658951467692,EIG,0,5,500,2,20,999,999,999,1,1,1,1e-4,0.001,0.5,1e-5,5
55,1,background,53.3,46.187375809960514,EIG,0,5,500,2,20,999,999,999,1,1,1,1e-4,0.001,0.5,1e-5,5
55,1,background,41.1,46.28618072725151,EIG,0,5,500,2,20,999,999,999,1,1,1,1e-4,0.001,0.5,1e-5,5
55,1,background,26.95,40.20274277105717,EIG,0,5,500,2,20,999,999,999,1,1,1,1e-4,0.001,0.5,1e-5,5
71,1,background,31.2,22.90391830417255,EIG,0,5,500,2,20,999,999,999,1,1,10,1e-4,0.001,1,1e-5,5
71,1,background,29,27.88887723957726,EIG,0,5,500,2,20,999,999,999,1,1,10,1e-4,0.001,1,1e-5,5
71,1,background,33.8,31.51540976461482,EIG,0,5,500,2,20,999,999,999,1,1,10,1e-4,0.001,1,1e-5,5
71,1,background,44.35,33.3849556410952,EIG,0,5,500,2,20,999,999,999,1,1,10,1e-4,0.001,1,1e-5,5
71,1,background,48.4,44.06144035679939,EIG,0,5,500,2,20,999,999,999,1,1,10,1e-4,0.001,1,1e-5,5
55,1,background,34.7,23.46352151969655,EIG,0,5,500,2,20,999,999,999,1,1,1,1e-4,0.001,0.5,1e-5,5
55,1,background,44.45,41.282690395803776,EIG,0,5,500,2,20,999,999,999,1,1,1,1e-4,0.001,0.5,1e-5,5
55,1,background,44.65,41.61512250435689,EIG,0,5,500,2,20,999,999,999,1,1,1,1e-4,0.001,0.5,1e-5,5
55,1,background,21,23.50139973434953,EIG,0,5,500,2,20,999,999,999,1,1,1,1e-4,0.001,0.5,1e-5,5
55,1,background,39.55,42.196875663838824,EIG,0,5,500,2,20,999,999,999,1,1,1,1e-4,0.001,0.5,1e-5,5
71,1,background,56.4,47.29904861622482,EIG,0,5,500,2,20,999,999,999,1,1,10,1e-4,0.001,1,1e-5,5
71,1,background,46.35,27.434659216323237,EIG,0,5,500,2,20,999,999,999,1,1,10,1e-4,0.001,1,1e-5,5
71,1,background,55.6,40.849402495147054,EIG,0,5,500,2,20,999,999,999,1,1,10,1e-4,0.001,1,1e-5,5
71,1,background,65.95,42.670678950601,EIG,0,5,500,2,20,999,999,999,1,1,10,1e-4,0.001,1,1e-5,5
71,1,background,70.85,45.89493149403434,EIG,0,5,500,2,20,999,999,999,1,1,10,1e-4,0.001,1,1e-5,5
71,1,background,70.5,44.98830257323622,EIG,0,5,500,2,20,999,999,999,1,1,10,1e-4,0.001,1,1e-5,5
71,1,background,48.85,33.4857000115446,EIG,0,5,500,2,20,999,999,999,1,1,10,1e-4,0.001,1,1e-5,5
71,1,background,51.5,33.13528886883367,EIG,0,5,500,2,20,999,999,999,1,1,10,1e-4,0.001,1,1e-5,5
71,1,background,52.5,49.1736985753456,EIG,0,5,500,2,20,999,999,999,1,1,10,1e-4,0.001,1,1e-5,5
71,1,background,59.5,35.00300738959139,EIG,0,5,500,2,20,999,999,999,1,1,10,1e-4,0.001,1,1e-5,5
55,1,background,62.8,41.3961605135447,EIG,0,5,500,2,20,999,999,999,1,1,1,1e-4,0.001,0.5,1e-5,5
71,1,background,48.4,25.0691674751025,EIG,0,5,500,2,20,999,999,999,1,1,10,1e-4,0.001,1,1e-5,5
55,1,background,55.75,37.20197363185539,EIG,0,5,500,2,20,999,999,999,1,1,1,1e-4,0.001,0.5,1e-5,5
71,1,background,51.55,34.16442440224688,EIG,0,5,500,2,20,999,999,999,1,1,10,1e-4,0.001,1,1e-5,5
71,1,background,52.15,23.3717665931399,EIG,0,5,500,2,20,999,999,999,1,1,10,1e-4,0.001,1,1e-5,5
55,1,background,69.65,39.99378241150677,EIG,0,5,500,2,20,999,999,999,1,1,1,1e-4,0.001,0.5,1e-5,5
71,1,background,71.55,46.258398952884335,EIG,0,5,500,2,20,999,999,999,1,1,10,1e-4,0.001,1,1e-5,5
55,1,background,57.85,60.847760846229995,EIG,0,5,500,2,20,999,999,999,1,1,1,1e-4,0.001,0.5,1e-5,5
71,1,background,46.95,25.45062298896268,EIG,0,5,500,2,20,999,999,999,1,1,10,1e-4,0.001,1,1e-5,5
55,1,background,58.2,47.07508000943532,EIG,0,5,500,2,20,999,999,999,1,1,1,1e-4,0.001,0.5,1e-5,5
55,1,background,63.3,52.880301774758,EIG,0,5,500,2,20,999,999,999,1,1,1,1e-4,0.001,0.5,1e-5,5
55,1,background,46.45,36.91023962904717,EIG,0,5,500,2,20,999,999,999,1,1,1,1e-4,0.001,0.5,1e-5,5
55,1,background,51.1,48.111602714828294,EIG,0,5,500,2,20,999,999,999,1,1,1,1e-4,0.001,0.5,1e-5,5
83,1,background,49.1,26.77960732387711,EIG,0,5,500,2,20,999,999,999,1,10,0.1,1e-4,0.001,1,1e-5,5
55,1,background,59.55,46.8856110796883,EIG,0,5,500,2,20,999,999,999,1,1,1,1e-4,0.001,0.5,1e-5,5
83,1,background,45.9,37.92777068947876,EIG,0,5,500,2,20,999,999,999,1,10,0.1,1e-4,0.001,1,1e-5,5
55,1,background,52.75,37.067328499707976,EIG,0,5,500,2,20,999,999,999,1,1,1,1e-4,0.001,0.5,1e-5,5
83,1,background,48.25,39.40461501157608,EIG,0,5,500,2,20,999,999,999,1,10,0.1,1e-4,0.001,1,1e-5,5
83,1,background,54.6,24.34921375581388,EIG,0,5,500,2,20,999,999,999,1,10,0.1,1e-4,0.001,1,1e-5,5
83,1,background,43.45,23.047947733732,EIG,0,5,500,2,20,999,999,999,1,10,0.1,1e-4,0.001,1,1e-5,5
55,1,background,45.95,67.46264073349666,EIG,0,5,500,2,20,999,999,999,1,1,1,1e-4,0.001,0.5,1e-5,5
55,1,background,45.1,43.93883308226994,EIG,0,5,500,2,20,999,999,999,1,1,1,1e-4,0.001,0.5,1e-5,5
55,1,background,50,63.948169802212725,EIG,0,5,500,2,20,999,999,999,1,1,1,1e-4,0.001,0.5,1e-5,5
55,1,background,63.5,65.04937396033554,EIG,0,5,500,2,20,999,999,999,1,1,1,1e-4,0.001,0.5,1e-5,5
55,1,background,72.95,59.458499458822,EIG,0,5,500,2,20,999,999,999,1,1,1,1e-4,0.001,0.5,1e-5,5
71,1,background,34.8,32.52950078087015,EIG,0,5,500,2,20,999,999,999,1,1,10,1e-4,0.001,1,1e-5,5
71,1,background,35.95,23.589638671068684,EIG,0,5,500,2,20,999,999,999,1,1,10,1e-4,0.001,1,1e-5,5
71,1,background,39.6,24.62219794370412,EIG,0,5,500,2,20,999,999,999,1,1,10,1e-4,0.001,1,1e-5,5
71,1,background,32.6,30.815922063627738,EIG,0,5,500,2,20,999,999,999,1,1,10,1e-4,0.001,1,1e-5,5
71,1,background,42.1,29.438428161700124,EIG,0,5,500,2,20,999,999,999,1,1,10,1e-4,0.001,1,1e-5,5
71,1,background,33.95,28.074103069517548,EIG,0,5,500,2,20,999,999,999,1,1,10,1e-4,0.001,1,1e-5,5
71,1,background,41.8,33.44217318549172,EIG,0,5,500,2,20,999,999,999,1,1,10,1e-4,0.001,1,1e-5,5
71,1,background,41.1,25.661562490886723,EIG,0,5,500,2,20,999,999,999,1,1,10,1e-4,0.001,1,1e-5,5
71,1,background,30.1,22.62718439585912,EIG,0,5,500,2,20,999,999,999,1,1,10,1e-4,0.001,1,1e-5,5
71,1,background,39.25,37.6100140640061,EIG,0,5,500,2,20,999,999,999,1,1,10,1e-4,0.001,1,1e-5,5
83,1,background,45.3,31.385715825750044,EIG,0,5,500,2,20,999,999,999,1,10,0.1,1e-4,0.001,1,1e-5,5
83,1,background,64.9,40.470782183277805,EIG,0,5,500,2,20,999,999,999,1,10,0.1,1e-4,0.001,1,1e-5,5
83,1,background,38.2,18.397940388160727,EIG,0,5,500,2,20,999,999,999,1,10,0.1,1e-4,0.001,1,1e-5,5
83,1,background,46.45,31.434936983520338,EIG,0,5,500,2,20,999,999,999,1,10,0.1,1e-4,0.001,1,1e-5,5
83,1,background,51.2,32.412797992216134,EIG,0,5,500,2,20,999,999,999,1,10,0.1,1e-4,0.001,1,1e-5,5
71,1,background,36.2,31.5554649533334,EIG,0,5,500,2,20,999,999,999,1,1,10,1e-4,0.001,1,1e-5,5
71,1,background,41.3,35.224244043287186,EIG,0,5,500,2,20,999,999,999,1,1,10,1e-4,0.001,1,1e-5,5
71,1,background,42.75,36.800850962701226,EIG,0,5,500,2,20,999,999,999,1,1,10,1e-4,0.001,1,1e-5,5
71,1,background,36.15,23.229461783193383,EIG,0,5,500,2,20,999,999,999,1,1,10,1e-4,0.001,1,1e-5,5
71,1,background,53.3,45.9291215954139,EIG,0,5,500,2,20,999,999,999,1,1,10,1e-4,0.001,1,1e-5,5
83,1,background,43.85,34.54253670628813,EIG,0,5,500,2,20,999,999,999,1,10,0.1,1e-4,0.001,1,1e-5,5
83,1,background,48.05,28.07972671931796,EIG,0,5,500,2,20,999,999,999,1,10,0.1,1e-4,0.001,1,1e-5,5
83,1,background,35,32.119841383890986,EIG,0,5,500,2,20,999,999,999,1,10,0.1,1e-4,0.001,1,1e-5,5
83,1,background,52.4,54.938626043785874,EIG,0,5,500,2,20,999,999,999,1,10,0.1,1e-4,0.001,1,1e-5,5
83,1,background,40.6,30.02525252972378,EIG,0,5,500,2,20,999,999,999,1,10,0.1,1e-4,0.001,1,1e-5,5
83,1,background,44.8,33.12114922999788,EIG,0,5,500,2,20,999,999,999,1,10,0.1,1e-4,0.001,1,1e-5,5
83,1,background,33.5,26.512162055217324,EIG,0,5,500,2,20,999,999,999,1,10,0.1,1e-4,0.001,1,1e-5,5
83,1,background,37.05,35.07356929595126,EIG,0,5,500,2,20,999,999,999,1,10,0.1,1e-4,0.001,1,1e-5,5
83,1,background,48.4,41.407347428356616,EIG,0,5,500,2,20,999,999,999,1,10,0.1,1e-4,0.001,1,1e-5,5
83,1,background,36.55,25.617582366722072,EIG,0,5,500,2,20,999,999,999,1,10,0.1,1e-4,0.001,1,1e-5,5
71,1,background,57.55,35.9977703987929,EIG,0,5,500,2,20,999,999,999,1,1,10,1e-4,0.001,1,1e-5,5
71,1,background,53.7,30.30042556588412,EIG,0,5,500,2,20,999,999,999,1,1,10,1e-4,0.001,1,1e-5,5
71,1,background,61.9,49.8955751650648,EIG,0,5,500,2,20,999,999,999,1,1,10,1e-4,0.001,1,1e-5,5
71,1,background,50.7,34.826033819241424,EIG,0,5,500,2,20,999,999,999,1,1,10,1e-4,0.001,1,1e-5,5
71,1,background,64.85,42.30002488489998,EIG,0,5,500,2,20,999,999,999,1,1,10,1e-4,0.001,1,1e-5,5
55,1,background,69.95,63.922218359503134,EIG,0,5,500,2,20,999,999,999,1,1,1,1e-4,0.001,0.5,1e-5,5
55,1,background,60.55,51.857573166672985,EIG,0,5,500,2,20,999,999,999,1,1,1,1e-4,0.001,0.5,1e-5,5
55,1,background,34.75,32.74924667675177,EIG,0,5,500,2,20,999,999,999,1,1,1,1e-4,0.001,0.5,1e-5,5
55,1,background,69.9,56.4781280441236,EIG,0,5,500,2,20,999,999,999,1,1,1,1e-4,0.001,0.5,1e-5,5
55,1,background,58.5,50.608403712385446,EIG,0,5,500,2,20,999,999,999,1,1,1,1e-4,0.001,0.5,1e-5,5
83,1,background,45.5,26.368841261490505,EIG,0,5,500,2,20,999,999,999,1,10,0.1,1e-4,0.001,1,1e-5,5
83,1,background,43.15,24.244966922077488,EIG,0,5,500,2,20,999,999,999,1,10,0.1,1e-4,0.001,1,1e-5,5
83,1,background,51.9,36.56270748928981,EIG,0,5,500,2,20,999,999,999,1,10,0.1,1e-4,0.001,1,1e-5,5
83,1,background,48.2,29.29630837171343,EIG,0,5,500,2,20,999,999,999,1,10,0.1,1e-4,0.001,1,1e-5,5
83,1,background,58.85,36.31191626942724,EIG,0,5,500,2,20,999,999,999,1,10,0.1,1e-4,0.001,1,1e-5,5
83,1,background,56.85,38.95513613862679,EIG,0,5,500,2,20,999,999,999,1,10,0.1,1e-4,0.001,1,1e-5,5
83,1,background,56.1,39.23867587228864,EIG,0,5,500,2,20,999,999,999,1,10,0.1,1e-4,0.001,1,1e-5,5
83,1,background,69.4,52.68815906124599,EIG,0,5,500,2,20,999,999,999,1,10,0.1,1e-4,0.001,1,1e-5,5
83,1,background,49.65,28.17851925436149,EIG,0,5,500,2,20,999,999,999,1,10,0.1,1e-4,0.001,1,1e-5,5
83,1,background,54.4,38.072507002739975,EIG,0,5,500,2,20,999,999,999,1,10,0.1,1e-4,0.001,1,1e-5,5
71,1,background,56.8,29.54497018373677,EIG,0,5,500,2,20,999,999,999,1,1,10,1e-4,0.001,1,1e-5,5
71,1,background,59.25,35.48442949861397,EIG,0,5,500,2,20,999,999,999,1,1,10,1e-4,0.001,1,1e-5,5
71,1,background,57.6,28.63821517519995,EIG,0,5,500,2,20,999,999,999,1,1,10,1e-4,0.001,1,1e-5,5
71,1,background,79.35,48.0704253098897,EIG,0,5,500,2,20,999,999,999,1,1,10,1e-4,0.001,1,1e-5,5
71,1,background,79,46.927715971649306,EIG,0,5,500,2,20,999,999,999,1,1,10,1e-4,0.001,1,1e-5,5
71,1,background,46.65,30.64959002043996,EIG,0,5,500,2,20,999,999,999,1,1,10,1e-4,0.001,1,1e-5,5
71,1,background,41.6,35.61696816199592,EIG,0,5,500,2,20,999,999,999,1,1,10,1e-4,0.001,1,1e-5,5
71,1,background,59.55,35.76160098853459,EIG,0,5,500,2,20,999,999,999,1,1,10,1e-4,0.001,1,1e-5,5
71,1,background,44.55,42.436919130200266,EIG,0,5,500,2,20,999,999,999,1,1,10,1e-4,0.001,1,1e-5,5
71,1,background,56.1,37.084398762538235,EIG,0,5,500,2,20,999,999,999,1,1,10,1e-4,0.001,1,1e-5,5
83,1,background,64.85,27.47683234635087,EIG,0,5,500,2,20,999,999,999,1,10,0.1,1e-4,0.001,1,1e-5,5
83,1,background,62,36.53116909968081,EIG,0,5,500,2,20,999,999,999,1,10,0.1,1e-4,0.001,1,1e-5,5
83,1,background,58.2,28.86374524336168,EIG,0,5,500,2,20,999,999,999,1,10,0.1,1e-4,0.001,1,1e-5,5
83,1,background,40.65,24.553432603845415,EIG,0,5,500,2,20,999,999,999,1,10,0.1,1e-4,0.001,1,1e-5,5
83,1,background,45.8,16.35977094164701,EIG,0,5,500,2,20,999,999,999,1,10,0.1,1e-4,0.001,1,1e-5,5
71,1,background,36.9,26.201446324080734,EIG,0,5,500,2,20,999,999,999,1,1,10,1e-4,0.001,1,1e-5,5
71,1,background,53.05,44.95199193525653,EIG,0,5,500,2,20,999,999,999,1,1,10,1e-4,0.001,1,1e-5,5
71,1,background,48.1,29.325577124486585,EIG,0,5,500,2,20,999,999,999,1,1,10,1e-4,0.001,1,1e-5,5
71,1,background,49.35,31.258304159812777,EIG,0,5,500,2,20,999,999,999,1,1,10,1e-4,0.001,1,1e-5,5
71,1,background,49.1,27.922637486643815,EIG,0,5,500,2,20,999,999,999,1,1,10,1e-4,0.001,1,1e-5,5
55,1,background,52.4,44.98584572717816,EIG,0,5,500,2,20,999,999,999,1,1,1,1e-4,0.001,0.5,1e-5,5
55,1,background,42.25,41.99483050892912,EIG,0,5,500,2,20,999,999,999,1,1,1,1e-4,0.001,0.5,1e-5,5
55,1,background,60.5,59.9749947894954,EIG,0,5,500,2,20,999,999,999,1,1,1,1e-4,0.001,0.5,1e-5,5
55,1,background,55.5,37.54506064647344,EIG,0,5,500,2,20,999,999,999,1,1,1,1e-4,0.001,0.5,1e-5,5
55,1,background,39.5,29.791379890657527,EIG,0,5,500,2,20,999,999,999,1,1,1,1e-4,0.001,0.5,1e-5,5
83,1,background,85.3,43.88513715550966,EIG,0,5,500,2,20,999,999,999,1,10,0.1,1e-4,0.001,1,1e-5,5
83,1,background,85.4,41.37937447060972,EIG,0,5,500,2,20,999,999,999,1,10,0.1,1e-4,0.001,1,1e-5,5
83,1,background,56.8,37.01578610610116,EIG,0,5,500,2,20,999,999,999,1,10,0.1,1e-4,0.001,1,1e-5,5
83,1,background,74.8,37.09106858019937,EIG,0,5,500,2,20,999,999,999,1,10,0.1,1e-4,0.001,1,1e-5,5
83,1,background,67.8,43.71029024937046,EIG,0,5,500,2,20,999,999,999,1,10,0.1,1e-4,0.001,1,1e-5,5
83,1,background,80.65,57.277969495030845,EIG,0,5,500,2,20,999,999,999,1,10,0.1,1e-4,0.001,1,1e-5,5
83,1,background,54.55,28.173288954722977,EIG,0,5,500,2,20,999,999,999,1,10,0.1,1e-4,0.001,1,1e-5,5
83,1,background,63.7,35.97967262365325,EIG,0,5,500,2,20,999,999,999,1,10,0.1,1e-4,0.001,1,1e-5,5
83,1,background,93,41.18635440863496,EIG,0,5,500,2,20,999,999,999,1,10,0.1,1e-4,0.001,1,1e-5,5
83,1,background,66,38.13549251646927,EIG,0,5,500,2,20,999,999,999,1,10,0.1,1e-4,0.001,1,1e-5,5
71,1,background,64.95,34.70852314558152,EIG,0,5,500,2,20,999,999,999,1,1,10,1e-4,0.001,1,1e-5,5
71,1,background,63.5,28.428118030162356,EIG,0,5,500,2,20,999,999,999,1,1,10,1e-4,0.001,1,1e-5,5
71,1,background,63.25,24.74687646424983,EIG,0,5,500,2,20,999,999,999,1,1,10,1e-4,0.001,1,1e-5,5
71,1,background,52.55,27.551817210103355,EIG,0,5,500,2,20,999,999,999,1,1,10,1e-4,0.001,1,1e-5,5
71,1,background,71.45,37.82991715004076,EIG,0,5,500,2,20,999,999,999,1,1,10,1e-4,0.001,1,1e-5,5
83,1,background,53.2,61.47023241931179,EIG,0,5,500,2,20,999,999,999,1,10,0.1,1e-4,0.001,1,1e-5,5
83,1,background,36.45,35.052554528127736,EIG,0,5,500,2,20,999,999,999,1,10,0.1,1e-4,0.001,1,1e-5,5
83,1,background,32.35,27.01125496412268,EIG,0,5,500,2,20,999,999,999,1,10,0.1,1e-4,0.001,1,1e-5,5
83,1,background,53.1,36.55694908380333,EIG,0,5,500,2,20,999,999,999,1,10,0.1,1e-4,0.001,1,1e-5,5
83,1,background,49.65,41.13044076951689,EIG,0,5,500,2,20,999,999,999,1,10,0.1,1e-4,0.001,1,1e-5,5
71,1,background,44.7,31.581306929391335,EIG,0,5,500,2,20,999,999,999,1,1,10,1e-4,0.001,1,1e-5,5
71,1,background,49.45,45.080600332247016,EIG,0,5,500,2,20,999,999,999,1,1,10,1e-4,0.001,1,1e-5,5
71,1,background,53.5,38.12928146796315,EIG,0,5,500,2,20,999,999,999,1,1,10,1e-4,0.001,1,1e-5,5
71,1,background,43.55,31.82265826337216,EIG,0,5,500,2,20,999,999,999,1,1,10,1e-4,0.001,1,1e-5,5
71,1,background,41.8,28.821775393651674,EIG,0,5,500,2,20,999,999,999,1,1,10,1e-4,0.001,1,1e-5,5
55,1,background,21.2,14.281382801985322,EIG,0,5,500,2,20,999,999,999,1,1,1,1e-4,0.001,0.5,1e-5,5
55,1,background,35.7,33.32155932409937,EIG,0,5,500,2,20,999,999,999,1,1,1,1e-4,0.001,0.5,1e-5,5
55,1,background,24.3,38.1535678127499,EIG,0,5,500,2,20,999,999,999,1,1,1,1e-4,0.001,0.5,1e-5,5
55,1,background,30.85,33.43851388034934,EIG,0,5,500,2,20,999,999,999,1,1,1,1e-4,0.001,0.5,1e-5,5
55,1,background,39.1,49.66084977122321,EIG,0,5,500,2,20,999,999,999,1,1,1,1e-4,0.001,0.5,1e-5,5
83,1,background,37.6,26.521887683869515,EIG,0,5,500,2,20,999,999,999,1,10,0.1,1e-4,0.001,1,1e-5,5
83,1,background,32.2,22.392667972963125,EIG,0,5,500,2,20,999,999,999,1,10,0.1,1e-4,0.001,1,1e-5,5
83,1,background,40.9,34.98706527907285,EIG,0,5,500,2,20,999,999,999,1,10,0.1,1e-4,0.001,1,1e-5,5
83,1,background,44.85,30.55499786838222,EIG,0,5,500,2,20,999,999,999,1,10,0.1,1e-4,0.001,1,1e-5,5
83,1,background,31.3,29.602809255026347,EIG,0,5,500,2,20,999,999,999,1,10,0.1,1e-4,0.001,1,1e-5,5
55,1,background,55.2,33.76014467417243,EIG,0,5,500,2,20,999,999,999,1,1,1,1e-4,0.001,0.5,1e-5,5
55,1,background,73.25,44.54314880274135,EIG,0,5,500,2,20,999,999,999,1,1,1,1e-4,0.001,0.5,1e-5,5
55,1,background,63.25,54.80191602489825,EIG,0,5,500,2,20,999,999,999,1,1,1,1e-4,0.001,0.5,1e-5,5
55,1,background,59.05,46.5148250278169,EIG,0,5,500,2,20,999,999,999,1,1,1,1e-4,0.001,0.5,1e-5,5
55,1,background,49.95,38.360444265030694,EIG,0,5,500,2,20,999,999,999,1,1,1,1e-4,0.001,0.5,1e-5,5
55,1,background,53.45,43.13683857337326,EIG,0,5,500,2,20,999,999,999,1,1,1,1e-4,0.001,0.5,1e-5,5
55,1,background,66.25,55.74176833257181,EIG,0,5,500,2,20,999,999,999,1,1,1,1e-4,0.001,0.5,1e-5,5
55,1,background,57.75,34.36625486846378,EIG,0,5,500,2,20,999,999,999,1,1,1,1e-4,0.001,0.5,1e-5,5
55,1,background,79.25,69.98336268450937,EIG,0,5,500,2,20,999,999,999,1,1,1,1e-4,0.001,0.5,1e-5,5
55,1,background,88.65,77.01898262253616,EIG,0,5,500,2,20,999,999,999,1,1,1,1e-4,0.001,0.5,1e-5,5
71,1,background,30.95,31.954696549630185,EIG,0,5,500,2,20,999,999,999,1,1,10,1e-4,0.001,1,1e-5,5
71,1,background,28.65,22.26225268783108,EIG,0,5,500,2,20,999,999,999,1,1,10,1e-4,0.001,1,1e-5,5
71,1,background,36.3,40.034327375654165,EIG,0,5,500,2,20,999,999,999,1,1,10,1e-4,0.001,1,1e-5,5
71,1,background,47.55,24.59669425799029,EIG,0,5,500,2,20,999,999,999,1,1,10,1e-4,0.001,1,1e-5,5
71,1,background,32.55,25.242977136955183,EIG,0,5,500,2,20,999,999,999,1,1,10,1e-4,0.001,1,1e-5,5
71,1,background,37.95,29.378608400993866,EIG,0,5,500,2,20,999,999,999,1,1,10,1e-4,0.001,1,1e-5,5
71,1,background,43.6,30.642935134941144,EIG,0,5,500,2,20,999,999,999,1,1,10,1e-4,0.001,1,1e-5,5
71,1,background,50.4,36.92296389996197,EIG,0,5,500,2,20,999,999,999,1,1,10,1e-4,0.001,1,1e-5,5
71,1,background,45.35,34.98913365152402,EIG,0,5,500,2,20,999,999,999,1,1,10,1e-4,0.001,1,1e-5,5
71,1,background,41.4,32.36209608721126,EIG,0,5,500,2,20,999,999,999,1,1,10,1e-4,0.001,1,1e-5,5
83,1,background,48.8,46.277879221753,EIG,0,5,500,2,20,999,999,999,1,10,0.1,1e-4,0.001,1,1e-5,5
83,1,background,33,25.99595110174295,EIG,0,5,500,2,20,999,999,999,1,10,0.1,1e-4,0.001,1,1e-5,5
83,1,background,34.95,26.73352911509007,EIG,0,5,500,2,20,999,999,999,1,10,0.1,1e-4,0.001,1,1e-5,5
83,1,background,33.8,25.069587362505903,EIG,0,5,500,2,20,999,999,999,1,10,0.1,1e-4,0.001,1,1e-5,5
83,1,background,31.95,26.76107739157552,EIG,0,5,500,2,20,999,999,999,1,10,0.1,1e-4,0.001,1,1e-5,5
55,1,background,27.15,28.48503762365521,EIG,0,5,500,2,20,999,999,999,1,1,1,1e-4,0.001,0.5,1e-5,5
55,1,background,32.55,36.608131107144686,EIG,0,5,500,2,20,999,999,999,1,1,1,1e-4,0.001,0.5,1e-5,5
55,1,background,22,28.92822333402378,EIG,0,5,500,2,20,999,999,999,1,1,1,1e-4,0.001,0.5,1e-5,5
55,1,background,39,37.82090761247777,EIG,0,5,500,2,20,999,999,999,1,1,1,1e-4,0.001,0.5,1e-5,5
55,1,background,31.45,35.12005724728579,EIG,0,5,500,2,20,999,999,999,1,1,1,1e-4,0.001,0.5,1e-5,5
55,1,background,15.75,24.625350652058582,EIG,0,5,500,2,20,999,999,999,1,1,1,1e-4,0.001,0.5,1e-5,5
55,1,background,15.15,22.485726466735336,EIG,0,5,500,2,20,999,999,999,1,1,1,1e-4,0.001,0.5,1e-5,5
55,1,background,15.6,20.39194887565601,EIG,0,5,500,2,20,999,999,999,1,1,1,1e-4,0.001,0.5,1e-5,5
55,1,background,16.8,22.997940411217147,EIG,0,5,500,2,20,999,999,999,1,1,1,1e-4,0.001,0.5,1e-5,5
55,1,background,13.95,22.542299420376235,EIG,0,5,500,2,20,999,999,999,1,1,1,1e-4,0.001,0.5,1e-5,5
55,1,background,10.35,15.424775013287109,EIG,0,5,500,2,20,999,999,999,1,1,1,1e-4,0.001,0.5,1e-5,5
55,1,background,17.15,26.56129950847562,EIG,0,5,500,2,20,999,999,999,1,1,1,1e-4,0.001,0.5,1e-5,5
55,1,background,12.5,13.77067823120446,EIG,0,5,500,2,20,999,999,999,1,1,1,1e-4,0.001,0.5,1e-5,5
55,1,background,15.6,14.005262168951091,EIG,0,5,500,2,20,999,999,999,1,1,1,1e-4,0.001,0.5,1e-5,5
55,1,background,14.3,20.23831696767818,EIG,0,5,500,2,20,999,999,999,1,1,1,1e-4,0.001,0.5,1e-5,5
83,1,background,76.7,45.041618181644544,EIG,0,5,500,2,20,999,999,999,1,10,0.1,1e-4,0.001,1,1e-5,5
83,1,background,61.7,31.39912838213658,EIG,0,5,500,2,20,999,999,999,1,10,0.1,1e-4,0.001,1,1e-5,5
83,1,background,46.65,26.004604855375337,EIG,0,5,500,2,20,999,999,999,1,10,0.1,1e-4,0.001,1,1e-5,5
83,1,background,72.55,40.201433595804694,EIG,0,5,500,2,20,999,999,999,1,10,0.1,1e-4,0.001,1,1e-5,5
83,1,background,52.8,37.316004750325504,EIG,0,5,500,2,20,999,999,999,1,10,0.1,1e-4,0.001,1,1e-5,5
71,1,background,51.45,23.439676214756712,EIG,0,5,500,2,20,999,999,999,1,1,10,1e-4,0.001,1,1e-5,5
71,1,background,65.65,31.380978147178336,EIG,0,5,500,2,20,999,999,999,1,1,10,1e-4,0.001,1,1e-5,5
71,1,background,68.75,47.94281132656633,EIG,0,5,500,2,20,999,999,999,1,1,10,1e-4,0.001,1,1e-5,5
71,1,background,58.9,36.44303413331696,EIG,0,5,500,2,20,999,999,999,1,1,10,1e-4,0.001,1,1e-5,5
71,1,background,66.4,43.64497921326479,EIG,0,5,500,2,20,999,999,999,1,1,10,1e-4,0.001,1,1e-5,5
83,1,background,14.25,20.300051853706137,EIG,0,5,500,2,20,999,999,999,1,10,0.1,1e-4,0.001,1,1e-5,5
83,1,background,13.9,17.967514545628408,EIG,0,5,500,2,20,999,999,999,1,10,0.1,1e-4,0.001,1,1e-5,5
83,1,background,16.5,22.723741352440875,EIG,0,5,500,2,20,999,999,999,1,10,0.1,1e-4,0.001,1,1e-5,5
83,1,background,19.05,18.82740164312588,EIG,0,5,500,2,20,999,999,999,1,10,0.1,1e-4,0.001,1,1e-5,5
83,1,background,19.2,22.691524037796466,EIG,0,5,500,2,20,999,999,999,1,10,0.1,1e-4,0.001,1,1e-5,5
55,1,background,27.3,33.837226463421054,EIG,0,5,500,2,20,999,999,999,1,1,1,1e-4,0.001,0.5,1e-5,5
55,1,background,30.05,35.46900054977585,EIG,0,5,500,2,20,999,999,999,1,1,1,1e-4,0.001,0.5,1e-5,5
55,1,background,25.65,33.70659001629082,EIG,0,5,500,2,20,999,999,999,1,1,1,1e-4,0.001,0.5,1e-5,5
55,1,background,22.55,31.49849620470626,EIG,0,5,500,2,20,999,999,999,1,1,1,1e-4,0.001,0.5,1e-5,5
55,1,background,20.45,34.46046552515689,EIG,0,5,500,2,20,999,999,999,1,1,1,1e-4,0.001,0.5,1e-5,5
71,1,background,63.4,34.0083581058044,EIG,0,5,500,2,20,999,999,999,1,1,10,1e-4,0.001,1,1e-5,5
71,1,background,65.3,35.94454793589411,EIG,0,5,500,2,20,999,999,999,1,1,10,1e-4,0.001,1,1e-5,5
71,1,background,56.8,34.1707785287833,EIG,0,5,500,2,20,999,999,999,1,1,10,1e-4,0.001,1,1e-5,5
71,1,background,39.8,19.835109753852347,EIG,0,5,500,2,20,999,999,999,1,1,10,1e-4,0.001,1,1e-5,5
71,1,background,57.3,30.1017572489329,EIG,0,5,500,2,20,999,999,999,1,1,10,1e-4,0.001,1,1e-5,5
71,1,background,64.4,38.49046361728687,EIG,0,5,500,2,20,999,999,999,1,1,10,1e-4,0.001,1,1e-5,5
71,1,background,44.45,29.331992592963815,EIG,0,5,500,2,20,999,999,999,1,1,10,1e-4,0.001,1,1e-5,5
71,1,background,37.25,24.84875301329605,EIG,0,5,500,2,20,999,999,999,1,1,10,1e-4,0.001,1,1e-5,5
71,1,background,66.2,34.50949526083936,EIG,0,5,500,2,20,999,999,999,1,1,10,1e-4,0.001,1,1e-5,5
71,1,background,75.75,45.07406186080392,EIG,0,5,500,2,20,999,999,999,1,1,10,1e-4,0.001,1,1e-5,5
71,1,background,56.8,38.013294073465794,EIG,0,5,500,2,20,999,999,999,1,1,10,1e-4,0.001,1,1e-5,5
71,1,background,61.35,35.70681049589103,EIG,0,5,500,2,20,999,999,999,1,1,10,1e-4,0.001,1,1e-5,5
71,1,background,56.8,48.04011481646299,EIG,0,5,500,2,20,999,999,999,1,1,10,1e-4,0.001,1,1e-5,5
71,1,background,40.8,23.710091122824295,EIG,0,5,500,2,20,999,999,999,1,1,10,1e-4,0.001,1,1e-5,5
71,1,background,67.2,47.353763814172375,EIG,0,5,500,2,20,999,999,999,1,1,10,1e-4,0.001,1,1e-5,5
83,1,background,60.15,33.98803969200435,EIG,0,5,500,2,20,999,999,999,1,10,0.1,1e-4,0.001,1,1e-5,5
83,1,background,51.7,34.937688894132044,EIG,0,5,500,2,20,999,999,999,1,10,0.1,1e-4,0.001,1,1e-5,5
83,1,background,64.75,35.55703350363957,EIG,0,5,500,2,20,999,999,999,1,10,0.1,1e-4,0.001,1,1e-5,5
83,1,background,66.4,44.72771423907812,EIG,0,5,500,2,20,999,999,999,1,10,0.1,1e-4,0.001,1,1e-5,5
83,1,background,55.3,42.95419837332245,EIG,0,5,500,2,20,999,999,999,1,10,0.1,1e-4,0.001,1,1e-5,5
55,1,background,87,60.20491324590849,EIG,0,5,500,2,20,999,999,999,1,1,1,1e-4,0.001,0.5,1e-5,5
55,1,background,59.85,48.08465670592145,EIG,0,5,500,2,20,999,999,999,1,1,1,1e-4,0.001,0.5,1e-5,5
55,1,background,58.85,45.3213961321628,EIG,0,5,500,2,20,999,999,999,1,1,1,1e-4,0.001,0.5,1e-5,5
55,1,background,81.2,57.85153411967568,EIG,0,5,500,2,20,999,999,999,1,1,1,1e-4,0.001,0.5,1e-5,5
55,1,background,40.05,36.99711937577388,EIG,0,5,500,2,20,999,999,999,1,1,1,1e-4,0.001,0.5,1e-5,5
83,1,background,44.4,29.93923670932247,EIG,0,5,500,2,20,999,999,999,1,10,0.1,1e-4,0.001,1,1e-5,5
83,1,background,54.95,39.67695207946031,EIG,0,5,500,2,20,999,999,999,1,10,0.1,1e-4,0.001,1,1e-5,5
83,1,background,51.25,30.00679747551948,EIG,0,5,500,2,20,999,999,999,1,10,0.1,1e-4,0.001,1,1e-5,5
83,1,background,33.8,24.412248866846372,EIG,0,5,500,2,20,999,999,999,1,10,0.1,1e-4,0.001,1,1e-5,5
83,1,background,41.9,29.72133736454068,EIG,0,5,500,2,20,999,999,999,1,10,0.1,1e-4,0.001,1,1e-5,5
83,1,background,61.7,47.50523516856908,EIG,0,5,500,2,20,999,999,999,1,10,0.1,1e-4,0.001,1,1e-5,5
83,1,background,52.7,38.918403169492414,EIG,0,5,500,2,20,999,999,999,1,10,0.1,1e-4,0.001,1,1e-5,5
83,1,background,62.85,41.48592024949391,EIG,0,5,500,2,20,999,999,999,1,10,0.1,1e-4,0.001,1,1e-5,5
83,1,background,58.9,29.751426325826007,EIG,0,5,500,2,20,999,999,999,1,10,0.1,1e-4,0.001,1,1e-5,5
83,1,background,64.15,40.05427239186982,EIG,0,5,500,2,20,999,999,999,1,10,0.1,1e-4,0.001,1,1e-5,5
55,1,background,75.55,61.18348160290188,EIG,0,5,500,2,20,999,999,999,1,1,1,1e-4,0.001,0.5,1e-5,5
55,1,background,77.9,62.68123197660734,EIG,0,5,500,2,20,999,999,999,1,1,1,1e-4,0.001,0.5,1e-5,5
55,1,background,82.4,52.98897601338763,EIG,0,5,500,2,20,999,999,999,1,1,1,1e-4,0.001,0.5,1e-5,5
55,1,background,60.6,66.95906054802205,EIG,0,5,500,2,20,999,999,999,1,1,1,1e-4,0.001,0.5,1e-5,5
55,1,background,57.15,46.35478173256437,EIG,0,5,500,2,20,999,999,999,1,1,1,1e-4,0.001,0.5,1e-5,5
55,1,background,32.55,34.41002760824234,EIG,0,5,500,2,20,999,999,999,1,1,1,1e-4,0.001,0.5,1e-5,5
55,1,background,39.4,27.72116804708519,EIG,0,5,500,2,20,999,999,999,1,1,1,1e-4,0.001,0.5,1e-5,5
55,1,background,27.5,25.744697972285685,EIG,0,5,500,2,20,999,999,999,1,1,1,1e-4,0.001,0.5,1e-5,5
55,1,background,32.2,36.62986989358619,EIG,0,5,500,2,20,999,999,999,1,1,1,1e-4,0.001,0.5,1e-5,5
55,1,background,26.25,21.145797143690405,EIG,0,5,500,2,20,999,999,999,1,1,1,1e-4,0.001,0.5,1e-5,5
55,1,background,23.65,19.45379140424817,EIG,0,5,500,2,20,999,999,999,1,1,1,1e-4,0.001,0.5,1e-5,5
55,1,background,47.65,34.70821986670866,EIG,0,5,500,2,20,999,999,999,1,1,1,1e-4,0.001,0.5,1e-5,5
55,1,background,25.85,20.665952166483123,EIG,0,5,500,2,20,999,999,999,1,1,1,1e-4,0.001,0.5,1e-5,5
55,1,background,36,32.69476056528099,EIG,0,5,500,2,20,999,999,999,1,1,1,1e-4,0.001,0.5,1e-5,5
71,1,background,42,31.99177525881498,EIG,0,5,500,2,20,999,999,999,1,1,10,1e-4,0.001,1,1e-5,5
71,1,background,44.75,36.354794080445274,EIG,0,5,500,2,20,999,999,999,1,1,10,1e-4,0.001,1,1e-5,5
55,1,background,64.4,56.294713222842745,EIG,0,5,500,2,20,999,999,999,1,1,1,1e-4,0.001,0.5,1e-5,5
71,1,background,44.25,46.412197806860625,EIG,0,5,500,2,20,999,999,999,1,1,10,1e-4,0.001,1,1e-5,5
71,1,background,44.25,28.26542429411446,EIG,0,5,500,2,20,999,999,999,1,1,10,1e-4,0.001,1,1e-5,5
71,1,background,36.45,23.139110204427297,EIG,0,5,500,2,20,999,999,999,1,1,10,1e-4,0.001,1,1e-5,5
55,1,background,33.35,31.684754760144923,EIG,0,5,500,2,20,999,999,999,1,1,1,1e-4,0.001,0.5,1e-5,5
55,1,background,27.8,36.23548711299173,EIG,0,5,500,2,20,999,999,999,1,1,1,1e-4,0.001,0.5,1e-5,5
55,1,background,43.05,52.633264446695584,EIG,0,5,500,2,20,999,999,999,1,1,1,1e-4,0.001,0.5,1e-5,5
55,1,background,26.15,27.207342275279487,EIG,0,5,500,2,20,999,999,999,1,1,1,1e-4,0.001,0.5,1e-5,5
55,1,background,39.3,30.53401899176513,EIG,0,5,500,2,20,999,999,999,1,1,1,1e-4,0.001,0.5,1e-5,5
55,1,identity,56.7,59.49975674430593,EIG,0,5,500,2,20,999,999,999,1,1,1,1e-4,0.001,0.5,1e-5,5
55,1,identity,97.2,58.91170913905155,EIG,0,5,500,2,20,999,999,999,1,1,1,1e-4,0.001,0.5,1e-5,5
55,1,identity,57.45,54.52519938909946,EIG,0,5,500,2,20,999,999,999,1,1,1,1e-4,0.001,0.5,1e-5,5
55,1,identity,70.35,86.83273394412114,EIG,0,5,500,2,20,999,999,999,1,1,1,1e-4,0.001,0.5,1e-5,5
55,1,identity,69.25,62.571117433222376,EIG,0,5,500,2,20,999,999,999,1,1,1,1e-4,0.001,0.5,1e-5,5
83,1,identity,63.6,77.05732657539689,EIG,0,5,500,2,20,999,999,999,1,10,0.1,1e-4,0.001,1,1e-5,5
83,1,identity,65.4,73.59376403787999,EIG,0,5,500,2,20,999,999,999,1,10,0.1,1e-4,0.001,1,1e-5,5
83,1,identity,63.8,73.66538857349639,EIG,0,5,500,2,20,999,999,999,1,10,0.1,1e-4,0.001,1,1e-5,5
83,1,identity,67.95,64.24826436320448,EIG,0,5,500,2,20,999,999,999,1,10,0.1,1e-4,0.001,1,1e-5,5
83,1,identity,56.85,55.62683468293073,EIG,0,5,500,2,20,999,999,999,1,10,0.1,1e-4,0.001,1,1e-5,5
71,1,identity,58.65,52.60805921849657,EIG,0,5,500,2,20,999,999,999,1,1,10,1e-4,0.001,1,1e-5,5
71,1,identity,75.05,70.86790900200026,EIG,0,5,500,2,20,999,999,999,1,1,10,1e-4,0.001,1,1e-5,5
71,1,identity,60.3,72.78888000671243,EIG,0,5,500,2,20,999,999,999,1,1,10,1e-4,0.001,1,1e-5,5
71,1,identity,70.75,75.15098836762947,EIG,0,5,500,2,20,999,999,999,1,1,10,1e-4,0.001,1,1e-5,5
71,1,identity,43.7,28.997459053836895,EIG,0,5,500,2,20,999,999,999,1,1,10,1e-4,0.001,1,1e-5,5
83,1,identity,60.85,63.66877694674789,EIG,0,5,500,2,20,999,999,999,1,10,0.1,1e-4,0.001,1,1e-5,5
83,1,identity,41.7,45.66825455044467,EIG,0,5,500,2,20,999,999,999,1,10,0.1,1e-4,0.001,1,1e-5,5
83,1,identity,97.6,96.0999479708496,EIG,0,5,500,2,20,999,999,999,1,10,0.1,1e-4,0.001,1,1e-5,5
83,1,identity,56.55,54.56861928367179,EIG,0,5,500,2,20,999,999,999,1,10,0.1,1e-4,0.001,1,1e-5,5
83,1,identity,78.7,75.7218594594718,EIG,0,5,500,2,20,999,999,999,1,10,0.1,1e-4,0.001,1,1e-5,5
71,1,identity,50.55,41.166510405272014,EIG,0,5,500,2,20,999,999,999,1,1,10,1e-4,0.001,1,1e-5,5
71,1,identity,39.8,26.045708809099843,EIG,0,5,500,2,20,999,999,999,1,1,10,1e-4,0.001,1,1e-5,5
71,1,identity,43.8,30.574499178236756,EIG,0,5,500,2,20,999,999,999,1,1,10,1e-4,0.001,1,1e-5,5
71,1,identity,33.3,30.93303463255662,EIG,0,5,500,2,20,999,999,999,1,1,10,1e-4,0.001,1,1e-5,5
71,1,identity,44.75,26.633724169892105,EIG,0,5,500,2,20,999,999,999,1,1,10,1e-4,0.001,1,1e-5,5
55,1,identity,53.05,48.17782302656427,EIG,0,5,500,2,20,999,999,999,1,1,1,1e-4,0.001,0.5,1e-5,5
55,1,identity,38.6,31.496699910675684,EIG,0,5,500,2,20,999,999,999,1,1,1,1e-4,0.001,0.5,1e-5,5
55,1,identity,33.75,28.319372205351996,EIG,0,5,500,2,20,999,999,999,1,1,1,1e-4,0.001,0.5,1e-5,5
55,1,identity,24.2,53.96743657546016,EIG,0,5,500,2,20,999,999,999,1,1,1,1e-4,0.001,0.5,1e-5,5
55,1,identity,33,30.393905206212157,EIG,0,5,500,2,20,999,999,999,1,1,1,1e-4,0.001,0.5,1e-5,5
83,1,identity,58.75,42.745113601932395,EIG,0,5,500,2,20,999,999,999,1,10,0.1,1e-4,0.001,1,1e-5,5
83,1,identity,48.35,34.62775734793359,EIG,0,5,500,2,20,999,999,999,1,10,0.1,1e-4,0.001,1,1e-5,5
83,1,identity,40.7,30.781231465396505,EIG,0,5,500,2,20,999,999,999,1,10,0.1,1e-4,0.001,1,1e-5,5
83,1,identity,50.65,38.03499081524524,EIG,0,5,500,2,20,999,999,999,1,10,0.1,1e-4,0.001,1,1e-5,5
83,1,identity,56.45,51.30145683783464,EIG,0,5,500,2,20,999,999,999,1,10,0.1,1e-4,0.001,1,1e-5,5
83,1,identity,74.7,52.171881920799976,EIG,0,5,500,2,20,999,999,999,1,10,0.1,1e-4,0.001,1,1e-5,5
83,1,identity,72.6,80.06734007926342,EIG,0,5,500,2,20,999,999,999,1,10,0.1,1e-4,0.001,1,1e-5,5
83,1,identity,99.9,68.77415365183576,EIG,0,5,500,2,20,999,999,999,1,10,0.1,1e-4,0.001,1,1e-5,5
83,1,identity,75.5,81.07533858280081,EIG,0,5,500,2,20,999,999,999,1,10,0.1,1e-4,0.001,1,1e-5,5
83,1,identity,57.95,44.93091187707259,EIG,0,5,500,2,20,999,999,999,1,10,0.1,1e-4,0.001,1,1e-5,5
55,1,identity,57.9,67.20032894656332,EIG,0,5,500,2,20,999,999,999,1,1,1,1e-4,0.001,0.5,1e-5,5
55,1,identity,35.1,31.525929177842094,EIG,0,5,500,2,20,999,999,999,1,1,1,1e-4,0.001,0.5,1e-5,5
55,1,identity,40.65,34.56081596258977,EIG,0,5,500,2,20,999,999,999,1,1,1,1e-4,0.001,0.5,1e-5,5
55,1,identity,42.25,45.82676188934974,EIG,0,5,500,2,20,999,999,999,1,1,1,1e-4,0.001,0.5,1e-5,5
55,1,identity,43.85,47.43890808186884,EIG,0,5,500,2,20,999,999,999,1,1,1,1e-4,0.001,0.5,1e-5,5
83,1,identity,49.85,40.86083570776351,EIG,0,5,500,2,20,999,999,999,1,10,0.1,1e-4,0.001,1,1e-5,5
83,1,identity,39.75,27.13683649095528,EIG,0,5,500,2,20,999,999,999,1,10,0.1,1e-4,0.001,1,1e-5,5
83,1,identity,45.5,45.842407395221656,EIG,0,5,500,2,20,999,999,999,1,10,0.1,1e-4,0.001,1,1e-5,5
83,1,identity,58.6,58.08378703037082,EIG,0,5,500,2,20,999,999,999,1,10,0.1,1e-4,0.001,1,1e-5,5
83,1,identity,44.25,40.286964066360355,EIG,0,5,500,2,20,999,999,999,1,10,0.1,1e-4,0.001,1,1e-5,5
55,1,identity,29.1,26.507000068502265,EIG,0,5,500,2,20,999,999,999,1,1,1,1e-4,0.001,0.5,1e-5,5
55,1,identity,31.3,39.31934035962187,EIG,0,5,500,2,20,999,999,999,1,1,1,1e-4,0.001,0.5,1e-5,5
55,1,identity,66.35,55.967354206198685,EIG,0,5,500,2,20,999,999,999,1,1,1,1e-4,0.001,0.5,1e-5,5
55,1,identity,43.7,40.15771538899042,EIG,0,5,500,2,20,999,999,999,1,1,1,1e-4,0.001,0.5,1e-5,5
55,1,identity,49.55,52.451957968571975,EIG,0,5,500,2,20,999,999,999,1,1,1,1e-4,0.001,0.5,1e-5,5
83,1,identity,56.05,37.61505157863216,EIG,0,5,500,2,20,999,999,999,1,10,0.1,1e-4,0.001,1,1e-5,5
83,1,identity,30.9,22.557295470587075,EIG,0,5,500,2,20,999,999,999,1,10,0.1,1e-4,0.001,1,1e-5,5
83,1,identity,59.55,54.26007061512079,EIG,0,5,500,2,20,999,999,999,1,10,0.1,1e-4,0.001,1,1e-5,5
83,1,identity,46.2,44.340310755504824,EIG,0,5,500,2,20,999,999,999,1,10,0.1,1e-4,0.001,1,1e-5,5
83,1,identity,48.4,46.18885716615848,EIG,0,5,500,2,20,999,999,999,1,10,0.1,1e-4,0.001,1,1e-5,5
83,1,identity,31,23.530495331087188,EIG,0,5,500,2,20,999,999,999,1,10,0.1,1e-4,0.001,1,1e-5,5
83,1,identity,41.95,40.65577579216953,EIG,0,5,500,2,20,999,999,999,1,10,0.1,1e-4,0.001,1,1e-5,5
83,1,identity,27.75,25.43903962106481,EIG,0,5,500,2,20,999,999,999,1,10,0.1,1e-4,0.001,1,1e-5,5
83,1,identity,49.3,38.07762155332046,EIG,0,5,500,2,20,999,999,999,1,10,0.1,1e-4,0.001,1,1e-5,5
83,1,identity,53.25,27.12713731574654,EIG,0,5,500,2,20,999,999,999,1,10,0.1,1e-4,0.001,1,1e-5,5
55,1,identity,40.65,34.80967046518448,EIG,0,5,500,2,20,999,999,999,1,1,1,1e-4,0.001,0.5,1e-5,5
55,1,identity,36.25,35.58366715813665,EIG,0,5,500,2,20,999,999,999,1,1,1,1e-4,0.001,0.5,1e-5,5
55,1,identity,35.25,39.05983938307452,EIG,0,5,500,2,20,999,999,999,1,1,1,1e-4,0.001,0.5,1e-5,5
55,1,identity,28.35,24.389978528723205,EIG,0,5,500,2,20,999,999,999,1,1,1,1e-4,0.001,0.5,1e-5,5
55,1,identity,37.5,35.49722005423731,EIG,0,5,500,2,20,999,999,999,1,1,1,1e-4,0.001,0.5,1e-5,5
83,1,identity,86.5,67.35960057388765,EIG,0,5,500,2,20,999,999,999,1,10,0.1,1e-4,0.001,1,1e-5,5
83,1,identity,92.2,64.19099789321176,EIG,0,5,500,2,20,999,999,999,1,10,0.1,1e-4,0.001,1,1e-5,5
83,1,identity,95.05,73.16777763613247,EIG,0,5,500,2,20,999,999,999,1,10,0.1,1e-4,0.001,1,1e-5,5
83,1,identity,85,78.5446570932405,EIG,0,5,500,2,20,999,999,999,1,10,0.1,1e-4,0.001,1,1e-5,5
71,1,identity,79.35,69.94906041278595,EIG,0,5,500,2,20,999,999,999,1,1,10,1e-4,0.001,1,1e-5,5
83,1,identity,79.1,73.63916292156962,EIG,0,5,500,2,20,999,999,999,1,10,0.1,1e-4,0.001,1,1e-5,5
71,1,identity,81.65,80.46069651830344,EIG,0,5,500,2,20,999,999,999,1,1,10,1e-4,0.001,1,1e-5,5
71,1,identity,50.35,49.740669582609314,EIG,0,5,500,2,20,999,999,999,1,1,10,1e-4,0.001,1,1e-5,5
71,1,identity,63.7,53.070062925790545,EIG,0,5,500,2,20,999,999,999,1,1,10,1e-4,0.001,1,1e-5,5
71,1,identity,63.3,46.28868225887574,EIG,0,5,500,2,20,999,999,999,1,1,10,1e-4,0.001,1,1e-5,5
71,1,identity,68.95,63.05342346396677,EIG,0,5,500,2,20,999,999,999,1,1,10,1e-4,0.001,1,1e-5,5
71,1,identity,39.45,27.69851791588933,EIG,0,5,500,2,20,999,999,999,1,1,10,1e-4,0.001,1,1e-5,5
71,1,identity,67.15,88.52550925848257,EIG,0,5,500,2,20,999,999,999,1,1,10,1e-4,0.001,1,1e-5,5
55,1,identity,79.3,80.55145462439063,EIG,0,5,500,2,20,999,999,999,1,1,1,1e-4,0.001,0.5,1e-5,5
55,1,identity,55.2,44.86775890852678,EIG,0,5,500,2,20,999,999,999,1,1,1,1e-4,0.001,0.5,1e-5,5
71,1,identity,93.9,86.08802105067262,EIG,0,5,500,2,20,999,999,999,1,1,10,1e-4,0.001,1,1e-5,5
55,1,identity,55.5,50.57927597242507,EIG,0,5,500,2,20,999,999,999,1,1,1,1e-4,0.001,0.5,1e-5,5
55,1,identity,50.2,26.45074867112759,EIG,0,5,500,2,20,999,999,999,1,1,1,1e-4,0.001,0.5,1e-5,5
71,1,identity,95.75,86.09534188756581,EIG,0,5,500,2,20,999,999,999,1,1,10,1e-4,0.001,1,1e-5,5
55,1,identity,70.35,60.09227553477541,EIG,0,5,500,2,20,999,999,999,1,1,1,1e-4,0.001,0.5,1e-5,5
83,1,identity,107.85,90.77576479261528,EIG,0,5,500,2,20,999,999,999,1,10,0.1,1e-4,0.001,1,1e-5,5
83,1,identity,76.8,79.13120350671443,EIG,0,5,500,2,20,999,999,999,1,10,0.1,1e-4,0.001,1,1e-5,5
83,1,identity,108.65,78.86982946602585,EIG,0,5,500,2,20,999,999,999,1,10,0.1,1e-4,0.001,1,1e-5,5
83,1,identity,81.65,84.53418803873626,EIG,0,5,500,2,20,999,999,999,1,10,0.1,1e-4,0.001,1,1e-5,5
83,1,identity,58.8,56.086962552994905,EIG,0,5,500,2,20,999,999,999,1,10,0.1,1e-4,0.001,1,1e-5,5
55,1,identity,62.35,60.894451393590174,EIG,0,5,500,2,20,999,999,999,1,1,1,1e-4,0.001,0.5,1e-5,5
55,1,identity,54.85,60.89358707916968,EIG,0,5,500,2,20,999,999,999,1,1,1,1e-4,0.001,0.5,1e-5,5
55,1,identity,51.8,56.09540744875738,EIG,0,5,500,2,20,999,999,999,1,1,1,1e-4,0.001,0.5,1e-5,5
55,1,identity,60.45,58.28105677617186,EIG,0,5,500,2,20,999,999,999,1,1,1,1e-4,0.001,0.5,1e-5,5
55,1,identity,48,45.830350780149814,EIG,0,5,500,2,20,999,999,999,1,1,1,1e-4,0.001,0.5,1e-5,5
71,1,identity,32.5,25.15321471554512,EIG,0,5,500,2,20,999,999,999,1,1,10,1e-4,0.001,1,1e-5,5
71,1,identity,59.05,31.550252313612827,EIG,0,5,500,2,20,999,999,999,1,1,10,1e-4,0.001,1,1e-5,5
71,1,identity,46,35.58533109967763,EIG,0,5,500,2,20,999,999,999,1,1,10,1e-4,0.001,1,1e-5,5
71,1,identity,52.7,51.010937939560414,EIG,0,5,500,2,20,999,999,999,1,1,10,1e-4,0.001,1,1e-5,5
71,1,identity,52.5,39.67433215038342,EIG,0,5,500,2,20,999,999,999,1,1,10,1e-4,0.001,1,1e-5,5
55,1,identity,34.6,36.74578386126696,EIG,0,5,500,2,20,999,999,999,1,1,1,1e-4,0.001,0.5,1e-5,5
55,1,identity,24.65,23.00634923805074,EIG,0,5,500,2,20,999,999,999,1,1,1,1e-4,0.001,0.5,1e-5,5
55,1,identity,50.95,48.18765402050613,EIG,0,5,500,2,20,999,999,999,1,1,1,1e-4,0.001,0.5,1e-5,5
55,1,identity,52.7,64.78555719489208,EIG,0,5,500,2,20,999,999,999,1,1,1,1e-4,0.001,0.5,1e-5,5
55,1,identity,36.45,28.73925428472537,EIG,0,5,500,2,20,999,999,999,1,1,1,1e-4,0.001,0.5,1e-5,5
83,1,identity,43.2,44.0341972370996,EIG,0,5,500,2,20,999,999,999,1,10,0.1,1e-4,0.001,1,1e-5,5
83,1,identity,54.95,33.79890219332108,EIG,0,5,500,2,20,999,999,999,1,10,0.1,1e-4,0.001,1,1e-5,5
83,1,identity,66.4,54.42174488005207,EIG,0,5,500,2,20,999,999,999,1,10,0.1,1e-4,0.001,1,1e-5,5
83,1,identity,62.3,69.0057968579452,EIG,0,5,500,2,20,999,999,999,1,10,0.1,1e-4,0.001,1,1e-5,5
83,1,identity,57.65,37.567167916455425,EIG,0,5,500,2,20,999,999,999,1,10,0.1,1e-4,0.001,1,1e-5,5
55,1,identity,69,45.01695586986612,EIG,0,5,500,2,20,999,999,999,1,1,1,1e-4,0.001,0.5,1e-5,5
55,1,identity,46.55,44.07944383066842,EIG,0,5,500,2,20,999,999,999,1,1,1,1e-4,0.001,0.5,1e-5,5
55,1,identity,67.35,57.827579470080025,EIG,0,5,500,2,20,999,999,999,1,1,1,1e-4,0.001,0.5,1e-5,5
55,1,identity,69.85,66.46192024088127,EIG,0,5,500,2,20,999,999,999,1,1,1,1e-4,0.001,0.5,1e-5,5
55,1,identity,50.9,32.05406616787856,EIG,0,5,500,2,20,999,999,999,1,1,1,1e-4,0.001,0.5,1e-5,5
71,1,identity,125.5,94.00587887551444,EIG,0,5,500,2,20,999,999,999,1,1,10,1e-4,0.001,1,1e-5,5
71,1,identity,81.1,68.7550189555566,EIG,0,5,500,2,20,999,999,999,1,1,10,1e-4,0.001,1,1e-5,5
71,1,identity,57.3,67.21379870861419,EIG,0,5,500,2,20,999,999,999,1,1,10,1e-4,0.001,1,1e-5,5
71,1,identity,85.75,72.72144040609236,EIG,0,5,500,2,20,999,999,999,1,1,10,1e-4,0.001,1,1e-5,5
71,1,identity,72.7,53.98352575213645,EIG,0,5,500,2,20,999,999,999,1,1,10,1e-4,0.001,1,1e-5,5
71,1,identity,89.75,74.99885964045333,EIG,0,5,500,2,20,999,999,999,1,1,10,1e-4,0.001,1,1e-5,5
71,1,identity,90.4,95.29312119648732,EIG,0,5,500,2,20,999,999,999,1,1,10,1e-4,0.001,1,1e-5,5
71,1,identity,61.25,48.722495614935085,EIG,0,5,500,2,20,999,999,999,1,1,10,1e-4,0.001,1,1e-5,5
71,1,identity,73.75,57.28495255713917,EIG,0,5,500,2,20,999,999,999,1,1,10,1e-4,0.001,1,1e-5,5
71,1,identity,91.35,79.02050033810346,EIG,0,5,500,2,20,999,999,999,1,1,10,1e-4,0.001,1,1e-5,5
55,1,identity,80.05,86.3441553198289,EIG,0,5,500,2,20,999,999,999,1,1,1,1e-4,0.001,0.5,1e-5,5
55,1,identity,82.35,93.58490375336352,EIG,0,5,500,2,20,999,999,999,1,1,1,1e-4,0.001,0.5,1e-5,5
55,1,identity,69.3,67.23572045619173,EIG,0,5,500,2,20,999,999,999,1,1,1,1e-4,0.001,0.5,1e-5,5
55,1,identity,79.1,57.30334793195356,EIG,0,5,500,2,20,999,999,999,1,1,1,1e-4,0.001,0.5,1e-5,5
55,1,identity,96,98.56016062871394,EIG,0,5,500,2,20,999,999,999,1,1,1,1e-4,0.001,0.5,1e-5,5
55,1,identity,81.9,70.45483809169045,EIG,0,5,500,2,20,999,999,999,1,1,1,1e-4,0.001,0.5,1e-5,5
55,1,identity,65.35,69.56275092166405,EIG,0,5,500,2,20,999,999,999,1,1,1,1e-4,0.001,0.5,1e-5,5
55,1,identity,74.55,73.13180242764285,EIG,0,5,500,2,20,999,999,999,1,1,1,1e-4,0.001,0.5,1e-5,5
55,1,identity,59.9,50.75213244158733,EIG,0,5,500,2,20,999,999,999,1,1,1,1e-4,0.001,0.5,1e-5,5
55,1,identity,58.25,53.93551217597002,EIG,0,5,500,2,20,999,999,999,1,1,1,1e-4,0.001,0.5,1e-5,5
71,1,identity,50,32.052588367441274,EIG,0,5,500,2,20,999,999,999,1,1,10,1e-4,0.001,1,1e-5,5
71,1,identity,58.2,49.65205248314992,EIG,0,5,500,2,20,999,999,999,1,1,10,1e-4,0.001,1,1e-5,5
71,1,identity,58.85,42.722205492053696,EIG,0,5,500,2,20,999,999,999,1,1,10,1e-4,0.001,1,1e-5,5
71,1,identity,67.5,38.35636226645834,EIG,0,5,500,2,20,999,999,999,1,1,10,1e-4,0.001,1,1e-5,5
71,1,identity,51.8,31.5854730099639,EIG,0,5,500,2,20,999,999,999,1,1,10,1e-4,0.001,1,1e-5,5
83,1,identity,46.9,20.82483335372762,EIG,0,5,500,2,20,999,999,999,1,10,0.1,1e-4,0.001,1,1e-5,5
83,1,identity,57.6,28.533267748735906,EIG,0,5,500,2,20,999,999,999,1,10,0.1,1e-4,0.001,1,1e-5,5
83,1,identity,47,38.13687261210047,EIG,0,5,500,2,20,999,999,999,1,10,0.1,1e-4,0.001,1,1e-5,5
83,1,identity,60.65,43.875751605498095,EIG,0,5,500,2,20,999,999,999,1,10,0.1,1e-4,0.001,1,1e-5,5
83,1,identity,49.9,34.123460057792926,EIG,0,5,500,2,20,999,999,999,1,10,0.1,1e-4,0.001,1,1e-5,5
71,1,identity,42.45,47.09506064166502,EIG,0,5,500,2,20,999,999,999,1,1,10,1e-4,0.001,1,1e-5,5
71,1,identity,60.3,40.591806277155314,EIG,0,5,500,2,20,999,999,999,1,1,10,1e-4,0.001,1,1e-5,5
71,1,identity,46.3,50.255243245697365,EIG,0,5,500,2,20,999,999,999,1,1,10,1e-4,0.001,1,1e-5,5
71,1,identity,47.35,50.647673610001704,EIG,0,5,500,2,20,999,999,999,1,1,10,1e-4,0.001,1,1e-5,5
71,1,identity,63.4,42.92269673187884,EIG,0,5,500,2,20,999,999,999,1,1,10,1e-4,0.001,1,1e-5,5
83,1,identity,56.25,44.33588899110492,EIG,0,5,500,2,20,999,999,999,1,10,0.1,1e-4,0.001,1,1e-5,5
83,1,identity,45.6,52.23570063713735,EIG,0,5,500,2,20,999,999,999,1,10,0.1,1e-4,0.001,1,1e-5,5
83,1,identity,43.5,51.50728103870365,EIG,0,5,500,2,20,999,999,999,1,10,0.1,1e-4,0.001,1,1e-5,5
83,1,identity,55.3,55.95778484009643,EIG,0,5,500,2,20,999,999,999,1,10,0.1,1e-4,0.001,1,1e-5,5
83,1,identity,48.7,49.32288888965297,EIG,0,5,500,2,20,999,999,999,1,10,0.1,1e-4,0.001,1,1e-5,5
71,1,identity,38,48.57874778997608,EIG,0,5,500,2,20,999,999,999,1,1,10,1e-4,0.001,1,1e-5,5
71,1,identity,43.95,41.58247986326631,EIG,0,5,500,2,20,999,999,999,1,1,10,1e-4,0.001,1,1e-5,5
71,1,identity,55.1,40.33530515696222,EIG,0,5,500,2,20,999,999,999,1,1,10,1e-4,0.001,1,1e-5,5
71,1,identity,60.2,64.531183812251,EIG,0,5,500,2,20,999,999,999,1,1,10,1e-4,0.001,1,1e-5,5
71,1,identity,56.3,51.7932123169172,EIG,0,5,500,2,20,999,999,999,1,1,10,1e-4,0.001,1,1e-5,5
71,1,identity,45.45,39.15754279694701,EIG,0,5,500,2,20,999,999,999,1,1,10,1e-4,0.001,1,1e-5,5
71,1,identity,36.95,45.15292728168643,EIG,0,5,500,2,20,999,999,999,1,1,10,1e-4,0.001,1,1e-5,5
71,1,identity,43.3,41.077718380752614,EIG,0,5,500,2,20,999,999,999,1,1,10,1e-4,0.001,1,1e-5,5
71,1,identity,64.65,43.42722284708667,EIG,0,5,500,2,20,999,999,999,1,1,10,1e-4,0.001,1,1e-5,5
71,1,identity,42.15,39.42117384564317,EIG,0,5,500,2,20,999,999,999,1,1,10,1e-4,0.001,1,1e-5,5
55,1,identity,33.75,29.10936727512116,EIG,0,5,500,2,20,999,999,999,1,1,1,1e-4,0.001,0.5,1e-5,5
55,1,identity,77.75,69.14962800067386,EIG,0,5,500,2,20,999,999,999,1,1,1,1e-4,0.001,0.5,1e-5,5
55,1,identity,60.2,64.54341664011092,EIG,0,5,500,2,20,999,999,999,1,1,1,1e-4,0.001,0.5,1e-5,5
55,1,identity,52.25,52.024159367497106,EIG,0,5,500,2,20,999,999,999,1,1,1,1e-4,0.001,0.5,1e-5,5
55,1,identity,40.7,35.77576362787934,EIG,0,5,500,2,20,999,999,999,1,1,1,1e-4,0.001,0.5,1e-5,5
55,1,identity,44.95,47.57318461840496,EIG,0,5,500,2,20,999,999,999,1,1,1,1e-4,0.001,0.5,1e-5,5
55,1,identity,51,65.01821607097992,EIG,0,5,500,2,20,999,999,999,1,1,1,1e-4,0.001,0.5,1e-5,5
55,1,identity,42.55,52.91350936844211,EIG,0,5,500,2,20,999,999,999,1,1,1,1e-4,0.001,0.5,1e-5,5
55,1,identity,41.9,74.94552407547343,EIG,0,5,500,2,20,999,999,999,1,1,1,1e-4,0.001,0.5,1e-5,5
55,1,identity,41.35,43.06332546378647,EIG,0,5,500,2,20,999,999,999,1,1,1,1e-4,0.001,0.5,1e-5,5
55,1,identity,36.1,45.447366897266306,EIG,0,5,500,2,20,999,999,999,1,1,1,1e-4,0.001,0.5,1e-5,5
55,1,identity,43.7,35.32868224932377,EIG,0,5,500,2,20,999,999,999,1,1,1,1e-4,0.001,0.5,1e-5,5
55,1,identity,41.15,35.41375736244766,EIG,0,5,500,2,20,999,999,999,1,1,1,1e-4,0.001,0.5,1e-5,5
55,1,identity,26.35,27.63726507910346,EIG,0,5,500,2,20,999,999,999,1,1,1,1e-4,0.001,0.5,1e-5,5
55,1,identity,46,34.57562268724204,EIG,0,5,500,2,20,999,999,999,1,1,1,1e-4,0.001,0.5,1e-5,5
55,1,identity,64.2,54.06292629889729,EIG,0,5,500,2,20,999,999,999,1,1,1,1e-4,0.001,0.5,1e-5,5
55,1,identity,42.45,56.777010729417775,EIG,0,5,500,2,20,999,999,999,1,1,1,1e-4,0.001,0.5,1e-5,5
55,1,identity,55,54.855791806671085,EIG,0,5,500,2,20,999,999,999,1,1,1,1e-4,0.001,0.5,1e-5,5
55,1,identity,60.5,59.781620129126296,EIG,0,5,500,2,20,999,999,999,1,1,1,1e-4,0.001,0.5,1e-5,5
55,1,identity,97.15,124.6178474165592,EIG,0,5,500,2,20,999,999,999,1,1,1,1e-4,0.001,0.5,1e-5,5
83,1,identity,51.05,65.91260162238764,EIG,0,5,500,2,20,999,999,999,1,10,0.1,1e-4,0.001,1,1e-5,5
83,1,identity,64.7,93.25070904203412,EIG,0,5,500,2,20,999,999,999,1,10,0.1,1e-4,0.001,1,1e-5,5
83,1,identity,45.2,58.08849872574197,EIG,0,5,500,2,20,999,999,999,1,10,0.1,1e-4,0.001,1,1e-5,5
83,1,identity,31.1,32.380793527547844,EIG,0,5,500,2,20,999,999,999,1,10,0.1,1e-4,0.001,1,1e-5,5
83,1,identity,49.05,65.1334460125801,EIG,0,5,500,2,20,999,999,999,1,10,0.1,1e-4,0.001,1,1e-5,5
55,1,identity,60.7,47.796828787120006,EIG,0,5,500,2,20,999,999,999,1,1,1,1e-4,0.001,0.5,1e-5,5
55,1,identity,87.3,75.86143878636129,EIG,0,5,500,2,20,999,999,999,1,1,1,1e-4,0.001,0.5,1e-5,5
55,1,identity,42.35,57.60324826367274,EIG,0,5,500,2,20,999,999,999,1,1,1,1e-4,0.001,0.5,1e-5,5
55,1,identity,96.15,106.30654532505216,EIG,0,5,500,2,20,999,999,999,1,1,1,1e-4,0.001,0.5,1e-5,5
55,1,identity,56.6,62.45537354151784,EIG,0,5,500,2,20,999,999,999,1,1,1,1e-4,0.001,0.5,1e-5,5
83,1,identity,44.85,80.4633129869887,EIG,0,5,500,2,20,999,999,999,1,10,0.1,1e-4,0.001,1,1e-5,5
83,1,identity,43.2,59.92504089540357,EIG,0,5,500,2,20,999,999,999,1,10,0.1,1e-4,0.001,1,1e-5,5
83,1,identity,54.15,75.27302934895354,EIG,0,5,500,2,20,999,999,999,1,10,0.1,1e-4,0.001,1,1e-5,5
83,1,identity,27,35.34640605567462,EIG,0,5,500,2,20,999,999,999,1,10,0.1,1e-4,0.001,1,1e-5,5
83,1,identity,39.25,58.44464317445589,EIG,0,5,500,2,20,999,999,999,1,10,0.1,1e-4,0.001,1,1e-5,5
71,1,identity,7.05,5.844250435932287,EIG,0,5,500,2,20,999,999,999,1,1,10,1e-4,0.001,1,1e-5,5
71,1,identity,10.45,12.96746941997145,EIG,0,5,500,2,20,999,999,999,1,1,10,1e-4,0.001,1,1e-5,5
71,1,identity,9.45,8.21727961131458,EIG,0,5,500,2,20,999,999,999,1,1,10,1e-4,0.001,1,1e-5,5
71,1,identity,7.1,7.254036988572567,EIG,0,5,500,2,20,999,999,999,1,1,10,1e-4,0.001,1,1e-5,5
71,1,identity,7.95,9.533735116058024,EIG,0,5,500,2,20,999,999,999,1,1,10,1e-4,0.001,1,1e-5,5
71,1,identity,6.1,7.137005121566269,EIG,0,5,500,2,20,999,999,999,1,1,10,1e-4,0.001,1,1e-5,5
71,1,identity,7.95,8.494425416583203,EIG,0,5,500,2,20,999,999,999,1,1,10,1e-4,0.001,1,1e-5,5
71,1,identity,6.3,6.641971806149452,EIG,0,5,500,2,20,999,999,999,1,1,10,1e-4,0.001,1,1e-5,5
71,1,identity,8.7,8.335718956773661,EIG,0,5,500,2,20,999,999,999,1,1,10,1e-4,0.001,1,1e-5,5
71,1,identity,5.8,7.661249039295438,EIG,0,5,500,2,20,999,999,999,1,1,10,1e-4,0.001,1,1e-5,5
55,1,identity,14.35,13.623798836478835,EIG,0,5,500,2,20,999,999,999,1,1,1,1e-4,0.001,0.5,1e-5,5
55,1,identity,12.25,18.206057407241953,EIG,0,5,500,2,20,999,999,999,1,1,1,1e-4,0.001,0.5,1e-5,5
55,1,identity,7.8,8.947801847087185,EIG,0,5,500,2,20,999,999,999,1,1,1,1e-4,0.001,0.5,1e-5,5
55,1,identity,10,11.026284386338904,EIG,0,5,500,2,20,999,999,999,1,1,1,1e-4,0.001,0.5,1e-5,5
55,1,identity,12.65,15.872103962944744,EIG,0,5,500,2,20,999,999,999,1,1,1,1e-4,0.001,0.5,1e-5,5
83,1,identity,39.25,69.79735706050465,EIG,0,5,500,2,20,999,999,999,1,10,0.1,1e-4,0.001,1,1e-5,5
83,1,identity,43.7,98.6904250674806,EIG,0,5,500,2,20,999,999,999,1,10,0.1,1e-4,0.001,1,1e-5,5
83,1,identity,27.9,46.33959316542219,EIG,0,5,500,2,20,999,999,999,1,10,0.1,1e-4,0.001,1,1e-5,5
83,1,identity,22.8,64.2188691732791,EIG,0,5,500,2,20,999,999,999,1,10,0.1,1e-4,0.001,1,1e-5,5
83,1,identity,21,29.645271212508035,EIG,0,5,500,2,20,999,999,999,1,10,0.1,1e-4,0.001,1,1e-5,5
83,1,identity,46.75,89.51146648099868,EIG,0,5,500,2,20,999,999,999,1,10,0.1,1e-4,0.001,1,1e-5,5
83,1,identity,10.8,14.795447379443948,EIG,0,5,500,2,20,999,999,999,1,10,0.1,1e-4,0.001,1,1e-5,5
83,1,identity,28.5,50.55013144862913,EIG,0,5,500,2,20,999,999,999,1,10,0.1,1e-4,0.001,1,1e-5,5
83,1,identity,20.35,45.32255741379027,EIG,0,5,500,2,20,999,999,999,1,10,0.1,1e-4,0.001,1,1e-5,5
83,1,identity,27.3,57.55464222897458,EIG,0,5,500,2,20,999,999,999,1,10,0.1,1e-4,0.001,1,1e-5,5
55,1,identity,61.7,74.0512624719134,EIG,0,5,500,2,20,999,999,999,1,1,1,1e-4,0.001,0.5,1e-5,5
55,1,identity,41.4,54.11527656673979,EIG,0,5,500,2,20,999,999,999,1,1,1,1e-4,0.001,0.5,1e-5,5
55,1,identity,66.45,81.29897714123179,EIG,0,5,500,2,20,999,999,999,1,1,1,1e-4,0.001,0.5,1e-5,5
55,1,identity,45.85,92.91041242423856,EIG,0,5,500,2,20,999,999,999,1,1,1,1e-4,0.001,0.5,1e-5,5
55,1,identity,55.35,71.06948045843292,EIG,0,5,500,2,20,999,999,999,1,1,1,1e-4,0.001,0.5,1e-5,5
55,1,identity,37.9,47.770173473457376,EIG,0,5,500,2,20,999,999,999,1,1,1,1e-4,0.001,0.5,1e-5,5
55,1,identity,43.35,51.70796029524599,EIG,0,5,500,2,20,999,999,999,1,1,1,1e-4,0.001,0.5,1e-5,5
55,1,identity,53.85,67.75441333459976,EIG,0,5,500,2,20,999,999,999,1,1,1,1e-4,0.001,0.5,1e-5,5
55,1,identity,57.5,91.04857003414804,EIG,0,5,500,2,20,999,999,999,1,1,1,1e-4,0.001,0.5,1e-5,5
55,1,identity,52.85,88.94781142835801,EIG,0,5,500,2,20,999,999,999,1,1,1,1e-4,0.001,0.5,1e-5,5
71,1,identity,3.55,3.3162280411715708,EIG,0,5,500,2,20,999,999,999,1,1,10,1e-4,0.001,1,1e-5,5
71,1,identity,3.2,2.1667341419992585,EIG,0,5,500,2,20,999,999,999,1,1,10,1e-4,0.001,1,1e-5,5
71,1,identity,2.6,2.280350850198276,EIG,0,5,500,2,20,999,999,999,1,1,10,1e-4,0.001,1,1e-5,5
71,1,identity,3.15,2.66112362496905,EIG,0,5,500,2,20,999,999,999,1,1,10,1e-4,0.001,1,1e-5,5
71,1,identity,3.3,3.096687534158157,EIG,0,5,500,2,20,999,999,999,1,1,10,1e-4,0.001,1,1e-5,5
71,1,identity,2.9,2.7510763443844266,EIG,0,5,500,2,20,999,999,999,1,1,10,1e-4,0.001,1,1e-5,5
71,1,identity,2.7,1.7501879598308412,EIG,0,5,500,2,20,999,999,999,1,1,10,1e-4,0.001,1,1e-5,5
71,1,identity,3.8,2.3973669767168797,EIG,0,5,500,2,20,999,999,999,1,1,10,1e-4,0.001,1,1e-5,5
71,1,identity,2.75,1.9701723141310308,EIG,0,5,500,2,20,999,999,999,1,1,10,1e-4,0.001,1,1e-5,5
71,1,identity,3.55,2.605156829302827,EIG,0,5,500,2,20,999,999,999,1,1,10,1e-4,0.001,1,1e-5,5
83,1,identity,2.8,2.5047323630532494,EIG,0,5,500,2,20,999,999,999,1,10,0.1,1e-4,0.001,1,1e-5,5
83,1,identity,4.45,4.828370107472795,EIG,0,5,500,2,20,999,999,999,1,10,0.1,1e-4,0.001,1,1e-5,5
83,1,identity,3.5,3.0000000000000004,EIG,0,5,500,2,20,999,999,999,1,10,0.1,1e-4,0.001,1,1e-5,5
83,1,identity,2.9,2.5110283068684702,EIG,0,5,500,2,20,999,999,999,1,10,0.1,1e-4,0.001,1,1e-5,5
83,1,identity,2.9,1.860956177543373,EIG,0,5,500,2,20,999,999,999,1,10,0.1,1e-4,0.001,1,1e-5,5
71,1,identity,38.4,40.948491393071144,EIG,0,5,500,2,20,999,999,999,1,1,10,1e-4,0.001,1,1e-5,5
71,1,identity,43.25,41.536128851880264,EIG,0,5,500,2,20,999,999,999,1,1,10,1e-4,0.001,1,1e-5,5
71,1,identity,40.15,35.963834172972334,EIG,0,5,500,2,20,999,999,999,1,1,10,1e-4,0.001,1,1e-5,5
71,1,identity,41.05,41.96674748818214,EIG,0,5,500,2,20,999,999,999,1,1,10,1e-4,0.001,1,1e-5,5
71,1,identity,37.65,38.16622232178329,EIG,0,5,500,2,20,999,999,999,1,1,10,1e-4,0.001,1,1e-5,5
83,1,identity,33.2,29.665858455381613,EIG,0,5,500,2,20,999,999,999,1,10,0.1,1e-4,0.001,1,1e-5,5
83,1,identity,26.2,29.049141666819477,EIG,0,5,500,2,20,999,999,999,1,10,0.1,1e-4,0.001,1,1e-5,5
83,1,identity,24.5,24.332131669439637,EIG,0,5,500,2,20,999,999,999,1,10,0.1,1e-4,0.001,1,1e-5,5
83,1,identity,29.1,28.131084137246507,EIG,0,5,500,2,20,999,999,999,1,10,0.1,1e-4,0.001,1,1e-5,5
83,1,identity,42,41.76374655506603,EIG,0,5,500,2,20,999,999,999,1,10,0.1,1e-4,0.001,1,1e-5,5
55,1,identity,23.55,26.03332884066722,EIG,0,5,500,2,20,999,999,999,1,1,1,1e-4,0.001,0.5,1e-5,5
55,1,identity,39.8,37.0939064367295,EIG,0,5,500,2,20,999,999,999,1,1,1,1e-4,0.001,0.5,1e-5,5
55,1,identity,36.95,33.222495549346014,EIG,0,5,500,2,20,999,999,999,1,1,1,1e-4,0.001,0.5,1e-5,5
55,1,identity,41.05,31.915142421575904,EIG,0,5,500,2,20,999,999,999,1,1,1,1e-4,0.001,0.5,1e-5,5
55,1,identity,34.9,29.03518736400986,EIG,0,5,500,2,20,999,999,999,1,1,1,1e-4,0.001,0.5,1e-5,5
71,1,identity,56.2,78.61471671519605,EIG,0,5,500,2,20,999,999,999,1,1,10,1e-4,0.001,1,1e-5,5
71,1,identity,61.1,66.4275624468607,EIG,0,5,500,2,20,999,999,999,1,1,10,1e-4,0.001,1,1e-5,5
71,1,identity,62.6,68.07534525493755,EIG,0,5,500,2,20,999,999,999,1,1,10,1e-4,0.001,1,1e-5,5
71,1,identity,94.75,96.81445901147312,EIG,0,5,500,2,20,999,999,999,1,1,10,1e-4,0.001,1,1e-5,5
71,1,identity,82.35,93.40701821935856,EIG,0,5,500,2,20,999,999,999,1,1,10,1e-4,0.001,1,1e-5,5
71,1,identity,10,7.622680837992283,EIG,0,5,500,2,20,999,999,999,1,1,10,1e-4,0.001,1,1e-5,5
71,1,identity,17.45,28.197564284507756,EIG,0,5,500,2,20,999,999,999,1,1,10,1e-4,0.001,1,1e-5,5
71,1,identity,17.5,19.752414908988776,EIG,0,5,500,2,20,999,999,999,1,1,10,1e-4,0.001,1,1e-5,5
71,1,identity,14.65,30.69077522987203,EIG,0,5,500,2,20,999,999,999,1,1,10,1e-4,0.001,1,1e-5,5
71,1,identity,14,18.58975382753685,EIG,0,5,500,2,20,999,999,999,1,1,10,1e-4,0.001,1,1e-5,5
71,1,identity,14.85,29.119129180154516,EIG,0,5,500,2,20,999,999,999,1,1,10,1e-4,0.001,1,1e-5,5
71,1,identity,26.5,42.47537986571565,EIG,0,5,500,2,20,999,999,999,1,1,10,1e-4,0.001,1,1e-5,5
71,1,identity,19.05,29.285302582838735,EIG,0,5,500,2,20,999,999,999,1,1,10,1e-4,0.001,1,1e-5,5
71,1,identity,20.55,30.775032600777973,EIG,0,5,500,2,20,999,999,999,1,1,10,1e-4,0.001,1,1e-5,5
71,1,identity,16.5,29.41446117670337,EIG,0,5,500,2,20,999,999,999,1,1,10,1e-4,0.001,1,1e-5,5
71,1,identity,14.5,18.98614453254073,EIG,0,5,500,2,20,999,999,999,1,1,10,1e-4,0.001,1,1e-5,5
71,1,identity,31.2,47.18898176481454,EIG,0,5,500,2,20,999,999,999,1,1,10,1e-4,0.001,1,1e-5,5
71,1,identity,19.3,41.64018807784007,EIG,0,5,500,2,20,999,999,999,1,1,10,1e-4,0.001,1,1e-5,5
71,1,identity,14.75,34.49466015120846,EIG,0,5,500,2,20,999,999,999,1,1,10,1e-4,0.001,1,1e-5,5
71,1,identity,9.1,8.416149888599206,EIG,0,5,500,2,20,999,999,999,1,1,10,1e-4,0.001,1,1e-5,5
83,1,identity,17.2,21.30134663398191,EIG,0,5,500,2,20,999,999,999,1,10,0.1,1e-4,0.001,1,1e-5,5
83,1,identity,17,26.10706700049665,EIG,0,5,500,2,20,999,999,999,1,10,0.1,1e-4,0.001,1,1e-5,5
83,1,identity,19.45,39.262242475570936,EIG,0,5,500,2,20,999,999,999,1,10,0.1,1e-4,0.001,1,1e-5,5
83,1,identity,31.7,52.49070093083656,EIG,0,5,500,2,20,999,999,999,1,10,0.1,1e-4,0.001,1,1e-5,5
83,1,identity,22.85,45.63963535995302,EIG,0,5,500,2,20,999,999,999,1,10,0.1,1e-4,0.001,1,1e-5,5
83,1,identity,50.65,31.69804078288884,EIG,0,5,500,2,20,999,999,999,1,10,0.1,1e-4,0.001,1,1e-5,5
83,1,identity,44.45,33.50958229019212,EIG,0,5,500,2,20,999,999,999,1,10,0.1,1e-4,0.001,1,1e-5,5
83,1,identity,39.75,29.825589507563546,EIG,0,5,500,2,20,999,999,999,1,10,0.1,1e-4,0.001,1,1e-5,5
83,1,identity,42.55,34.33806388803754,EIG,0,5,500,2,20,999,999,999,1,10,0.1,1e-4,0.001,1,1e-5,5
83,1,identity,34.4,30.70470562256575,EIG,0,5,500,2,20,999,999,999,1,10,0.1,1e-4,0.001,1,1e-5,5
55,2,background,46.35,45.66499868896482,EIG,0,5,500,2,20,999,999,999,1,1,1,1e-4,0.001,0.5,1e-5,5
55,2,background,49.6,49.13932930159432,EIG,0,5,500,2,20,999,999,999,1,1,1,1e-4,0.001,0.5,1e-5,5
55,2,background,44.5,48.1188222282256,EIG,0,5,500,2,20,999,999,999,1,1,1,1e-4,0.001,0.5,1e-5,5
55,2,background,55.6,69.71173728856192,EIG,0,5,500,2,20,999,999,999,1,1,1,1e-4,0.001,0.5,1e-5,5
55,2,background,80.15,57.49533161826913,EIG,0,5,500,2,20,999,999,999,1,1,1,1e-4,0.001,0.5,1e-5,5
71,2,background,42,42.16134423104203,EIG,0,5,500,2,20,999,999,999,1,1,10,1e-4,0.001,1,1e-5,5
71,2,background,31.7,41.2069232813588,EIG,0,5,500,2,20,999,999,999,1,1,10,1e-4,0.001,1,1e-5,5
71,2,background,52.15,44.15913209482747,EIG,0,5,500,2,20,999,999,999,1,1,10,1e-4,0.001,1,1e-5,5
71,2,background,40.85,31.179066864265135,EIG,0,5,500,2,20,999,999,999,1,1,10,1e-4,0.001,1,1e-5,5
71,2,background,38.5,32.518011203509644,EIG,0,5,500,2,20,999,999,999,1,1,10,1e-4,0.001,1,1e-5,5
71,2,background,49.95,36.92307080802918,EIG,0,5,500,2,20,999,999,999,1,1,10,1e-4,0.001,1,1e-5,5
71,2,background,28.2,20.33819326447553,EIG,0,5,500,2,20,999,999,999,1,1,10,1e-4,0.001,1,1e-5,5
71,2,background,56.1,43.00538521969937,EIG,0,5,500,2,20,999,999,999,1,1,10,1e-4,0.001,1,1e-5,5
71,2,background,54.25,48.416912008316395,EIG,0,5,500,2,20,999,999,999,1,1,10,1e-4,0.001,1,1e-5,5
71,2,background,49.35,41.08306732770365,EIG,0,5,500,2,20,999,999,999,1,1,10,1e-4,0.001,1,1e-5,5
55,2,background,38.6,36.89159082615184,EIG,0,5,500,2,20,999,999,999,1,1,1,1e-4,0.001,0.5,1e-5,5
55,2,background,31.15,26.041010167163556,EIG,0,5,500,2,20,999,999,999,1,1,1,1e-4,0.001,0.5,1e-5,5
55,2,background,59.05,49.47564525788634,EIG,0,5,500,2,20,999,999,999,1,1,1,1e-4,0.001,0.5,1e-5,5
55,2,background,40.5,32.68912582753508,EIG,0,5,500,2,20,999,999,999,1,1,1,1e-4,0.001,0.5,1e-5,5
55,2,background,42.05,50.842869396023,EIG,0,5,500,2,20,999,999,999,1,1,1,1e-4,0.001,0.5,1e-5,5
55,2,background,65.9,53.069864577891934,EIG,0,5,500,2,20,999,999,999,1,1,1,1e-4,0.001,0.5,1e-5,5
55,2,background,60.95,72.25938292742771,EIG,0,5,500,2,20,999,999,999,1,1,1,1e-4,0.001,0.5,1e-5,5
55,2,background,51.25,50.46507390473659,EIG,0,5,500,2,20,999,999,999,1,1,1,1e-4,0.001,0.5,1e-5,5
55,2,background,45.6,33.69429125471991,EIG,0,5,500,2,20,999,999,999,1,1,1,1e-4,0.001,0.5,1e-5,5
55,2,background,47.55,41.59386974062404,EIG,0,5,500,2,20,999,999,999,1,1,1,1e-4,0.001,0.5,1e-5,5
71,2,background,37.65,28.746212565172915,EIG,0,5,500,2,20,999,999,999,1,1,10,1e-4,0.001,1,1e-5,5
71,2,background,46.9,40.726171593111715,EIG,0,5,500,2,20,999,999,999,1,1,10,1e-4,0.001,1,1e-5,5
71,2,background,42.55,33.980605923782,EIG,0,5,500,2,20,999,999,999,1,1,10,1e-4,0.001,1,1e-5,5
71,2,background,38.55,25.06302581808299,EIG,0,5,500,2,20,999,999,999,1,1,10,1e-4,0.001,1,1e-5,5
71,2,background,42.5,30.505392103174497,EIG,0,5,500,2,20,999,999,999,1,1,10,1e-4,0.001,1,1e-5,5
71,2,background,40.25,30.895196356306545,EIG,0,5,500,2,20,999,999,999,1,1,10,1e-4,0.001,1,1e-5,5
71,2,background,44.2,37.496105060883885,EIG,0,5,500,2,20,999,999,999,1,1,10,1e-4,0.001,1,1e-5,5
71,2,background,50.45,43.04156497839587,EIG,0,5,500,2,20,999,999,999,1,1,10,1e-4,0.001,1,1e-5,5
71,2,background,43.3,29.19823354426194,EIG,0,5,500,2,20,999,999,999,1,1,10,1e-4,0.001,1,1e-5,5
71,2,background,42.9,35.540784578017586,EIG,0,5,500,2,20,999,999,999,1,1,10,1e-4,0.001,1,1e-5,5
83,2,background,41.7,33.45397466748356,EIG,0,5,500,2,20,999,999,999,1,10,0.1,1e-4,0.001,1,1e-5,5
83,2,background,52.1,26.257630469917444,EIG,0,5,500,2,20,999,999,999,1,10,0.1,1e-4,0.001,1,1e-5,5
83,2,background,50.2,42.15709967053686,EIG,0,5,500,2,20,999,999,999,1,10,0.1,1e-4,0.001,1,1e-5,5
83,2,background,27.55,27.31006176639318,EIG,0,5,500,2,20,999,999,999,1,10,0.1,1e-4,0.001,1,1e-5,5
83,2,background,33.65,29.555077932209,EIG,0,5,500,2,20,999,999,999,1,10,0.1,1e-4,0.001,1,1e-5,5
71,2,background,40.9,32.68332908380051,EIG,0,5,500,2,20,999,999,999,1,1,10,1e-4,0.001,1,1e-5,5
71,2,background,52.2,31.086636153955627,EIG,0,5,500,2,20,999,999,999,1,1,10,1e-4,0.001,1,1e-5,5
71,2,background,45.5,29.630176651870514,EIG,0,5,500,2,20,999,999,999,1,1,10,1e-4,0.001,1,1e-5,5
71,2,background,52.9,39.25342760762897,EIG,0,5,500,2,20,999,999,999,1,1,10,1e-4,0.001,1,1e-5,5
71,2,background,57.85,55.82705908711107,EIG,0,5,500,2,20,999,999,999,1,1,10,1e-4,0.001,1,1e-5,5
83,2,background,54.95,41.59386974062405,EIG,0,5,500,2,20,999,999,999,1,10,0.1,1e-4,0.001,1,1e-5,5
83,2,background,44.6,26.224536521919195,EIG,0,5,500,2,20,999,999,999,1,10,0.1,1e-4,0.001,1,1e-5,5
83,2,background,33.25,24.81484063598785,EIG,0,5,500,2,20,999,999,999,1,10,0.1,1e-4,0.001,1,1e-5,5
83,2,background,59.1,53.519204620004345,EIG,0,5,500,2,20,999,999,999,1,10,0.1,1e-4,0.001,1,1e-5,5
83,2,background,41.4,19.90080664855467,EIG,0,5,500,2,20,999,999,999,1,10,0.1,1e-4,0.001,1,1e-5,5
55,2,background,42.95,28.794142313653783,EIG,0,5,500,2,20,999,999,999,1,1,1,1e-4,0.001,0.5,1e-5,5
55,2,background,68.85,66.22551185949891,EIG,0,5,500,2,20,999,999,999,1,1,1,1e-4,0.001,0.5,1e-5,5
55,2,background,66.2,58.35427193129548,EIG,0,5,500,2,20,999,999,999,1,1,1,1e-4,0.001,0.5,1e-5,5
55,2,background,59.05,46.24588175121508,EIG,0,5,500,2,20,999,999,999,1,1,1,1e-4,0.001,0.5,1e-5,5
55,2,background,66.6,48.44682380550974,EIG,0,5,500,2,20,999,999,999,1,1,1,1e-4,0.001,0.5,1e-5,5
71,2,background,59.35,31.432927756867016,EIG,0,5,500,2,20,999,999,999,1,1,10,1e-4,0.001,1,1e-5,5
71,2,background,53,27.006821750302866,EIG,0,5,500,2,20,999,999,999,1,1,10,1e-4,0.001,1,1e-5,5
71,2,background,72.45,32.73252848547805,EIG,0,5,500,2,20,999,999,999,1,1,10,1e-4,0.001,1,1e-5,5
71,2,background,65.7,38.61019772574407,EIG,0,5,500,2,20,999,999,999,1,1,10,1e-4,0.001,1,1e-5,5
71,2,background,54,35.989764626831565,EIG,0,5,500,2,20,999,999,999,1,1,10,1e-4,0.001,1,1e-5,5
71,2,background,58.2,31.642077248998348,EIG,0,5,500,2,20,999,999,999,1,1,10,1e-4,0.001,1,1e-5,5
71,2,background,63,26.46149138495013,EIG,0,5,500,2,20,999,999,999,1,1,10,1e-4,0.001,1,1e-5,5
71,2,background,63.4,40.688030051523555,EIG,0,5,500,2,20,999,999,999,1,1,10,1e-4,0.001,1,1e-5,5
71,2,background,68.8,42.290474229149005,EIG,0,5,500,2,20,999,999,999,1,1,10,1e-4,0.001,1,1e-5,5
71,2,background,51.45,38.18855573956266,EIG,0,5,500,2,20,999,999,999,1,1,10,1e-4,0.001,1,1e-5,5
83,2,background,39.7,28.50318541755234,EIG,0,5,500,2,20,999,999,999,1,10,0.1,1e-4,0.001,1,1e-5,5
83,2,background,62.2,42.77677677874933,EIG,0,5,500,2,20,999,999,999,1,10,0.1,1e-4,0.001,1,1e-5,5
83,2,background,56.4,31.89192275235385,EIG,0,5,500,2,20,999,999,999,1,10,0.1,1e-4,0.001,1,1e-5,5
83,2,background,57.1,38.29786307079644,EIG,0,5,500,2,20,999,999,999,1,10,0.1,1e-4,0.001,1,1e-5,5
83,2,background,57.1,29.751426325826007,EIG,0,5,500,2,20,999,999,999,1,10,0.1,1e-4,0.001,1,1e-5,5
55,2,background,29.5,25.463079567338895,EIG,0,5,500,2,20,999,999,999,1,1,1,1e-4,0.001,0.5,1e-5,5
55,2,background,49.45,60.87647112671779,EIG,0,5,500,2,20,999,999,999,1,1,1,1e-4,0.001,0.5,1e-5,5
55,2,background,33.25,56.762547882430916,EIG,0,5,500,2,20,999,999,999,1,1,1,1e-4,0.001,0.5,1e-5,5
55,2,background,45.7,54.28879888347619,EIG,0,5,500,2,20,999,999,999,1,1,1,1e-4,0.001,0.5,1e-5,5
55,2,background,36.8,37.21290098877001,EIG,0,5,500,2,20,999,999,999,1,1,1,1e-4,0.001,0.5,1e-5,5
71,2,background,43.75,28.63173616442904,EIG,0,5,500,2,20,999,999,999,1,1,10,1e-4,0.001,1,1e-5,5
71,2,background,41.55,33.140013975793515,EIG,0,5,500,2,20,999,999,999,1,1,10,1e-4,0.001,1,1e-5,5
71,2,background,35,27.00097464127818,EIG,0,5,500,2,20,999,999,999,1,1,10,1e-4,0.001,1,1e-5,5
71,2,background,50.75,40.32744266103353,EIG,0,5,500,2,20,999,999,999,1,1,10,1e-4,0.001,1,1e-5,5
71,2,background,39.45,32.91052463238694,EIG,0,5,500,2,20,999,999,999,1,1,10,1e-4,0.001,1,1e-5,5
83,2,background,61.1,54.05835054048445,EIG,0,5,500,2,20,999,999,999,1,10,0.1,1e-4,0.001,1,1e-5,5
71,2,background,37.6,22.27672847567495,EIG,0,5,500,2,20,999,999,999,1,1,10,1e-4,0.001,1,1e-5,5
83,2,background,35,38.59779104669347,EIG,0,5,500,2,20,999,999,999,1,10,0.1,1e-4,0.001,1,1e-5,5
71,2,background,33.5,34.06881580751401,EIG,0,5,500,2,20,999,999,999,1,1,10,1e-4,0.001,1,1e-5,5
83,2,background,38.45,32.36384434909783,EIG,0,5,500,2,20,999,999,999,1,10,0.1,1e-4,0.001,1,1e-5,5
71,2,background,35.45,30.868950504724936,EIG,0,5,500,2,20,999,999,999,1,1,10,1e-4,0.001,1,1e-5,5
83,2,background,46.05,39.70082194562091,EIG,0,5,500,2,20,999,999,999,1,10,0.1,1e-4,0.001,1,1e-5,5
71,2,background,36.95,27.901094111729364,EIG,0,5,500,2,20,999,999,999,1,1,10,1e-4,0.001,1,1e-5,5
83,2,background,51.75,59.04135481971402,EIG,0,5,500,2,20,999,999,999,1,10,0.1,1e-4,0.001,1,1e-5,5
71,2,background,43.35,38.802163531649136,EIG,0,5,500,2,20,999,999,999,1,1,10,1e-4,0.001,1,1e-5,5
83,2,background,34.85,50.98015609812777,EIG,0,5,500,2,20,999,999,999,1,10,0.1,1e-4,0.001,1,1e-5,5
83,2,background,56.4,62.394669138012944,EIG,0,5,500,2,20,999,999,999,1,10,0.1,1e-4,0.001,1,1e-5,5
83,2,background,45.8,42.90086491583026,EIG,0,5,500,2,20,999,999,999,1,10,0.1,1e-4,0.001,1,1e-5,5
83,2,background,37.75,35.89879781010119,EIG,0,5,500,2,20,999,999,999,1,10,0.1,1e-4,0.001,1,1e-5,5
83,2,background,49.7,43.9043218110041,EIG,0,5,500,2,20,999,999,999,1,10,0.1,1e-4,0.001,1,1e-5,5
83,2,background,42.65,34.6733251027964,EIG,0,5,500,2,20,999,999,999,1,10,0.1,1e-4,0.001,1,1e-5,5
83,2,background,43,29.43681905011942,EIG,0,5,500,2,20,999,999,999,1,10,0.1,1e-4,0.001,1,1e-5,5
83,2,background,50.05,36.84601670965833,EIG,0,5,500,2,20,999,999,999,1,10,0.1,1e-4,0.001,1,1e-5,5
55,2,background,72.05,61.48553531223079,EIG,0,5,500,2,20,999,999,999,1,1,1,1e-4,0.001,0.5,1e-5,5
83,2,background,49.4,49.27837147001555,EIG,0,5,500,2,20,999,999,999,1,10,0.1,1e-4,0.001,1,1e-5,5
55,2,background,33.9,21.915867839487778,EIG,0,5,500,2,20,999,999,999,1,1,1,1e-4,0.001,0.5,1e-5,5
83,2,background,51.95,42.106975294136866,EIG,0,5,500,2,20,999,999,999,1,10,0.1,1e-4,0.001,1,1e-5,5
55,2,background,61.2,64.54586292747686,EIG,0,5,500,2,20,999,999,999,1,1,1,1e-4,0.001,0.5,1e-5,5
55,2,background,49.7,62.21956030229181,EIG,0,5,500,2,20,999,999,999,1,1,1,1e-4,0.001,0.5,1e-5,5
55,2,background,63.9,48.08315166130659,EIG,0,5,500,2,20,999,999,999,1,1,1,1e-4,0.001,0.5,1e-5,5
71,2,background,38.15,29.9161547627611,EIG,0,5,500,2,20,999,999,999,1,1,10,1e-4,0.001,1,1e-5,5
71,2,background,50.1,43.77682636185256,EIG,0,5,500,2,20,999,999,999,1,1,10,1e-4,0.001,1,1e-5,5
71,2,background,64.8,34.78293592523419,EIG,0,5,500,2,20,999,999,999,1,1,10,1e-4,0.001,1,1e-5,5
71,2,background,55.2,41.765762861085406,EIG,0,5,500,2,20,999,999,999,1,1,10,1e-4,0.001,1,1e-5,5
71,2,background,48.15,28.857681637194705,EIG,0,5,500,2,20,999,999,999,1,1,10,1e-4,0.001,1,1e-5,5
83,2,background,47.35,47.67353342761248,EIG,0,5,500,2,20,999,999,999,1,10,0.1,1e-4,0.001,1,1e-5,5
83,2,background,32.15,20.71682509713453,EIG,0,5,500,2,20,999,999,999,1,10,0.1,1e-4,0.001,1,1e-5,5
83,2,background,47.2,31.508728949292763,EIG,0,5,500,2,20,999,999,999,1,10,0.1,1e-4,0.001,1,1e-5,5
83,2,background,48.65,34.774877501770696,EIG,0,5,500,2,20,999,999,999,1,10,0.1,1e-4,0.001,1,1e-5,5
83,2,background,57.55,45.85041467986728,EIG,0,5,500,2,20,999,999,999,1,10,0.1,1e-4,0.001,1,1e-5,5
55,2,background,39.05,55.51810989502245,EIG,0,5,500,2,20,999,999,999,1,1,1,1e-4,0.001,0.5,1e-5,5
55,2,background,56.35,47.129468935107504,EIG,0,5,500,2,20,999,999,999,1,1,1,1e-4,0.001,0.5,1e-5,5
55,2,background,62.8,59.64067845284616,EIG,0,5,500,2,20,999,999,999,1,1,1,1e-4,0.001,0.5,1e-5,5
55,2,background,57.2,51.68792997657342,EIG,0,5,500,2,20,999,999,999,1,1,1,1e-4,0.001,0.5,1e-5,5
55,2,background,41.35,31.150356929610055,EIG,0,5,500,2,20,999,999,999,1,1,1,1e-4,0.001,0.5,1e-5,5
55,2,background,30.7,40.0501002035674,EIG,0,5,500,2,20,999,999,999,1,1,1,1e-4,0.001,0.5,1e-5,5
55,2,background,38.4,43.98492564743661,EIG,0,5,500,2,20,999,999,999,1,1,1,1e-4,0.001,0.5,1e-5,5
55,2,background,35.85,28.771833814559535,EIG,0,5,500,2,20,999,999,999,1,1,1,1e-4,0.001,0.5,1e-5,5
55,2,background,38.75,49.48564385120619,EIG,0,5,500,2,20,999,999,999,1,1,1,1e-4,0.001,0.5,1e-5,5
55,2,background,19.1,21.173220424817163,EIG,0,5,500,2,20,999,999,999,1,1,1,1e-4,0.001,0.5,1e-5,5
55,2,background,49.05,34.62350129760512,EIG,0,5,500,2,20,999,999,999,1,1,1,1e-4,0.001,0.5,1e-5,5
55,2,background,32.4,28.24032204975156,EIG,0,5,500,2,20,999,999,999,1,1,1,1e-4,0.001,0.5,1e-5,5
55,2,background,35.35,34.018996241264354,EIG,0,5,500,2,20,999,999,999,1,1,1,1e-4,0.001,0.5,1e-5,5
55,2,background,37.05,36.4395317434817,EIG,0,5,500,2,20,999,999,999,1,1,1,1e-4,0.001,0.5,1e-5,5
55,2,background,56,50.67751499744033,EIG,0,5,500,2,20,999,999,999,1,1,1,1e-4,0.001,0.5,1e-5,5
83,2,background,48.2,43.29896072655786,EIG,0,5,500,2,20,999,999,999,1,10,0.1,1e-4,0.001,1,1e-5,5
83,2,background,39.35,31.1875059329179,EIG,0,5,500,2,20,999,999,999,1,10,0.1,1e-4,0.001,1,1e-5,5
83,2,background,24.8,24.390679842060468,EIG,0,5,500,2,20,999,999,999,1,10,0.1,1e-4,0.001,1,1e-5,5
83,2,background,27.85,30.138758050757588,EIG,0,5,500,2,20,999,999,999,1,10,0.1,1e-4,0.001,1,1e-5,5
83,2,background,37.65,31.19425554404798,EIG,0,5,500,2,20,999,999,999,1,10,0.1,1e-4,0.001,1,1e-5,5
55,2,background,42.25,52.60365706718598,EIG,0,5,500,2,20,999,999,999,1,1,1,1e-4,0.001,0.5,1e-5,5
55,2,background,19.95,25.280479259281208,EIG,0,5,500,2,20,999,999,999,1,1,1,1e-4,0.001,0.5,1e-5,5
55,2,background,36.3,37.79181197867573,EIG,0,5,500,2,20,999,999,999,1,1,1,1e-4,0.001,0.5,1e-5,5
55,2,background,31.15,29.877425028201294,EIG,0,5,500,2,20,999,999,999,1,1,1,1e-4,0.001,0.5,1e-5,5
55,2,background,32.2,28.06683752083681,EIG,0,5,500,2,20,999,999,999,1,1,1,1e-4,0.001,0.5,1e-5,5
83,2,background,50.8,37.68512201191117,EIG,0,5,500,2,20,999,999,999,1,10,0.1,1e-4,0.001,1,1e-5,5
83,2,background,46.4,30.06904335726451,EIG,0,5,500,2,20,999,999,999,1,10,0.1,1e-4,0.001,1,1e-5,5
83,2,background,48.2,38.31119116421535,EIG,0,5,500,2,20,999,999,999,1,10,0.1,1e-4,0.001,1,1e-5,5
83,2,background,33.9,22.416863952696065,EIG,0,5,500,2,20,999,999,999,1,10,0.1,1e-4,0.001,1,1e-5,5
83,2,background,45.2,30.12360501247101,EIG,0,5,500,2,20,999,999,999,1,10,0.1,1e-4,0.001,1,1e-5,5
83,2,background,53.65,38.54494983645376,EIG,0,5,500,2,20,999,999,999,1,10,0.1,1e-4,0.001,1,1e-5,5
83,2,background,44.2,33.68679266418814,EIG,0,5,500,2,20,999,999,999,1,10,0.1,1e-4,0.001,1,1e-5,5
83,2,background,37.55,20.283451901799943,EIG,0,5,500,2,20,999,999,999,1,10,0.1,1e-4,0.001,1,1e-5,5
83,2,background,45.35,29.415847858988492,EIG,0,5,500,2,20,999,999,999,1,10,0.1,1e-4,0.001,1,1e-5,5
83,2,background,53.15,34.685466393683804,EIG,0,5,500,2,20,999,999,999,1,10,0.1,1e-4,0.001,1,1e-5,5
83,2,background,40.85,24.43740661578604,EIG,0,5,500,2,20,999,999,999,1,10,0.1,1e-4,0.001,1,1e-5,5
83,2,background,37.55,28.583165822229223,EIG,0,5,500,2,20,999,999,999,1,10,0.1,1e-4,0.001,1,1e-5,5
83,2,background,51.25,37.89858350359479,EIG,0,5,500,2,20,999,999,999,1,10,0.1,1e-4,0.001,1,1e-5,5
83,2,background,51.1,46.2281527347044,EIG,0,5,500,2,20,999,999,999,1,10,0.1,1e-4,0.001,1,1e-5,5
83,2,background,53.55,42.900711563231425,EIG,0,5,500,2,20,999,999,999,1,10,0.1,1e-4,0.001,1,1e-5,5
71,2,background,67.95,40.24330607952739,EIG,0,5,500,2,20,999,999,999,1,1,10,1e-4,0.001,1,1e-5,5
71,2,background,73.2,34.259996620272055,EIG,0,5,500,2,20,999,999,999,1,1,10,1e-4,0.001,1,1e-5,5
71,2,background,55.5,32.14195487455446,EIG,0,5,500,2,20,999,999,999,1,1,10,1e-4,0.001,1,1e-5,5
71,2,background,69.2,35.58473948493267,EIG,0,5,500,2,20,999,999,999,1,1,10,1e-4,0.001,1,1e-5,5
71,2,background,62.5,34.583993863909754,EIG,0,5,500,2,20,999,999,999,1,1,10,1e-4,0.001,1,1e-5,5
71,2,background,81.65,41.811953717617776,EIG,0,5,500,2,20,999,999,999,1,1,10,1e-4,0.001,1,1e-5,5
71,2,background,52.85,28.55516360347201,EIG,0,5,500,2,20,999,999,999,1,1,10,1e-4,0.001,1,1e-5,5
71,2,background,53.55,34.874926900508186,EIG,0,5,500,2,20,999,999,999,1,1,10,1e-4,0.001,1,1e-5,5
71,2,background,60.65,42.250225785756086,EIG,0,5,500,2,20,999,999,999,1,1,10,1e-4,0.001,1,1e-5,5
71,2,background,49.45,29.207920699340228,EIG,0,5,500,2,20,999,999,999,1,1,10,1e-4,0.001,1,1e-5,5
55,2,background,63.45,44.407769590466934,EIG,0,5,500,2,20,999,999,999,1,1,1,1e-4,0.001,0.5,1e-5,5
55,2,background,86.85,59.41316086702109,EIG,0,5,500,2,20,999,999,999,1,1,1,1e-4,0.001,0.5,1e-5,5
55,2,background,59.95,38.251900537579075,EIG,0,5,500,2,20,999,999,999,1,1,1,1e-4,0.001,0.5,1e-5,5
55,2,background,54.2,45.34383263349865,EIG,0,5,500,2,20,999,999,999,1,1,1,1e-4,0.001,0.5,1e-5,5
83,2,background,69.2,50.685407429710864,EIG,0,5,500,2,20,999,999,999,1,10,0.1,1e-4,0.001,1,1e-5,5
55,2,background,75.25,47.24056575266197,EIG,0,5,500,2,20,999,999,999,1,1,1,1e-4,0.001,0.5,1e-5,5
83,2,background,66.75,35.33579518070354,EIG,0,5,500,2,20,999,999,999,1,10,0.1,1e-4,0.001,1,1e-5,5
83,2,background,83.65,33.125399699673935,EIG,0,5,500,2,20,999,999,999,1,10,0.1,1e-4,0.001,1,1e-5,5
83,2,background,71.85,38.388971826486014,EIG,0,5,500,2,20,999,999,999,1,10,0.1,1e-4,0.001,1,1e-5,5
83,2,background,75.9,42.27840060710359,EIG,0,5,500,2,20,999,999,999,1,10,0.1,1e-4,0.001,1,1e-5,5
55,2,background,73.4,71.87738096742841,EIG,0,5,500,2,20,999,999,999,1,1,1,1e-4,0.001,0.5,1e-5,5
55,2,background,69.25,66.20611754211238,EIG,0,5,500,2,20,999,999,999,1,1,1,1e-4,0.001,0.5,1e-5,5
55,2,background,62.4,40.8300714773083,EIG,0,5,500,2,20,999,999,999,1,1,1,1e-4,0.001,0.5,1e-5,5
55,2,background,47.4,35.87756959438585,EIG,0,5,500,2,20,999,999,999,1,1,1,1e-4,0.001,0.5,1e-5,5
55,2,background,67.9,77.43581382769794,EIG,0,5,500,2,20,999,999,999,1,1,1,1e-4,0.001,0.5,1e-5,5
55,2,background,48.6,37.70718206054874,EIG,0,5,500,2,20,999,999,999,1,1,1,1e-4,0.001,0.5,1e-5,5
55,2,background,68.6,36.94433935701538,EIG,0,5,500,2,20,999,999,999,1,1,1,1e-4,0.001,0.5,1e-5,5
55,2,background,58.3,37.83913318246072,EIG,0,5,500,2,20,999,999,999,1,1,1,1e-4,0.001,0.5,1e-5,5
55,2,background,84.9,77.1607344921523,EIG,0,5,500,2,20,999,999,999,1,1,1,1e-4,0.001,0.5,1e-5,5
55,2,background,101.25,111.8395820148804,EIG,0,5,500,2,20,999,999,999,1,1,1,1e-4,0.001,0.5,1e-5,5
71,2,background,80.65,38.60907310873688,EIG,0,5,500,2,20,999,999,999,1,1,10,1e-4,0.001,1,1e-5,5
71,2,background,61.65,30.865199275491307,EIG,0,5,500,2,20,999,999,999,1,1,10,1e-4,0.001,1,1e-5,5
71,2,background,53.25,30.42830226856846,EIG,0,5,500,2,20,999,999,999,1,1,10,1e-4,0.001,1,1e-5,5
71,2,background,53.75,38.61261724522589,EIG,0,5,500,2,20,999,999,999,1,1,10,1e-4,0.001,1,1e-5,5
71,2,background,62.55,39.516119295934494,EIG,0,5,500,2,20,999,999,999,1,1,10,1e-4,0.001,1,1e-5,5
83,2,background,80.95,48.42625973146127,EIG,0,5,500,2,20,999,999,999,1,10,0.1,1e-4,0.001,1,1e-5,5
83,2,background,56.25,30.48014884616233,EIG,0,5,500,2,20,999,999,999,1,10,0.1,1e-4,0.001,1,1e-5,5
83,2,background,66.55,49.65933950426646,EIG,0,5,500,2,20,999,999,999,1,10,0.1,1e-4,0.001,1,1e-5,5
83,2,background,61.4,36.52598210070541,EIG,0,5,500,2,20,999,999,999,1,10,0.1,1e-4,0.001,1,1e-5,5
83,2,background,74.3,49.54646941588217,EIG,0,5,500,2,20,999,999,999,1,10,0.1,1e-4,0.001,1,1e-5,5
83,2,background,40.55,27.94633014227544,EIG,0,5,500,2,20,999,999,999,1,10,0.1,1e-4,0.001,1,1e-5,5
83,2,background,36.8,35.52997252135753,EIG,0,5,500,2,20,999,999,999,1,10,0.1,1e-4,0.001,1,1e-5,5
83,2,background,47.9,36.35193472010447,EIG,0,5,500,2,20,999,999,999,1,10,0.1,1e-4,0.001,1,1e-5,5
83,2,background,33.85,27.644881509679337,EIG,0,5,500,2,20,999,999,999,1,10,0.1,1e-4,0.001,1,1e-5,5
83,2,background,42.5,38.50973902793942,EIG,0,5,500,2,20,999,999,999,1,10,0.1,1e-4,0.001,1,1e-5,5
83,2,background,36.25,32.98304987334204,EIG,0,5,500,2,20,999,999,999,1,10,0.1,1e-4,0.001,1,1e-5,5
83,2,background,33.55,40.20012437791704,EIG,0,5,500,2,20,999,999,999,1,10,0.1,1e-4,0.001,1,1e-5,5
83,2,background,29.5,29.997368305622373,EIG,0,5,500,2,20,999,999,999,1,10,0.1,1e-4,0.001,1,1e-5,5
83,2,background,38.1,29.81151314156116,EIG,0,5,500,2,20,999,999,999,1,10,0.1,1e-4,0.001,1,1e-5,5
83,2,background,33.2,29.344774483265063,EIG,0,5,500,2,20,999,999,999,1,10,0.1,1e-4,0.001,1,1e-5,5
83,2,background,52.85,33.79236132930823,EIG,0,5,500,2,20,999,999,999,1,10,0.1,1e-4,0.001,1,1e-5,5
83,2,background,56.75,45.87038374881072,EIG,0,5,500,2,20,999,999,999,1,10,0.1,1e-4,0.001,1,1e-5,5
83,2,background,64.8,40.91145766678392,EIG,0,5,500,2,20,999,999,999,1,10,0.1,1e-4,0.001,1,1e-5,5
83,2,background,69.1,31.665854098531337,EIG,0,5,500,2,20,999,999,999,1,10,0.1,1e-4,0.001,1,1e-5,5
83,2,background,47.85,29.01954876503623,EIG,0,5,500,2,20,999,999,999,1,10,0.1,1e-4,0.001,1,1e-5,5
55,2,background,9.5,11.23668803049799,EIG,0,5,500,2,20,999,999,999,1,1,1,1e-4,0.001,0.5,1e-5,5
55,2,background,13.05,18.872076281053303,EIG,0,5,500,2,20,999,999,999,1,1,1,1e-4,0.001,0.5,1e-5,5
55,2,background,10.65,13.283448347473636,EIG,0,5,500,2,20,999,999,999,1,1,1,1e-4,0.001,0.5,1e-5,5
55,2,background,11.9,16.751747748565787,EIG,0,5,500,2,20,999,999,999,1,1,1,1e-4,0.001,0.5,1e-5,5
55,2,background,7.9,8.194349786349898,EIG,0,5,500,2,20,999,999,999,1,1,1,1e-4,0.001,0.5,1e-5,5
71,2,background,66,39.78759394056076,EIG,0,5,500,2,20,999,999,999,1,1,10,1e-4,0.001,1,1e-5,5
71,2,background,62.15,38.50943151735005,EIG,0,5,500,2,20,999,999,999,1,1,10,1e-4,0.001,1,1e-5,5
71,2,background,69.05,40.64282807192692,EIG,0,5,500,2,20,999,999,999,1,1,10,1e-4,0.001,1,1e-5,5
71,2,background,56.4,42.38594603229508,EIG,0,5,500,2,20,999,999,999,1,1,10,1e-4,0.001,1,1e-5,5
71,2,background,33.25,30.277445140079543,EIG,0,5,500,2,20,999,999,999,1,1,10,1e-4,0.001,1,1e-5,5
55,2,background,39.15,37.488629855211464,EIG,0,5,500,2,20,999,999,999,1,1,1,1e-4,0.001,0.5,1e-5,5
55,2,background,54.5,43.58476315121339,EIG,0,5,500,2,20,999,999,999,1,1,1,1e-4,0.001,0.5,1e-5,5
55,2,background,67.95,74.20630913736025,EIG,0,5,500,2,20,999,999,999,1,1,1,1e-4,0.001,0.5,1e-5,5
55,2,background,45.05,37.15894027155865,EIG,0,5,500,2,20,999,999,999,1,1,1,1e-4,0.001,0.5,1e-5,5
55,2,background,43.6,54.85809444663375,EIG,0,5,500,2,20,999,999,999,1,1,1,1e-4,0.001,0.5,1e-5,5
71,2,background,16.1,24.6360882062324,EIG,0,5,500,2,20,999,999,999,1,1,10,1e-4,0.001,1,1e-5,5
71,2,background,13.1,18.909479661075594,EIG,0,5,500,2,20,999,999,999,1,1,10,1e-4,0.001,1,1e-5,5
71,2,background,6.25,7.3975458234827,EIG,0,5,500,2,20,999,999,999,1,1,10,1e-4,0.001,1,1e-5,5
71,2,background,15.75,22.932108035402425,EIG,0,5,500,2,20,999,999,999,1,1,10,1e-4,0.001,1,1e-5,5
71,2,background,6.85,7.1323945930927675,EIG,0,5,500,2,20,999,999,999,1,1,10,1e-4,0.001,1,1e-5,5
83,2,background,57.3,45.161814331182605,EIG,0,5,500,2,20,999,999,999,1,10,0.1,1e-4,0.001,1,1e-5,5
83,2,background,55.3,31.10102384505253,EIG,0,5,500,2,20,999,999,999,1,10,0.1,1e-4,0.001,1,1e-5,5
83,2,background,48.35,34.23952010239199,EIG,0,5,500,2,20,999,999,999,1,10,0.1,1e-4,0.001,1,1e-5,5
83,2,background,45.8,38.231428239907,EIG,0,5,500,2,20,999,999,999,1,10,0.1,1e-4,0.001,1,1e-5,5
83,2,background,55.55,27.340879360593476,EIG,0,5,500,2,20,999,999,999,1,10,0.1,1e-4,0.001,1,1e-5,5
83,2,background,44.25,31.465729059774823,EIG,0,5,500,2,20,999,999,999,1,10,0.1,1e-4,0.001,1,1e-5,5
83,2,background,59.2,30.962796011376387,EIG,0,5,500,2,20,999,999,999,1,10,0.1,1e-4,0.001,1,1e-5,5
83,2,background,60.65,60.43027735376225,EIG,0,5,500,2,20,999,999,999,1,10,0.1,1e-4,0.001,1,1e-5,5
83,2,background,58.85,38.94838014333169,EIG,0,5,500,2,20,999,999,999,1,10,0.1,1e-4,0.001,1,1e-5,5
83,2,background,55.8,44.81494111753826,EIG,0,5,500,2,20,999,999,999,1,10,0.1,1e-4,0.001,1,1e-5,5
55,2,background,77.2,60.019821287374896,EIG,0,5,500,2,20,999,999,999,1,1,1,1e-4,0.001,0.5,1e-5,5
55,2,background,73.9,64.42204591597506,EIG,0,5,500,2,20,999,999,999,1,1,1,1e-4,0.001,0.5,1e-5,5
55,2,background,56.25,48.78618764838218,EIG,0,5,500,2,20,999,999,999,1,1,1,1e-4,0.001,0.5,1e-5,5
55,2,background,59.65,63.37214646331953,EIG,0,5,500,2,20,999,999,999,1,1,1,1e-4,0.001,0.5,1e-5,5
55,2,background,115.35,77.90093236385488,EIG,0,5,500,2,20,999,999,999,1,1,1,1e-4,0.001,0.5,1e-5,5
55,2,background,73.35,65.64199153462347,EIG,0,5,500,2,20,999,999,999,1,1,1,1e-4,0.001,0.5,1e-5,5
55,2,background,91,71.37152609298826,EIG,0,5,500,2,20,999,999,999,1,1,1,1e-4,0.001,0.5,1e-5,5
55,2,background,60.25,54.02618760720046,EIG,0,5,500,2,20,999,999,999,1,1,1,1e-4,0.001,0.5,1e-5,5
55,2,background,64.5,41.90653761332284,EIG,0,5,500,2,20,999,999,999,1,1,1,1e-4,0.001,0.5,1e-5,5
55,2,background,55.4,44.13901484604009,EIG,0,5,500,2,20,999,999,999,1,1,1,1e-4,0.001,0.5,1e-5,5
83,2,background,62.1,46.67908356111186,EIG,0,5,500,2,20,999,999,999,1,10,0.1,1e-4,0.001,1,1e-5,5
83,2,background,83.7,67.9032593590245,EIG,0,5,500,2,20,999,999,999,1,10,0.1,1e-4,0.001,1,1e-5,5
83,2,background,64.4,42.298936156834955,EIG,0,5,500,2,20,999,999,999,1,10,0.1,1e-4,0.001,1,1e-5,5
83,2,background,71.95,50.511567200519835,EIG,0,5,500,2,20,999,999,999,1,10,0.1,1e-4,0.001,1,1e-5,5
83,2,background,58.9,43.309048525804926,EIG,0,5,500,2,20,999,999,999,1,10,0.1,1e-4,0.001,1,1e-5,5
71,2,background,27.45,25.820177748175333,EIG,0,5,500,2,20,999,999,999,1,1,10,1e-4,0.001,1,1e-5,5
71,2,background,31.95,24.35802040180476,EIG,0,5,500,2,20,999,999,999,1,1,10,1e-4,0.001,1,1e-5,5
71,2,background,33.15,27.040466750876607,EIG,0,5,500,2,20,999,999,999,1,1,10,1e-4,0.001,1,1e-5,5
71,2,background,33.15,36.90282402544055,EIG,0,5,500,2,20,999,999,999,1,1,10,1e-4,0.001,1,1e-5,5
71,2,background,44.8,34.92789565285665,EIG,0,5,500,2,20,999,999,999,1,1,10,1e-4,0.001,1,1e-5,5
55,2,background,41.85,34.73853464776089,EIG,0,5,500,2,20,999,999,999,1,1,1,1e-4,0.001,0.5,1e-5,5
55,2,background,44.25,62.90667691111969,EIG,0,5,500,2,20,999,999,999,1,1,1,1e-4,0.001,0.5,1e-5,5
55,2,background,36.45,38.38787500459515,EIG,0,5,500,2,20,999,999,999,1,1,1,1e-4,0.001,0.5,1e-5,5
55,2,background,29.35,27.87051828498502,EIG,0,5,500,2,20,999,999,999,1,1,1,1e-4,0.001,0.5,1e-5,5
55,2,background,47.55,42.77539258179071,EIG,0,5,500,2,20,999,999,999,1,1,1,1e-4,0.001,0.5,1e-5,5
71,2,background,50.55,38.3686755460479,EIG,0,5,500,2,20,999,999,999,1,1,10,1e-4,0.001,1,1e-5,5
71,2,background,47.2,36.35294819000603,EIG,0,5,500,2,20,999,999,999,1,1,10,1e-4,0.001,1,1e-5,5
71,2,background,67.7,38.89811252354974,EIG,0,5,500,2,20,999,999,999,1,1,10,1e-4,0.001,1,1e-5,5
71,2,background,57.25,31.23236344428307,EIG,0,5,500,2,20,999,999,999,1,1,10,1e-4,0.001,1,1e-5,5
71,2,background,48.7,32.6336926310346,EIG,0,5,500,2,20,999,999,999,1,1,10,1e-4,0.001,1,1e-5,5
55,2,background,54.35,56.08102690703308,EIG,0,5,500,2,20,999,999,999,1,1,1,1e-4,0.001,0.5,1e-5,5
55,2,background,45.85,39.93451877102921,EIG,0,5,500,2,20,999,999,999,1,1,1,1e-4,0.001,0.5,1e-5,5
55,2,background,77.95,79.6984283012169,EIG,0,5,500,2,20,999,999,999,1,1,1,1e-4,0.001,0.5,1e-5,5
55,2,background,53.8,74.89824676466768,EIG,0,5,500,2,20,999,999,999,1,1,1,1e-4,0.001,0.5,1e-5,5
55,2,background,58.85,40.625730762658286,EIG,0,5,500,2,20,999,999,999,1,1,1,1e-4,0.001,0.5,1e-5,5
83,2,background,49.35,27.01320339935153,EIG,0,5,500,2,20,999,999,999,1,10,0.1,1e-4,0.001,1,1e-5,5
83,2,background,53.75,37.47543054771809,EIG,0,5,500,2,20,999,999,999,1,10,0.1,1e-4,0.001,1,1e-5,5
83,2,background,60.45,40.09656108104928,EIG,0,5,500,2,20,999,999,999,1,10,0.1,1e-4,0.001,1,1e-5,5
83,2,background,62.65,43.9045315968277,EIG,0,5,500,2,20,999,999,999,1,10,0.1,1e-4,0.001,1,1e-5,5
83,2,background,70.2,42.898411208464665,EIG,0,5,500,2,20,999,999,999,1,10,0.1,1e-4,0.001,1,1e-5,5
71,2,background,35.5,32.29876973378072,EIG,0,5,500,2,20,999,999,999,1,1,10,1e-4,0.001,1,1e-5,5
71,2,background,30.95,33.3726566297368,EIG,0,5,500,2,20,999,999,999,1,1,10,1e-4,0.001,1,1e-5,5
71,2,background,43.2,35.617263702932185,EIG,0,5,500,2,20,999,999,999,1,1,10,1e-4,0.001,1,1e-5,5
71,2,background,40.65,34.64143396813159,EIG,0,5,500,2,20,999,999,999,1,1,10,1e-4,0.001,1,1e-5,5
71,2,background,28.5,25.039968051097823,EIG,0,5,500,2,20,999,999,999,1,1,10,1e-4,0.001,1,1e-5,5
71,2,background,33.55,26.07978648604882,EIG,0,5,500,2,20,999,999,999,1,1,10,1e-4,0.001,1,1e-5,5
71,2,background,45.95,28.12093245440597,EIG,0,5,500,2,20,999,999,999,1,1,10,1e-4,0.001,1,1e-5,5
71,2,background,38.85,36.857156699886666,EIG,0,5,500,2,20,999,999,999,1,1,10,1e-4,0.001,1,1e-5,5
71,2,background,27.1,27.952779731841375,EIG,0,5,500,2,20,999,999,999,1,1,10,1e-4,0.001,1,1e-5,5
71,2,background,46.9,30.925887639901138,EIG,0,5,500,2,20,999,999,999,1,1,10,1e-4,0.001,1,1e-5,5
55,2,background,33.3,49.3484922182079,EIG,0,5,500,2,20,999,999,999,1,1,1,1e-4,0.001,0.5,1e-5,5
55,2,background,36.8,35.516638058061865,EIG,0,5,500,2,20,999,999,999,1,1,1,1e-4,0.001,0.5,1e-5,5
55,2,background,28.05,29.678053206119554,EIG,0,5,500,2,20,999,999,999,1,1,1,1e-4,0.001,0.5,1e-5,5
55,2,background,27.8,25.527281587806367,EIG,0,5,500,2,20,999,999,999,1,1,1,1e-4,0.001,0.5,1e-5,5
55,2,background,24.75,26.777592753722477,EIG,0,5,500,2,20,999,999,999,1,1,1,1e-4,0.001,0.5,1e-5,5
71,2,background,26.85,23.651582788918223,EIG,0,5,500,2,20,999,999,999,1,1,10,1e-4,0.001,1,1e-5,5
71,2,background,40.35,35.56354579444637,EIG,0,5,500,2,20,999,999,999,1,1,10,1e-4,0.001,1,1e-5,5
71,2,background,37.1,36.60011504152182,EIG,0,5,500,2,20,999,999,999,1,1,10,1e-4,0.001,1,1e-5,5
71,2,background,34.45,21.33560157897691,EIG,0,5,500,2,20,999,999,999,1,1,10,1e-4,0.001,1,1e-5,5
71,2,background,29.3,31.58463983781057,EIG,0,5,500,2,20,999,999,999,1,1,10,1e-4,0.001,1,1e-5,5
83,2,identity,24.65,23.26794723264286,EIG,0,5,500,2,20,999,999,999,1,10,0.1,1e-4,0.001,1,1e-5,5
83,2,identity,36.45,58.71203140395457,EIG,0,5,500,2,20,999,999,999,1,10,0.1,1e-4,0.001,1,1e-5,5
83,2,identity,25.6,25.27199406874191,EIG,0,5,500,2,20,999,999,999,1,10,0.1,1e-4,0.001,1,1e-5,5
83,2,identity,27.65,28.69673555613857,EIG,0,5,500,2,20,999,999,999,1,10,0.1,1e-4,0.001,1,1e-5,5
83,2,identity,23.65,21.5974535536021,EIG,0,5,500,2,20,999,999,999,1,10,0.1,1e-4,0.001,1,1e-5,5
83,2,identity,41.8,41.492675320629274,EIG,0,5,500,2,20,999,999,999,1,10,0.1,1e-4,0.001,1,1e-5,5
83,2,identity,23.2,18.251459927186215,EIG,0,5,500,2,20,999,999,999,1,10,0.1,1e-4,0.001,1,1e-5,5
83,2,identity,28.35,27.4557538787889,EIG,0,5,500,2,20,999,999,999,1,10,0.1,1e-4,0.001,1,1e-5,5
83,2,identity,32.05,27.257978069201183,EIG,0,5,500,2,20,999,999,999,1,10,0.1,1e-4,0.001,1,1e-5,5
83,2,identity,30.35,30.428994137344176,EIG,0,5,500,2,20,999,999,999,1,10,0.1,1e-4,0.001,1,1e-5,5
71,2,identity,32.85,39.08731790558968,EIG,0,5,500,2,20,999,999,999,1,1,10,1e-4,0.001,1,1e-5,5
71,2,identity,40.2,43.63315977074028,EIG,0,5,500,2,20,999,999,999,1,1,10,1e-4,0.001,1,1e-5,5
71,2,identity,59.5,65.0566554708481,EIG,0,5,500,2,20,999,999,999,1,1,10,1e-4,0.001,1,1e-5,5
71,2,identity,53.65,59.161042480406145,EIG,0,5,500,2,20,999,999,999,1,1,10,1e-4,0.001,1,1e-5,5
71,2,identity,36.65,47.29890952342626,EIG,0,5,500,2,20,999,999,999,1,1,10,1e-4,0.001,1,1e-5,5
71,2,identity,58.2,85.98016907220067,EIG,0,5,500,2,20,999,999,999,1,1,10,1e-4,0.001,1,1e-5,5
71,2,identity,53.65,59.10407858399585,EIG,0,5,500,2,20,999,999,999,1,1,10,1e-4,0.001,1,1e-5,5
71,2,identity,58.1,85.90747777022735,EIG,0,5,500,2,20,999,999,999,1,1,10,1e-4,0.001,1,1e-5,5
71,2,identity,23.6,21.293438574260133,EIG,0,5,500,2,20,999,999,999,1,1,10,1e-4,0.001,1,1e-5,5
71,2,identity,56.75,63.05125317006625,EIG,0,5,500,2,20,999,999,999,1,1,10,1e-4,0.001,1,1e-5,5
83,2,identity,29.05,32.25143815642792,EIG,0,5,500,2,20,999,999,999,1,10,0.1,1e-4,0.001,1,1e-5,5
83,2,identity,43.4,48.83635401710708,EIG,0,5,500,2,20,999,999,999,1,10,0.1,1e-4,0.001,1,1e-5,5
83,2,identity,45.8,44.79849621536302,EIG,0,5,500,2,20,999,999,999,1,10,0.1,1e-4,0.001,1,1e-5,5
83,2,identity,53.05,62.02925880073387,EIG,0,5,500,2,20,999,999,999,1,10,0.1,1e-4,0.001,1,1e-5,5
83,2,identity,35.65,33.986491124377174,EIG,0,5,500,2,20,999,999,999,1,10,0.1,1e-4,0.001,1,1e-5,5
83,2,identity,38.25,40.62003006036878,EIG,0,5,500,2,20,999,999,999,1,10,0.1,1e-4,0.001,1,1e-5,5
83,2,identity,32,21.621139752809665,EIG,0,5,500,2,20,999,999,999,1,10,0.1,1e-4,0.001,1,1e-5,5
83,2,identity,35.9,35.86803297469328,EIG,0,5,500,2,20,999,999,999,1,10,0.1,1e-4,0.001,1,1e-5,5
83,2,identity,31.15,35.742168814706076,EIG,0,5,500,2,20,999,999,999,1,10,0.1,1e-4,0.001,1,1e-5,5
83,2,identity,33.65,30.728479846621283,EIG,0,5,500,2,20,999,999,999,1,10,0.1,1e-4,0.001,1,1e-5,5
71,2,identity,74.05,64.05382194110791,EIG,0,5,500,2,20,999,999,999,1,1,10,1e-4,0.001,1,1e-5,5
71,2,identity,61.15,57.430301006386955,EIG,0,5,500,2,20,999,999,999,1,1,10,1e-4,0.001,1,1e-5,5
71,2,identity,51.5,45.78496650533597,EIG,0,5,500,2,20,999,999,999,1,1,10,1e-4,0.001,1,1e-5,5
71,2,identity,40.7,39.51828357661938,EIG,0,5,500,2,20,999,999,999,1,1,10,1e-4,0.001,1,1e-5,5
71,2,identity,37.2,29.729659123154224,EIG,0,5,500,2,20,999,999,999,1,1,10,1e-4,0.001,1,1e-5,5
83,2,identity,61.45,50.61045762540219,EIG,0,5,500,2,20,999,999,999,1,10,0.1,1e-4,0.001,1,1e-5,5
83,2,identity,79.7,98.71388746750564,EIG,0,5,500,2,20,999,999,999,1,10,0.1,1e-4,0.001,1,1e-5,5
83,2,identity,46.6,40.46232815842411,EIG,0,5,500,2,20,999,999,999,1,10,0.1,1e-4,0.001,1,1e-5,5
83,2,identity,72.55,75.46939079765002,EIG,0,5,500,2,20,999,999,999,1,10,0.1,1e-4,0.001,1,1e-5,5
83,2,identity,69.25,55.819139332217176,EIG,0,5,500,2,20,999,999,999,1,10,0.1,1e-4,0.001,1,1e-5,5
71,2,identity,66.7,64.065016317718,EIG,0,5,500,2,20,999,999,999,1,1,10,1e-4,0.001,1,1e-5,5
71,2,identity,77.05,74.5360915756147,EIG,0,5,500,2,20,999,999,999,1,1,10,1e-4,0.001,1,1e-5,5
71,2,identity,65.05,61.782704955181,EIG,0,5,500,2,20,999,999,999,1,1,10,1e-4,0.001,1,1e-5,5
71,2,identity,74.1,74.27679385422582,EIG,0,5,500,2,20,999,999,999,1,1,10,1e-4,0.001,1,1e-5,5
71,2,identity,42.1,35.141668174764604,EIG,0,5,500,2,20,999,999,999,1,1,10,1e-4,0.001,1,1e-5,5
55,2,identity,51.55,46.0119835649252,EIG,0,5,500,2,20,999,999,999,1,1,1,1e-4,0.001,0.5,1e-5,5
55,2,identity,45.15,50.35795552055828,EIG,0,5,500,2,20,999,999,999,1,1,1,1e-4,0.001,0.5,1e-5,5
55,2,identity,55.25,43.83806925252838,EIG,0,5,500,2,20,999,999,999,1,1,1,1e-4,0.001,0.5,1e-5,5
55,2,identity,45.55,66.54992190275776,EIG,0,5,500,2,20,999,999,999,1,1,1,1e-4,0.001,0.5,1e-5,5
55,2,identity,30.85,22.771808517504592,EIG,0,5,500,2,20,999,999,999,1,1,1,1e-4,0.001,0.5,1e-5,5
55,2,identity,41.35,33.7440443088227,EIG,0,5,500,2,20,999,999,999,1,1,1,1e-4,0.001,0.5,1e-5,5
55,2,identity,46.3,46.62741456990387,EIG,0,5,500,2,20,999,999,999,1,1,1,1e-4,0.001,0.5,1e-5,5
55,2,identity,73.85,69.84740887331319,EIG,0,5,500,2,20,999,999,999,1,1,1,1e-4,0.001,0.5,1e-5,5
55,2,identity,46,48.72695136650439,EIG,0,5,500,2,20,999,999,999,1,1,1,1e-4,0.001,0.5,1e-5,5
55,2,identity,65.55,58.48479334520709,EIG,0,5,500,2,20,999,999,999,1,1,1,1e-4,0.001,0.5,1e-5,5
71,2,identity,44.95,35.5830755157265,EIG,0,5,500,2,20,999,999,999,1,1,10,1e-4,0.001,1,1e-5,5
71,2,identity,38.95,35.011990427340905,EIG,0,5,500,2,20,999,999,999,1,1,10,1e-4,0.001,1,1e-5,5
71,2,identity,46.55,34.99845861267547,EIG,0,5,500,2,20,999,999,999,1,1,10,1e-4,0.001,1,1e-5,5
71,2,identity,46.45,30.292390915350698,EIG,0,5,500,2,20,999,999,999,1,1,10,1e-4,0.001,1,1e-5,5
71,2,identity,58.45,60.53922173616912,EIG,0,5,500,2,20,999,999,999,1,1,10,1e-4,0.001,1,1e-5,5
55,2,identity,37.05,47.97419810909326,EIG,0,5,500,2,20,999,999,999,1,1,1,1e-4,0.001,0.5,1e-5,5
55,2,identity,52.85,65.92601515095699,EIG,0,5,500,2,20,999,999,999,1,1,1,1e-4,0.001,0.5,1e-5,5
55,2,identity,55.05,35.84539168795841,EIG,0,5,500,2,20,999,999,999,1,1,1,1e-4,0.001,0.5,1e-5,5
55,2,identity,51.25,55.54407922400105,EIG,0,5,500,2,20,999,999,999,1,1,1,1e-4,0.001,0.5,1e-5,5
55,2,identity,33.2,32.957069363835,EIG,0,5,500,2,20,999,999,999,1,1,1,1e-4,0.001,0.5,1e-5,5
55,2,identity,31.8,30.910056275383397,EIG,0,5,500,2,20,999,999,999,1,1,1,1e-4,0.001,0.5,1e-5,5
55,2,identity,22.15,28.63063320806469,EIG,0,5,500,2,20,999,999,999,1,1,1,1e-4,0.001,0.5,1e-5,5
55,2,identity,30.7,31.616284944379696,EIG,0,5,500,2,20,999,999,999,1,1,1,1e-4,0.001,0.5,1e-5,5
55,2,identity,40.25,36.07284297085551,EIG,0,5,500,2,20,999,999,999,1,1,1,1e-4,0.001,0.5,1e-5,5
55,2,identity,31.9,36.76940948239733,EIG,0,5,500,2,20,999,999,999,1,1,1,1e-4,0.001,0.5,1e-5,5
83,2,identity,58.05,50.61877642057134,EIG,0,5,500,2,20,999,999,999,1,10,0.1,1e-4,0.001,1,1e-5,5
83,2,identity,50.45,61.05086317765574,EIG,0,5,500,2,20,999,999,999,1,10,0.1,1e-4,0.001,1,1e-5,5
83,2,identity,47,42.02881217250351,EIG,0,5,500,2,20,999,999,999,1,10,0.1,1e-4,0.001,1,1e-5,5
83,2,identity,55.9,40.369217037373,EIG,0,5,500,2,20,999,999,999,1,10,0.1,1e-4,0.001,1,1e-5,5
83,2,identity,55.3,42.929685472139695,EIG,0,5,500,2,20,999,999,999,1,10,0.1,1e-4,0.001,1,1e-5,5
83,2,identity,44.85,56.55577126304525,EIG,0,5,500,2,20,999,999,999,1,10,0.1,1e-4,0.001,1,1e-5,5
83,2,identity,45,43.67101893403499,EIG,0,5,500,2,20,999,999,999,1,10,0.1,1e-4,0.001,1,1e-5,5
83,2,identity,57.9,65.66493897451146,EIG,0,5,500,2,20,999,999,999,1,10,0.1,1e-4,0.001,1,1e-5,5
83,2,identity,76.95,64.00861372955164,EIG,0,5,500,2,20,999,999,999,1,10,0.1,1e-4,0.001,1,1e-5,5
83,2,identity,33.45,39.23944712309687,EIG,0,5,500,2,20,999,999,999,1,10,0.1,1e-4,0.001,1,1e-5,5
83,2,identity,55.75,68.16456480266592,EIG,0,5,500,2,20,999,999,999,1,10,0.1,1e-4,0.001,1,1e-5,5
83,2,identity,53.8,50.75804317907085,EIG,0,5,500,2,20,999,999,999,1,10,0.1,1e-4,0.001,1,1e-5,5
83,2,identity,54.2,66.21941200521029,EIG,0,5,500,2,20,999,999,999,1,10,0.1,1e-4,0.001,1,1e-5,5
83,2,identity,63.5,64.16467301528073,EIG,0,5,500,2,20,999,999,999,1,10,0.1,1e-4,0.001,1,1e-5,5
83,2,identity,62,101.23292578582272,EIG,0,5,500,2,20,999,999,999,1,10,0.1,1e-4,0.001,1,1e-5,5
83,2,identity,64.55,66.7512862087789,EIG,0,5,500,2,20,999,999,999,1,10,0.1,1e-4,0.001,1,1e-5,5
83,2,identity,52.75,35.66049708895796,EIG,0,5,500,2,20,999,999,999,1,10,0.1,1e-4,0.001,1,1e-5,5
83,2,identity,62.5,48.35994427753526,EIG,0,5,500,2,20,999,999,999,1,10,0.1,1e-4,0.001,1,1e-5,5
83,2,identity,90.5,128.53527060489537,EIG,0,5,500,2,20,999,999,999,1,10,0.1,1e-4,0.001,1,1e-5,5
83,2,identity,59.65,56.876852196561245,EIG,0,5,500,2,20,999,999,999,1,10,0.1,1e-4,0.001,1,1e-5,5
71,2,identity,47.5,42.08950362963994,EIG,0,5,500,2,20,999,999,999,1,1,10,1e-4,0.001,1,1e-5,5
71,2,identity,63.3,58.179486346812546,EIG,0,5,500,2,20,999,999,999,1,1,10,1e-4,0.001,1,1e-5,5
71,2,identity,57.7,46.13720955219505,EIG,0,5,500,2,20,999,999,999,1,1,10,1e-4,0.001,1,1e-5,5
71,2,identity,47.55,39.79351309209236,EIG,0,5,500,2,20,999,999,999,1,1,10,1e-4,0.001,1,1e-5,5
71,2,identity,46.65,28.536726105881616,EIG,0,5,500,2,20,999,999,999,1,1,10,1e-4,0.001,1,1e-5,5
83,2,identity,51.2,46.62233483281546,EIG,0,5,500,2,20,999,999,999,1,10,0.1,1e-4,0.001,1,1e-5,5
83,2,identity,39,33.07248816893296,EIG,0,5,500,2,20,999,999,999,1,10,0.1,1e-4,0.001,1,1e-5,5
83,2,identity,49.85,50.057098976016746,EIG,0,5,500,2,20,999,999,999,1,10,0.1,1e-4,0.001,1,1e-5,5
83,2,identity,67.5,40.57027690836054,EIG,0,5,500,2,20,999,999,999,1,10,0.1,1e-4,0.001,1,1e-5,5
83,2,identity,63.85,44.05890196209233,EIG,0,5,500,2,20,999,999,999,1,10,0.1,1e-4,0.001,1,1e-5,5
71,2,identity,56.95,61.43072692493811,EIG,0,5,500,2,20,999,999,999,1,1,10,1e-4,0.001,1,1e-5,5
71,2,identity,66.6,63.13094161719501,EIG,0,5,500,2,20,999,999,999,1,1,10,1e-4,0.001,1,1e-5,5
71,2,identity,47.9,51.078783318156255,EIG,0,5,500,2,20,999,999,999,1,1,10,1e-4,0.001,1,1e-5,5
71,2,identity,61.7,57.55098426155442,EIG,0,5,500,2,20,999,999,999,1,1,10,1e-4,0.001,1,1e-5,5
71,2,identity,60.15,55.7317588756036,EIG,0,5,500,2,20,999,999,999,1,1,10,1e-4,0.001,1,1e-5,5
55,2,identity,40.25,43.21168823362494,EIG,0,5,500,2,20,999,999,999,1,1,1,1e-4,0.001,0.5,1e-5,5
55,2,identity,37.25,42.887705268035674,EIG,0,5,500,2,20,999,999,999,1,1,1,1e-4,0.001,0.5,1e-5,5
55,2,identity,33.5,33.09555543382954,EIG,0,5,500,2,20,999,999,999,1,1,1,1e-4,0.001,0.5,1e-5,5
55,2,identity,38.1,39.21989291163351,EIG,0,5,500,2,20,999,999,999,1,1,1,1e-4,0.001,0.5,1e-5,5
55,2,identity,37.3,37.19946236170625,EIG,0,5,500,2,20,999,999,999,1,1,1,1e-4,0.001,0.5,1e-5,5
71,2,identity,63.35,52.45577084303349,EIG,0,5,500,2,20,999,999,999,1,1,10,1e-4,0.001,1,1e-5,5
71,2,identity,58.7,75.69961412680628,EIG,0,5,500,2,20,999,999,999,1,1,10,1e-4,0.001,1,1e-5,5
71,2,identity,94.35,96.38971063235677,EIG,0,5,500,2,20,999,999,999,1,1,10,1e-4,0.001,1,1e-5,5
71,2,identity,52.9,34.31111527739878,EIG,0,5,500,2,20,999,999,999,1,1,10,1e-4,0.001,1,1e-5,5
83,2,identity,68.45,52.42385455416064,EIG,0,5,500,2,20,999,999,999,1,10,0.1,1e-4,0.001,1,1e-5,5
71,2,identity,67.65,83.65548083469614,EIG,0,5,500,2,20,999,999,999,1,1,10,1e-4,0.001,1,1e-5,5
83,2,identity,97.8,90.60475182147776,EIG,0,5,500,2,20,999,999,999,1,10,0.1,1e-4,0.001,1,1e-5,5
83,2,identity,81.35,86.17746377770638,EIG,0,5,500,2,20,999,999,999,1,10,0.1,1e-4,0.001,1,1e-5,5
83,2,identity,73.4,55.92607903106988,EIG,0,5,500,2,20,999,999,999,1,10,0.1,1e-4,0.001,1,1e-5,5
83,2,identity,70.15,58.60597688219,EIG,0,5,500,2,20,999,999,999,1,10,0.1,1e-4,0.001,1,1e-5,5
55,2,identity,57.05,44.34847057233499,EIG,0,5,500,2,20,999,999,999,1,1,1,1e-4,0.001,0.5,1e-5,5
55,2,identity,91.2,87.13788226894081,EIG,0,5,500,2,20,999,999,999,1,1,1,1e-4,0.001,0.5,1e-5,5
55,2,identity,53.45,51.782414206491296,EIG,0,5,500,2,20,999,999,999,1,1,1,1e-4,0.001,0.5,1e-5,5
55,2,identity,83.85,75.49365605971907,EIG,0,5,500,2,20,999,999,999,1,1,1,1e-4,0.001,0.5,1e-5,5
55,2,identity,72.8,84.80541194249835,EIG,0,5,500,2,20,999,999,999,1,1,1,1e-4,0.001,0.5,1e-5,5
83,2,identity,67.1,46.81981137127856,EIG,0,5,500,2,20,999,999,999,1,10,0.1,1e-4,0.001,1,1e-5,5
83,2,identity,46.85,26.24635313013179,EIG,0,5,500,2,20,999,999,999,1,10,0.1,1e-4,0.001,1,1e-5,5
83,2,identity,33.4,20.345437869587943,EIG,0,5,500,2,20,999,999,999,1,10,0.1,1e-4,0.001,1,1e-5,5
83,2,identity,63.3,53.24333415160011,EIG,0,5,500,2,20,999,999,999,1,10,0.1,1e-4,0.001,1,1e-5,5
83,2,identity,66.75,46.56277596173963,EIG,0,5,500,2,20,999,999,999,1,10,0.1,1e-4,0.001,1,1e-5,5
55,2,identity,45.9,46.33164202390823,EIG,0,5,500,2,20,999,999,999,1,1,1,1e-4,0.001,0.5,1e-5,5
55,2,identity,40.05,37.60525579168283,EIG,0,5,500,2,20,999,999,999,1,1,1,1e-4,0.001,0.5,1e-5,5
55,2,identity,58.05,46.56910541278808,EIG,0,5,500,2,20,999,999,999,1,1,1,1e-4,0.001,0.5,1e-5,5
55,2,identity,41.7,30.03699473368764,EIG,0,5,500,2,20,999,999,999,1,1,1,1e-4,0.001,0.5,1e-5,5
55,2,identity,74.15,75.06437588041207,EIG,0,5,500,2,20,999,999,999,1,1,1,1e-4,0.001,0.5,1e-5,5
83,2,identity,78.55,61.752029585226886,EIG,0,5,500,2,20,999,999,999,1,10,0.1,1e-4,0.001,1,1e-5,5
83,2,identity,45.05,35.622989324606834,EIG,0,5,500,2,20,999,999,999,1,10,0.1,1e-4,0.001,1,1e-5,5
83,2,identity,93.5,100.51420428555306,EIG,0,5,500,2,20,999,999,999,1,10,0.1,1e-4,0.001,1,1e-5,5
83,2,identity,68.8,71.57741484427524,EIG,0,5,500,2,20,999,999,999,1,10,0.1,1e-4,0.001,1,1e-5,5
83,2,identity,47.3,44.62015121822025,EIG,0,5,500,2,20,999,999,999,1,10,0.1,1e-4,0.001,1,1e-5,5
55,2,identity,50.6,30.942051100658947,EIG,0,5,500,2,20,999,999,999,1,1,1,1e-4,0.001,0.5,1e-5,5
55,2,identity,85.85,84.49744623982805,EIG,0,5,500,2,20,999,999,999,1,1,1,1e-4,0.001,0.5,1e-5,5
55,2,identity,64.9,95.81445885833614,EIG,0,5,500,2,20,999,999,999,1,1,1,1e-4,0.001,0.5,1e-5,5
55,2,identity,57.3,57.103875801726,EIG,0,5,500,2,20,999,999,999,1,1,1,1e-4,0.001,0.5,1e-5,5
55,2,identity,65.95,69.39245750003913,EIG,0,5,500,2,20,999,999,999,1,1,1,1e-4,0.001,0.5,1e-5,5
83,2,identity,78.8,69.463053413118,EIG,0,5,500,2,20,999,999,999,1,10,0.1,1e-4,0.001,1,1e-5,5
83,2,identity,63.5,47.09397100758395,EIG,0,5,500,2,20,999,999,999,1,10,0.1,1e-4,0.001,1,1e-5,5
83,2,identity,82.85,62.45779627708197,EIG,0,5,500,2,20,999,999,999,1,10,0.1,1e-4,0.001,1,1e-5,5
83,2,identity,62.65,53.3067340468054,EIG,0,5,500,2,20,999,999,999,1,10,0.1,1e-4,0.001,1,1e-5,5
83,2,identity,88.1,63.21883463519063,EIG,0,5,500,2,20,999,999,999,1,10,0.1,1e-4,0.001,1,1e-5,5
55,2,identity,52.05,58.90444983637752,EIG,0,5,500,2,20,999,999,999,1,1,1,1e-4,0.001,0.5,1e-5,5
55,2,identity,35,28.677884382073568,EIG,0,5,500,2,20,999,999,999,1,1,1,1e-4,0.001,0.5,1e-5,5
55,2,identity,37.65,46.93587450756057,EIG,0,5,500,2,20,999,999,999,1,1,1,1e-4,0.001,0.5,1e-5,5
55,2,identity,27.4,23.711866893581945,EIG,0,5,500,2,20,999,999,999,1,1,1,1e-4,0.001,0.5,1e-5,5
55,2,identity,36.3,43.44639770664779,EIG,0,5,500,2,20,999,999,999,1,1,1,1e-4,0.001,0.5,1e-5,5
83,2,identity,50.9,34.84688311969802,EIG,0,5,500,2,20,999,999,999,1,10,0.1,1e-4,0.001,1,1e-5,5
83,2,identity,57.75,37.4487368910734,EIG,0,5,500,2,20,999,999,999,1,10,0.1,1e-4,0.001,1,1e-5,5
83,2,identity,44.1,26.241590131536977,EIG,0,5,500,2,20,999,999,999,1,10,0.1,1e-4,0.001,1,1e-5,5
83,2,identity,46.95,33.920146164034634,EIG,0,5,500,2,20,999,999,999,1,10,0.1,1e-4,0.001,1,1e-5,5
83,2,identity,57.2,45.217136947005066,EIG,0,5,500,2,20,999,999,999,1,10,0.1,1e-4,0.001,1,1e-5,5
55,2,identity,39.05,28.113444994765125,EIG,0,5,500,2,20,999,999,999,1,1,1,1e-4,0.001,0.5,1e-5,5
55,2,identity,32.75,37.97072972421617,EIG,0,5,500,2,20,999,999,999,1,1,1,1e-4,0.001,0.5,1e-5,5
55,2,identity,73.5,64.05219910765216,EIG,0,5,500,2,20,999,999,999,1,1,1,1e-4,0.001,0.5,1e-5,5
55,2,identity,37.7,43.63014409424074,EIG,0,5,500,2,20,999,999,999,1,1,1,1e-4,0.001,0.5,1e-5,5
55,2,identity,44.45,40.41166454848089,EIG,0,5,500,2,20,999,999,999,1,1,1,1e-4,0.001,0.5,1e-5,5
55,2,identity,47.95,49.529868713099184,EIG,0,5,500,2,20,999,999,999,1,1,1,1e-4,0.001,0.5,1e-5,5
55,2,identity,32.65,34.89574698863368,EIG,0,5,500,2,20,999,999,999,1,1,1,1e-4,0.001,0.5,1e-5,5
55,2,identity,27.15,36.850016067981926,EIG,0,5,500,2,20,999,999,999,1,1,1,1e-4,0.001,0.5,1e-5,5
55,2,identity,30.25,25.90442961511043,EIG,0,5,500,2,20,999,999,999,1,1,1,1e-4,0.001,0.5,1e-5,5
55,2,identity,70.6,70.97323439156483,EIG,0,5,500,2,20,999,999,999,1,1,1,1e-4,0.001,0.5,1e-5,5
55,2,identity,33.65,53.13366957123574,EIG,0,5,500,2,20,999,999,999,1,1,1,1e-4,0.001,0.5,1e-5,5
55,2,identity,44.95,62.403167092367156,EIG,0,5,500,2,20,999,999,999,1,1,1,1e-4,0.001,0.5,1e-5,5
55,2,identity,34.75,33.808866790890974,EIG,0,5,500,2,20,999,999,999,1,1,1,1e-4,0.001,0.5,1e-5,5
55,2,identity,40.5,39.00674705470162,EIG,0,5,500,2,20,999,999,999,1,1,1,1e-4,0.001,0.5,1e-5,5
55,2,identity,51.25,60.07265338080653,EIG,0,5,500,2,20,999,999,999,1,1,1,1e-4,0.001,0.5,1e-5,5
55,2,identity,43.3,49.46354319358004,EIG,0,5,500,2,20,999,999,999,1,1,1,1e-4,0.001,0.5,1e-5,5
55,2,identity,38.15,49.23763537013232,EIG,0,5,500,2,20,999,999,999,1,1,1,1e-4,0.001,0.5,1e-5,5
55,2,identity,31.75,48.758130226228886,EIG,0,5,500,2,20,999,999,999,1,1,1,1e-4,0.001,0.5,1e-5,5
55,2,identity,27.15,32.69681297844437,EIG,0,5,500,2,20,999,999,999,1,1,1,1e-4,0.001,0.5,1e-5,5
55,2,identity,32.15,28.735225036438063,EIG,0,5,500,2,20,999,999,999,1,1,1,1e-4,0.001,0.5,1e-5,5
71,2,identity,35.75,30.98365443431848,EIG,0,5,500,2,20,999,999,999,1,1,10,1e-4,0.001,1,1e-5,5
71,2,identity,31.1,23.02835780419209,EIG,0,5,500,2,20,999,999,999,1,1,10,1e-4,0.001,1,1e-5,5
71,2,identity,36.9,50.88883653818906,EIG,0,5,500,2,20,999,999,999,1,1,10,1e-4,0.001,1,1e-5,5
71,2,identity,42.4,43.4237383539416,EIG,0,5,500,2,20,999,999,999,1,1,10,1e-4,0.001,1,1e-5,5
71,2,identity,30.9,24.895359956594746,EIG,0,5,500,2,20,999,999,999,1,1,10,1e-4,0.001,1,1e-5,5
83,2,identity,38.95,28.73559135508291,EIG,0,5,500,2,20,999,999,999,1,10,0.1,1e-4,0.001,1,1e-5,5
83,2,identity,37.55,25.799785800824417,EIG,0,5,500,2,20,999,999,999,1,10,0.1,1e-4,0.001,1,1e-5,5
83,2,identity,36.2,29.699548109268218,EIG,0,5,500,2,20,999,999,999,1,10,0.1,1e-4,0.001,1,1e-5,5
83,2,identity,38.45,38.80921621416613,EIG,0,5,500,2,20,999,999,999,1,10,0.1,1e-4,0.001,1,1e-5,5
83,2,identity,39.45,59.772793494241704,EIG,0,5,500,2,20,999,999,999,1,10,0.1,1e-4,0.001,1,1e-5,5
71,2,identity,43.5,42.1344964307595,EIG,0,5,500,2,20,999,999,999,1,1,10,1e-4,0.001,1,1e-5,5
71,2,identity,36.75,39.61508883188191,EIG,0,5,500,2,20,999,999,999,1,1,10,1e-4,0.001,1,1e-5,5
71,2,identity,27.55,26.857273835866827,EIG,0,5,500,2,20,999,999,999,1,1,10,1e-4,0.001,1,1e-5,5
71,2,identity,76.7,75.79897235798329,EIG,0,5,500,2,20,999,999,999,1,1,10,1e-4,0.001,1,1e-5,5
71,2,identity,59.4,61.90093953882666,EIG,0,5,500,2,20,999,999,999,1,1,10,1e-4,0.001,1,1e-5,5
83,2,identity,37.2,36.66146693593611,EIG,0,5,500,2,20,999,999,999,1,10,0.1,1e-4,0.001,1,1e-5,5
83,2,identity,70.2,71.41325249264976,EIG,0,5,500,2,20,999,999,999,1,10,0.1,1e-4,0.001,1,1e-5,5
83,2,identity,50.6,60.126533244483674,EIG,0,5,500,2,20,999,999,999,1,10,0.1,1e-4,0.001,1,1e-5,5
83,2,identity,48.55,66.55545768281081,EIG,0,5,500,2,20,999,999,999,1,10,0.1,1e-4,0.001,1,1e-5,5
83,2,identity,38.75,40.95681294138729,EIG,0,5,500,2,20,999,999,999,1,10,0.1,1e-4,0.001,1,1e-5,5
71,2,identity,37.7,34.821499710742835,EIG,0,5,500,2,20,999,999,999,1,1,10,1e-4,0.001,1,1e-5,5
71,2,identity,40.4,48.86652066707086,EIG,0,5,500,2,20,999,999,999,1,1,10,1e-4,0.001,1,1e-5,5
71,2,identity,61.5,79.91607439913712,EIG,0,5,500,2,20,999,999,999,1,1,10,1e-4,0.001,1,1e-5,5
71,2,identity,38.15,27.98735616779759,EIG,0,5,500,2,20,999,999,999,1,1,10,1e-4,0.001,1,1e-5,5
71,2,identity,67.4,85.12554196442359,EIG,0,5,500,2,20,999,999,999,1,1,10,1e-4,0.001,1,1e-5,5
55,2,identity,40.85,63.53471906222447,EIG,0,5,500,2,20,999,999,999,1,1,1,1e-4,0.001,0.5,1e-5,5
55,2,identity,58.15,72.24321130007559,EIG,0,5,500,2,20,999,999,999,1,1,1,1e-4,0.001,0.5,1e-5,5
55,2,identity,44.7,65.06603932685783,EIG,0,5,500,2,20,999,999,999,1,1,1,1e-4,0.001,0.5,1e-5,5
55,2,identity,63.85,73.93971584302558,EIG,0,5,500,2,20,999,999,999,1,1,1,1e-4,0.001,0.5,1e-5,5
55,2,identity,29,32.763908256044886,EIG,0,5,500,2,20,999,999,999,1,1,1,1e-4,0.001,0.5,1e-5,5
71,2,identity,11.75,20.372517607900367,EIG,0,5,500,2,20,999,999,999,1,1,10,1e-4,0.001,1,1e-5,5
71,2,identity,6.6,7.096329666584135,EIG,0,5,500,2,20,999,999,999,1,1,10,1e-4,0.001,1,1e-5,5
71,2,identity,10,11.29974382569427,EIG,0,5,500,2,20,999,999,999,1,1,10,1e-4,0.001,1,1e-5,5
71,2,identity,6.2,8.230878957988184,EIG,0,5,500,2,20,999,999,999,1,1,10,1e-4,0.001,1,1e-5,5
71,2,identity,9.25,11.906986007780208,EIG,0,5,500,2,20,999,999,999,1,1,10,1e-4,0.001,1,1e-5,5
71,2,identity,8.85,6.706438383335351,EIG,0,5,500,2,20,999,999,999,1,1,10,1e-4,0.001,1,1e-5,5
71,2,identity,6.5,4.406932337985115,EIG,0,5,500,2,20,999,999,999,1,1,10,1e-4,0.001,1,1e-5,5
71,2,identity,7.1,9.502908142137054,EIG,0,5,500,2,20,999,999,999,1,1,10,1e-4,0.001,1,1e-5,5
71,2,identity,8.15,4.815271758194251,EIG,0,5,500,2,20,999,999,999,1,1,10,1e-4,0.001,1,1e-5,5
71,2,identity,26.3,60.75065518381803,EIG,0,5,500,2,20,999,999,999,1,1,10,1e-4,0.001,1,1e-5,5
55,2,identity,25.45,36.05474638438197,EIG,0,5,500,2,20,999,999,999,1,1,1,1e-4,0.001,0.5,1e-5,5
55,2,identity,9.2,9.361736231231784,EIG,0,5,500,2,20,999,999,999,1,1,1,1e-4,0.001,0.5,1e-5,5
55,2,identity,9.75,13.87111728509431,EIG,0,5,500,2,20,999,999,999,1,1,1,1e-4,0.001,0.5,1e-5,5
55,2,identity,15.85,38.298378418331026,EIG,0,5,500,2,20,999,999,999,1,1,1,1e-4,0.001,0.5,1e-5,5
55,2,identity,12.45,20.30160740330417,EIG,0,5,500,2,20,999,999,999,1,1,1,1e-4,0.001,0.5,1e-5,5
71,2,identity,7.95,6.723681635595345,EIG,0,5,500,2,20,999,999,999,1,1,10,1e-4,0.001,1,1e-5,5
71,2,identity,7.8,5.063803438440111,EIG,0,5,500,2,20,999,999,999,1,1,10,1e-4,0.001,1,1e-5,5
71,2,identity,20.5,54.972241799121235,EIG,0,5,500,2,20,999,999,999,1,1,10,1e-4,0.001,1,1e-5,5
71,2,identity,6.95,4.661996409942397,EIG,0,5,500,2,20,999,999,999,1,1,10,1e-4,0.001,1,1e-5,5
71,2,identity,5.5,4.0327605798927415,EIG,0,5,500,2,20,999,999,999,1,1,10,1e-4,0.001,1,1e-5,5
71,2,identity,3.7,2.9397457820631185,EIG,0,5,500,2,20,999,999,999,1,1,10,1e-4,0.001,1,1e-5,5
71,2,identity,2.75,2.197486602557807,EIG,0,5,500,2,20,999,999,999,1,1,10,1e-4,0.001,1,1e-5,5
71,2,identity,2.9,2.4899799195977463,EIG,0,5,500,2,20,999,999,999,1,1,10,1e-4,0.001,1,1e-5,5
71,2,identity,2.2,1.852452144420584,EIG,0,5,500,2,20,999,999,999,1,1,10,1e-4,0.001,1,1e-5,5
71,2,identity,3,2.176428750330035,EIG,0,5,500,2,20,999,999,999,1,1,10,1e-4,0.001,1,1e-5,5
71,2,identity,26.4,30.43266942647412,EIG,0,5,500,2,20,999,999,999,1,1,10,1e-4,0.001,1,1e-5,5
71,2,identity,19.55,26.037371926561736,EIG,0,5,500,2,20,999,999,999,1,1,10,1e-4,0.001,1,1e-5,5
71,2,identity,17.15,16.03048083463106,EIG,0,5,500,2,20,999,999,999,1,1,10,1e-4,0.001,1,1e-5,5
71,2,identity,37.45,39.68623651117667,EIG,0,5,500,2,20,999,999,999,1,1,10,1e-4,0.001,1,1e-5,5
71,2,identity,24.3,31.699410587248263,EIG,0,5,500,2,20,999,999,999,1,1,10,1e-4,0.001,1,1e-5,5
71,2,identity,21,30.12779797008596,EIG,0,5,500,2,20,999,999,999,1,1,10,1e-4,0.001,1,1e-5,5
71,2,identity,31.7,32.66432143389545,EIG,0,5,500,2,20,999,999,999,1,1,10,1e-4,0.001,1,1e-5,5
71,2,identity,24.75,29.16897233994405,EIG,0,5,500,2,20,999,999,999,1,1,10,1e-4,0.001,1,1e-5,5
71,2,identity,29.85,29.396159792161896,EIG,0,5,500,2,20,999,999,999,1,1,10,1e-4,0.001,1,1e-5,5
71,2,identity,39,34.40165234709702,EIG,0,5,500,2,20,999,999,999,1,1,10,1e-4,0.001,1,1e-5,5
71,2,identity,33.7,34.988870410911794,EIG,0,5,500,2,20,999,999,999,1,1,10,1e-4,0.001,1,1e-5,5
71,2,identity,33.8,37.41741784109022,EIG,0,5,500,2,20,999,999,999,1,1,10,1e-4,0.001,1,1e-5,5
71,2,identity,19.15,23.91492597125331,EIG,0,5,500,2,20,999,999,999,1,1,10,1e-4,0.001,1,1e-5,5
71,2,identity,28.65,38.00038088451774,EIG,0,5,500,2,20,999,999,999,1,1,10,1e-4,0.001,1,1e-5,5
71,2,identity,25.7,25.884561543819697,EIG,0,5,500,2,20,999,999,999,1,1,10,1e-4,0.001,1,1e-5,5
71,2,identity,46.7,55.8664761542621,EIG,0,5,500,2,20,999,999,999,1,1,10,1e-4,0.001,1,1e-5,5
71,2,identity,57.7,67.5699247952971,EIG,0,5,500,2,20,999,999,999,1,1,10,1e-4,0.001,1,1e-5,5
71,2,identity,45.15,66.98803899518967,EIG,0,5,500,2,20,999,999,999,1,1,10,1e-4,0.001,1,1e-5,5
71,2,identity,54.55,63.42129395018512,EIG,0,5,500,2,20,999,999,999,1,1,10,1e-4,0.001,1,1e-5,5
71,2,identity,59,55.39808090918903,EIG,0,5,500,2,20,999,999,999,1,1,10,1e-4,0.001,1,1e-5,5
55,2,identity,51.05,70.4664720573588,EIG,0,5,500,2,20,999,999,999,1,1,1,1e-4,0.001,0.5,1e-5,5
55,2,identity,66.6,60.71971846547311,EIG,0,5,500,2,20,999,999,999,1,1,1,1e-4,0.001,0.5,1e-5,5
55,2,identity,47.85,40.7615337245662,EIG,0,5,500,2,20,999,999,999,1,1,1,1e-4,0.001,0.5,1e-5,5
55,2,identity,53.6,42.37476905697043,EIG,0,5,500,2,20,999,999,999,1,1,1,1e-4,0.001,0.5,1e-5,5
55,2,identity,43.85,33.80948948072668,EIG,0,5,500,2,20,999,999,999,1,1,1,1e-4,0.001,0.5,1e-5,5
55,2,identity,27.9,27.68792250479582,EIG,0,5,500,2,20,999,999,999,1,1,1,1e-4,0.001,0.5,1e-5,5
55,2,identity,13.4,19.666696401999527,EIG,0,5,500,2,20,999,999,999,1,1,1,1e-4,0.001,0.5,1e-5,5
55,2,identity,13.95,12.967469419971454,EIG,0,5,500,2,20,999,999,999,1,1,1,1e-4,0.001,0.5,1e-5,5
55,2,identity,29.95,48.258596179988054,EIG,0,5,500,2,20,999,999,999,1,1,1,1e-4,0.001,0.5,1e-5,5
55,2,identity,19.75,20.24813181765822,EIG,0,5,500,2,20,999,999,999,1,1,1,1e-4,0.001,0.5,1e-5,5
83,2,identity,19.15,28.588321134042793,EIG,0,5,500,2,20,999,999,999,1,10,0.1,1e-4,0.001,1,1e-5,5
83,2,identity,6.05,3.5463101654358553,EIG,0,5,500,2,20,999,999,999,1,10,0.1,1e-4,0.001,1,1e-5,5
83,2,identity,8.9,5.210313658605654,EIG,0,5,500,2,20,999,999,999,1,10,0.1,1e-4,0.001,1,1e-5,5
83,2,identity,11.2,5.872325819155115,EIG,0,5,500,2,20,999,999,999,1,10,0.1,1e-4,0.001,1,1e-5,5
83,2,identity,10.8,10.74390892307676,EIG,0,5,500,2,20,999,999,999,1,10,0.1,1e-4,0.001,1,1e-5,5
55,2,identity,16.75,17.888176041879262,EIG,0,5,500,2,20,999,999,999,1,1,1,1e-4,0.001,0.5,1e-5,5
55,2,identity,19.2,16.204612728609423,EIG,0,5,500,2,20,999,999,999,1,1,1,1e-4,0.001,0.5,1e-5,5
55,2,identity,30.3,33.718806247209315,EIG,0,5,500,2,20,999,999,999,1,1,1,1e-4,0.001,0.5,1e-5,5
55,2,identity,20.65,22.861769973381097,EIG,0,5,500,2,20,999,999,999,1,1,1,1e-4,0.001,0.5,1e-5,5
55,2,identity,23.3,19.466840902849185,EIG,0,5,500,2,20,999,999,999,1,1,1,1e-4,0.001,0.5,1e-5,5
71,2,identity,29.05,23.10952184706555,EIG,0,5,500,2,20,999,999,999,1,1,10,1e-4,0.001,1,1e-5,5
71,2,identity,44.85,34.11786844702378,EIG,0,5,500,2,20,999,999,999,1,1,10,1e-4,0.001,1,1e-5,5
71,2,identity,34.45,29.323019518532032,EIG,0,5,500,2,20,999,999,999,1,1,10,1e-4,0.001,1,1e-5,5
71,2,identity,30.6,37.021188811984835,EIG,0,5,500,2,20,999,999,999,1,1,10,1e-4,0.001,1,1e-5,5
71,2,identity,43.6,36.10715048005691,EIG,0,5,500,2,20,999,999,999,1,1,10,1e-4,0.001,1,1e-5,5
55,2,identity,32.85,39.032071833031715,EIG,0,5,500,2,20,999,999,999,1,1,1,1e-4,0.001,0.5,1e-5,5
55,2,identity,27.15,24.212382651945067,EIG,0,5,500,2,20,999,999,999,1,1,1,1e-4,0.001,0.5,1e-5,5
55,2,identity,36.05,44.29978614656711,EIG,0,5,500,2,20,999,999,999,1,1,1,1e-4,0.001,0.5,1e-5,5
55,2,identity,42.4,47.00324736821802,EIG,0,5,500,2,20,999,999,999,1,1,1,1e-4,0.001,0.5,1e-5,5
55,2,identity,26.1,31.43229984719875,EIG,0,5,500,2,20,999,999,999,1,1,1,1e-4,0.001,0.5,1e-5,5
83,2,identity,30.1,21.98540185525027,EIG,0,5,500,2,20,999,999,999,1,10,0.1,1e-4,0.001,1,1e-5,5
83,2,identity,29.55,26.280821504423496,EIG,0,5,500,2,20,999,999,999,1,10,0.1,1e-4,0.001,1,1e-5,5
83,2,identity,36.9,38.57992387649034,EIG,0,5,500,2,20,999,999,999,1,10,0.1,1e-4,0.001,1,1e-5,5
83,2,identity,51.25,29.506243763865157,EIG,0,5,500,2,20,999,999,999,1,10,0.1,1e-4,0.001,1,1e-5,5
83,2,identity,42.5,29.937654515588505,EIG,0,5,500,2,20,999,999,999,1,10,0.1,1e-4,0.001,1,1e-5,5
55,2,identity,28.75,35.12665055121778,EIG,0,5,500,2,20,999,999,999,1,1,1,1e-4,0.001,0.5,1e-5,5
55,2,identity,38.95,37.70309913270428,EIG,0,5,500,2,20,999,999,999,1,1,1,1e-4,0.001,0.5,1e-5,5
55,2,identity,45.7,50.37971605193586,EIG,0,5,500,2,20,999,999,999,1,1,1,1e-4,0.001,0.5,1e-5,5
55,2,identity,65.1,80.76404880234378,EIG,0,5,500,2,20,999,999,999,1,1,1,1e-4,0.001,0.5,1e-5,5
55,2,identity,39,38.95341347112768,EIG,0,5,500,2,20,999,999,999,1,1,1,1e-4,0.001,0.5,1e-5,5
83,2,identity,34.5,28.08727001404916,EIG,0,5,500,2,20,999,999,999,1,10,0.1,1e-4,0.001,1,1e-5,5
83,2,identity,44.65,27.394342481614707,EIG,0,5,500,2,20,999,999,999,1,10,0.1,1e-4,0.001,1,1e-5,5
83,2,identity,34.3,29.961554312854087,EIG,0,5,500,2,20,999,999,999,1,10,0.1,1e-4,0.001,1,1e-5,5
83,2,identity,36.85,26.234318624355584,EIG,0,5,500,2,20,999,999,999,1,10,0.1,1e-4,0.001,1,1e-5,5
83,2,identity,41.4,29.725764121912473,EIG,0,5,500,2,20,999,999,999,1,10,0.1,1e-4,0.001,1,1e-5,5
71,3,background,45.55,31.47007768458292,EIG,0,5,500,2,20,999,999,999,1,1,10,1e-4,0.001,1,1e-5,5
71,3,background,54.15,32.61784303430449,EIG,0,5,500,2,20,999,999,999,1,1,10,1e-4,0.001,1,1e-5,5
71,3,background,49.55,33.70534082308025,EIG,0,5,500,2,20,999,999,999,1,1,10,1e-4,0.001,1,1e-5,5
71,3,background,41.7,25.051735941531287,EIG,0,5,500,2,20,999,999,999,1,1,10,1e-4,0.001,1,1e-5,5
71,3,background,38.75,26.399511558479936,EIG,0,5,500,2,20,999,999,999,1,1,10,1e-4,0.001,1,1e-5,5
71,3,background,47.15,28.93418120675377,EIG,0,5,500,2,20,999,999,999,1,1,10,1e-4,0.001,1,1e-5,5
71,3,background,52.7,46.09155648215157,EIG,0,5,500,2,20,999,999,999,1,1,10,1e-4,0.001,1,1e-5,5
71,3,background,60.1,30.083917717996073,EIG,0,5,500,2,20,999,999,999,1,1,10,1e-4,0.001,1,1e-5,5
71,3,background,38.95,34.36411071544203,EIG,0,5,500,2,20,999,999,999,1,1,10,1e-4,0.001,1,1e-5,5
71,3,background,56.35,33.91052468202941,EIG,0,5,500,2,20,999,999,999,1,1,10,1e-4,0.001,1,1e-5,5
71,3,background,62.75,32.60428612443785,EIG,0,5,500,2,20,999,999,999,1,1,10,1e-4,0.001,1,1e-5,5
71,3,background,51.2,43.30989919661616,EIG,0,5,500,2,20,999,999,999,1,1,10,1e-4,0.001,1,1e-5,5
71,3,background,65.05,38.14028813403706,EIG,0,5,500,2,20,999,999,999,1,1,10,1e-4,0.001,1,1e-5,5
71,3,background,44.1,34.16816000159705,EIG,0,5,500,2,20,999,999,999,1,1,10,1e-4,0.001,1,1e-5,5
71,3,background,45.4,36.13046534873014,EIG,0,5,500,2,20,999,999,999,1,1,10,1e-4,0.001,1,1e-5,5
83,3,background,59.65,30.776400733439623,EIG,0,5,500,2,20,999,999,999,1,10,0.1,1e-4,0.001,1,1e-5,5
55,3,background,48.75,43.886066605532825,EIG,0,5,500,2,20,999,999,999,1,1,1,1e-4,0.001,0.5,1e-5,5
83,3,background,60.1,47.74372375396307,EIG,0,5,500,2,20,999,999,999,1,10,0.1,1e-4,0.001,1,1e-5,5
55,3,background,51.65,37.95880731308057,EIG,0,5,500,2,20,999,999,999,1,1,1,1e-4,0.001,0.5,1e-5,5
83,3,background,53.9,27.270381079305185,EIG,0,5,500,2,20,999,999,999,1,10,0.1,1e-4,0.001,1,1e-5,5
55,3,background,48.25,41.86931422514836,EIG,0,5,500,2,20,999,999,999,1,1,1,1e-4,0.001,0.5,1e-5,5
83,3,background,34.5,21.900492664489725,EIG,0,5,500,2,20,999,999,999,1,10,0.1,1e-4,0.001,1,1e-5,5
55,3,background,54.65,52.14582286344001,EIG,0,5,500,2,20,999,999,999,1,1,1,1e-4,0.001,0.5,1e-5,5
83,3,background,63,38.17273758504677,EIG,0,5,500,2,20,999,999,999,1,10,0.1,1e-4,0.001,1,1e-5,5
55,3,background,56.3,49.88418165057305,EIG,0,5,500,2,20,999,999,999,1,1,1,1e-4,0.001,0.5,1e-5,5
55,3,background,54.25,61.47389261860852,EIG,0,5,500,2,20,999,999,999,1,1,1,1e-4,0.001,0.5,1e-5,5
55,3,background,59.2,49.374615254996655,EIG,0,5,500,2,20,999,999,999,1,1,1,1e-4,0.001,0.5,1e-5,5
55,3,background,50.1,59.07256910828097,EIG,0,5,500,2,20,999,999,999,1,1,1,1e-4,0.001,0.5,1e-5,5
55,3,background,58.45,73.54087656749672,EIG,0,5,500,2,20,999,999,999,1,1,1,1e-4,0.001,0.5,1e-5,5
55,3,background,46.8,51.237938246864246,EIG,0,5,500,2,20,999,999,999,1,1,1,1e-4,0.001,0.5,1e-5,5
71,3,background,24.35,26.332439469617174,EIG,0,5,500,2,20,999,999,999,1,1,10,1e-4,0.001,1,1e-5,5
71,3,background,30.55,23.92416747712831,EIG,0,5,500,2,20,999,999,999,1,1,10,1e-4,0.001,1,1e-5,5
71,3,background,29.95,24.985206149155335,EIG,0,5,500,2,20,999,999,999,1,1,10,1e-4,0.001,1,1e-5,5
71,3,background,45.6,42.96436712096739,EIG,0,5,500,2,20,999,999,999,1,1,10,1e-4,0.001,1,1e-5,5
71,3,background,42.5,39.408120990476064,EIG,0,5,500,2,20,999,999,999,1,1,10,1e-4,0.001,1,1e-5,5
83,3,background,43.55,38.8431054642296,EIG,0,5,500,2,20,999,999,999,1,10,0.1,1e-4,0.001,1,1e-5,5
83,3,background,39.45,36.18879588171484,EIG,0,5,500,2,20,999,999,999,1,10,0.1,1e-4,0.001,1,1e-5,5
83,3,background,48.85,42.584003668291366,EIG,0,5,500,2,20,999,999,999,1,10,0.1,1e-4,0.001,1,1e-5,5
83,3,background,41.95,36.90025673851635,EIG,0,5,500,2,20,999,999,999,1,10,0.1,1e-4,0.001,1,1e-5,5
83,3,background,45.7,30.30042556588412,EIG,0,5,500,2,20,999,999,999,1,10,0.1,1e-4,0.001,1,1e-5,5
83,3,background,27.1,19.973403368110883,EIG,0,5,500,2,20,999,999,999,1,10,0.1,1e-4,0.001,1,1e-5,5
83,3,background,39.15,37.58537649559719,EIG,0,5,500,2,20,999,999,999,1,10,0.1,1e-4,0.001,1,1e-5,5
83,3,background,35.85,34.014354554944504,EIG,0,5,500,2,20,999,999,999,1,10,0.1,1e-4,0.001,1,1e-5,5
83,3,background,40.9,36.72644250328867,EIG,0,5,500,2,20,999,999,999,1,10,0.1,1e-4,0.001,1,1e-5,5
83,3,background,32.3,31.1280885172354,EIG,0,5,500,2,20,999,999,999,1,10,0.1,1e-4,0.001,1,1e-5,5
83,3,background,22.55,20.51052361465617,EIG,0,5,500,2,20,999,999,999,1,10,0.1,1e-4,0.001,1,1e-5,5
83,3,background,49.9,35.18208276052487,EIG,0,5,500,2,20,999,999,999,1,10,0.1,1e-4,0.001,1,1e-5,5
83,3,background,37.55,35.773372926330495,EIG,0,5,500,2,20,999,999,999,1,10,0.1,1e-4,0.001,1,1e-5,5
83,3,background,55.6,41.48100389588621,EIG,0,5,500,2,20,999,999,999,1,10,0.1,1e-4,0.001,1,1e-5,5
83,3,background,35.25,31.04813749816989,EIG,0,5,500,2,20,999,999,999,1,10,0.1,1e-4,0.001,1,1e-5,5
55,3,background,75.6,72.26442671481628,EIG,0,5,500,2,20,999,999,999,1,1,1,1e-4,0.001,0.5,1e-5,5
55,3,background,52.9,47.730493397826926,EIG,0,5,500,2,20,999,999,999,1,1,1,1e-4,0.001,0.5,1e-5,5
55,3,background,73.35,99.12420438387812,EIG,0,5,500,2,20,999,999,999,1,1,1,1e-4,0.001,0.5,1e-5,5
55,3,background,53.65,45.61541175385447,EIG,0,5,500,2,20,999,999,999,1,1,1,1e-4,0.001,0.5,1e-5,5
55,3,background,57.55,66.3217635153761,EIG,0,5,500,2,20,999,999,999,1,1,1,1e-4,0.001,0.5,1e-5,5
55,3,background,58.45,55.019111512082304,EIG,0,5,500,2,20,999,999,999,1,1,1,1e-4,0.001,0.5,1e-5,5
55,3,background,54.95,64.0390300396645,EIG,0,5,500,2,20,999,999,999,1,1,1,1e-4,0.001,0.5,1e-5,5
55,3,background,52.05,53.17248497009273,EIG,0,5,500,2,20,999,999,999,1,1,1,1e-4,0.001,0.5,1e-5,5
55,3,background,76.8,60.13371066128164,EIG,0,5,500,2,20,999,999,999,1,1,1,1e-4,0.001,0.5,1e-5,5
55,3,background,56.1,64.42776452823163,EIG,0,5,500,2,20,999,999,999,1,1,1,1e-4,0.001,0.5,1e-5,5
71,3,background,38.75,30.254838673473284,EIG,0,5,500,2,20,999,999,999,1,1,10,1e-4,0.001,1,1e-5,5
71,3,background,31.1,26.596200757567654,EIG,0,5,500,2,20,999,999,999,1,1,10,1e-4,0.001,1,1e-5,5
71,3,background,34.25,26.777592753722477,EIG,0,5,500,2,20,999,999,999,1,1,10,1e-4,0.001,1,1e-5,5
71,3,background,29.75,32.88716755018109,EIG,0,5,500,2,20,999,999,999,1,1,10,1e-4,0.001,1,1e-5,5
71,3,background,37.25,33.91921517215186,EIG,0,5,500,2,20,999,999,999,1,1,10,1e-4,0.001,1,1e-5,5
55,3,background,39.75,66.5233437460708,EIG,0,5,500,2,20,999,999,999,1,1,1,1e-4,0.001,0.5,1e-5,5
55,3,background,19.65,26.626609168076087,EIG,0,5,500,2,20,999,999,999,1,1,1,1e-4,0.001,0.5,1e-5,5
55,3,background,48.7,61.62458497778472,EIG,0,5,500,2,20,999,999,999,1,1,1,1e-4,0.001,0.5,1e-5,5
55,3,background,34.75,26.163202363142343,EIG,0,5,500,2,20,999,999,999,1,1,1,1e-4,0.001,0.5,1e-5,5
55,3,background,32.65,36.62078069822336,EIG,0,5,500,2,20,999,999,999,1,1,1,1e-4,0.001,0.5,1e-5,5
83,3,background,44.1,31.94880773658813,EIG,0,5,500,2,20,999,999,999,1,10,0.1,1e-4,0.001,1,1e-5,5
83,3,background,36.1,26.76781256422878,EIG,0,5,500,2,20,999,999,999,1,10,0.1,1e-4,0.001,1,1e-5,5
83,3,background,51.2,40.47039203638813,EIG,0,5,500,2,20,999,999,999,1,10,0.1,1e-4,0.001,1,1e-5,5
83,3,background,51.15,36.4926452575685,EIG,0,5,500,2,20,999,999,999,1,10,0.1,1e-4,0.001,1,1e-5,5
83,3,background,47,41.38013762028449,EIG,0,5,500,2,20,999,999,999,1,10,0.1,1e-4,0.001,1,1e-5,5
55,3,background,54.3,43.07655364214053,EIG,0,5,500,2,20,999,999,999,1,1,1,1e-4,0.001,0.5,1e-5,5
55,3,background,49.65,45.01961560779572,EIG,0,5,500,2,20,999,999,999,1,1,1,1e-4,0.001,0.5,1e-5,5
55,3,background,69.05,60.35899183002349,EIG,0,5,500,2,20,999,999,999,1,1,1,1e-4,0.001,0.5,1e-5,5
55,3,background,43.65,32.02018277997735,EIG,0,5,500,2,20,999,999,999,1,1,1,1e-4,0.001,0.5,1e-5,5
55,3,background,53.45,40.68553991155502,EIG,0,5,500,2,20,999,999,999,1,1,1,1e-4,0.001,0.5,1e-5,5
55,3,background,18.6,17.00897595853127,EIG,0,5,500,2,20,999,999,999,1,1,1,1e-4,0.001,0.5,1e-5,5
55,3,background,25.25,25.90646129524651,EIG,0,5,500,2,20,999,999,999,1,1,1,1e-4,0.001,0.5,1e-5,5
55,3,background,26.7,30.580523557529748,EIG,0,5,500,2,20,999,999,999,1,1,1,1e-4,0.001,0.5,1e-5,5
55,3,background,32.7,47.65567288261427,EIG,0,5,500,2,20,999,999,999,1,1,1,1e-4,0.001,0.5,1e-5,5
55,3,background,48.7,54.40501137908065,EIG,0,5,500,2,20,999,999,999,1,1,1,1e-4,0.001,0.5,1e-5,5
83,3,background,37.45,28.11718897381944,EIG,0,5,500,2,20,999,999,999,1,10,0.1,1e-4,0.001,1,1e-5,5
83,3,background,37,28.421637420884295,EIG,0,5,500,2,20,999,999,999,1,10,0.1,1e-4,0.001,1,1e-5,5
83,3,background,40.4,41.46958301923801,EIG,0,5,500,2,20,999,999,999,1,10,0.1,1e-4,0.001,1,1e-5,5
83,3,background,37.6,26.334687950945693,EIG,0,5,500,2,20,999,999,999,1,10,0.1,1e-4,0.001,1,1e-5,5
83,3,background,38.3,37.35195337666602,EIG,0,5,500,2,20,999,999,999,1,10,0.1,1e-4,0.001,1,1e-5,5
55,3,background,26.6,40.62977907112493,EIG,0,5,500,2,20,999,999,999,1,1,1,1e-4,0.001,0.5,1e-5,5
55,3,background,36.4,40.52081985973708,EIG,0,5,500,2,20,999,999,999,1,1,1,1e-4,0.001,0.5,1e-5,5
55,3,background,41.5,50.94527507661117,EIG,0,5,500,2,20,999,999,999,1,1,1,1e-4,0.001,0.5,1e-5,5
55,3,background,45.45,68.1109582341854,EIG,0,5,500,2,20,999,999,999,1,1,1,1e-4,0.001,0.5,1e-5,5
55,3,background,18.1,26.76977871839024,EIG,0,5,500,2,20,999,999,999,1,1,1,1e-4,0.001,0.5,1e-5,5
55,3,background,33.15,33.05860028240124,EIG,0,5,500,2,20,999,999,999,1,1,1,1e-4,0.001,0.5,1e-5,5
55,3,background,43.5,52.395761178493096,EIG,0,5,500,2,20,999,999,999,1,1,1,1e-4,0.001,0.5,1e-5,5
55,3,background,29.05,45.86189221886442,EIG,0,5,500,2,20,999,999,999,1,1,1,1e-4,0.001,0.5,1e-5,5
55,3,background,52.15,49.71844410488452,EIG,0,5,500,2,20,999,999,999,1,1,1,1e-4,0.001,0.5,1e-5,5
55,3,background,58.3,42.48727363638001,EIG,0,5,500,2,20,999,999,999,1,1,1,1e-4,0.001,0.5,1e-5,5
83,3,background,63,38.57460304397182,EIG,0,5,500,2,20,999,999,999,1,10,0.1,1e-4,0.001,1,1e-5,5
83,3,background,73.55,51.12160424959912,EIG,0,5,500,2,20,999,999,999,1,10,0.1,1e-4,0.001,1,1e-5,5
83,3,background,79.55,41.33747503301651,EIG,0,5,500,2,20,999,999,999,1,10,0.1,1e-4,0.001,1,1e-5,5
83,3,background,66.95,40.97428590302896,EIG,0,5,500,2,20,999,999,999,1,10,0.1,1e-4,0.001,1,1e-5,5
83,3,background,69.5,45.05260083619217,EIG,0,5,500,2,20,999,999,999,1,10,0.1,1e-4,0.001,1,1e-5,5
55,3,background,67.25,65.45056390734516,EIG,0,5,500,2,20,999,999,999,1,1,1,1e-4,0.001,0.5,1e-5,5
55,3,background,39.65,43.7688605962588,EIG,0,5,500,2,20,999,999,999,1,1,1,1e-4,0.001,0.5,1e-5,5
55,3,background,56.9,43.458267943299106,EIG,0,5,500,2,20,999,999,999,1,1,1,1e-4,0.001,0.5,1e-5,5
55,3,background,39,43.23741070196649,EIG,0,5,500,2,20,999,999,999,1,1,1,1e-4,0.001,0.5,1e-5,5
55,3,background,49.3,44.007296045805376,EIG,0,5,500,2,20,999,999,999,1,1,1,1e-4,0.001,0.5,1e-5,5
83,3,background,50.75,38.714712285750245,EIG,0,5,500,2,20,999,999,999,1,10,0.1,1e-4,0.001,1,1e-5,5
83,3,background,41.1,35.074207047344636,EIG,0,5,500,2,20,999,999,999,1,10,0.1,1e-4,0.001,1,1e-5,5
83,3,background,39.45,31.154073823329647,EIG,0,5,500,2,20,999,999,999,1,10,0.1,1e-4,0.001,1,1e-5,5
83,3,background,45.6,32.669638246511006,EIG,0,5,500,2,20,999,999,999,1,10,0.1,1e-4,0.001,1,1e-5,5
83,3,background,54.05,31.9530494385286,EIG,0,5,500,2,20,999,999,999,1,10,0.1,1e-4,0.001,1,1e-5,5
71,3,background,61.45,26.82001412927922,EIG,0,5,500,2,20,999,999,999,1,1,10,1e-4,0.001,1,1e-5,5
71,3,background,59.15,53.79715801532936,EIG,0,5,500,2,20,999,999,999,1,1,10,1e-4,0.001,1,1e-5,5
71,3,background,68.9,34.71978049894234,EIG,0,5,500,2,20,999,999,999,1,1,10,1e-4,0.001,1,1e-5,5
71,3,background,66.8,49.13847243946652,EIG,0,5,500,2,20,999,999,999,1,1,10,1e-4,0.001,1,1e-5,5
71,3,background,57.5,46.98431989280545,EIG,0,5,500,2,20,999,999,999,1,1,10,1e-4,0.001,1,1e-5,5
71,3,background,62.05,39.978250666028266,EIG,0,5,500,2,20,999,999,999,1,1,10,1e-4,0.001,1,1e-5,5
71,3,background,58.15,34.39442274249524,EIG,0,5,500,2,20,999,999,999,1,1,10,1e-4,0.001,1,1e-5,5
71,3,background,66.7,42.23630266912451,EIG,0,5,500,2,20,999,999,999,1,1,10,1e-4,0.001,1,1e-5,5
71,3,background,49.5,35.433406776507866,EIG,0,5,500,2,20,999,999,999,1,1,10,1e-4,0.001,1,1e-5,5
71,3,background,53.1,23.411423212656363,EIG,0,5,500,2,20,999,999,999,1,1,10,1e-4,0.001,1,1e-5,5
83,3,background,72.25,58.0561207616797,EIG,0,5,500,2,20,999,999,999,1,10,0.1,1e-4,0.001,1,1e-5,5
83,3,background,51,33.535527115991016,EIG,0,5,500,2,20,999,999,999,1,10,0.1,1e-4,0.001,1,1e-5,5
83,3,background,55.2,38.18045793885994,EIG,0,5,500,2,20,999,999,999,1,10,0.1,1e-4,0.001,1,1e-5,5
83,3,background,48.2,35.940887140150735,EIG,0,5,500,2,20,999,999,999,1,10,0.1,1e-4,0.001,1,1e-5,5
83,3,background,65.4,39.35051661534746,EIG,0,5,500,2,20,999,999,999,1,10,0.1,1e-4,0.001,1,1e-5,5
55,3,background,58.75,39.95770790539207,EIG,0,5,500,2,20,999,999,999,1,1,1,1e-4,0.001,0.5,1e-5,5
55,3,background,63.85,54.845500703051485,EIG,0,5,500,2,20,999,999,999,1,1,1,1e-4,0.001,0.5,1e-5,5
55,3,background,68.75,53.71256346223116,EIG,0,5,500,2,20,999,999,999,1,1,1,1e-4,0.001,0.5,1e-5,5
55,3,background,46.9,36.83948110955219,EIG,0,5,500,2,20,999,999,999,1,1,1,1e-4,0.001,0.5,1e-5,5
55,3,background,59.3,54.28492084897008,EIG,0,5,500,2,20,999,999,999,1,1,1,1e-4,0.001,0.5,1e-5,5
55,3,background,53.2,45.19035761147096,EIG,0,5,500,2,20,999,999,999,1,1,1,1e-4,0.001,0.5,1e-5,5
55,3,background,69.4,43.78944838055949,EIG,0,5,500,2,20,999,999,999,1,1,1,1e-4,0.001,0.5,1e-5,5
55,3,background,75.4,58.59890424698544,EIG,0,5,500,2,20,999,999,999,1,1,1,1e-4,0.001,0.5,1e-5,5
55,3,background,62.2,48.88396572766123,EIG,0,5,500,2,20,999,999,999,1,1,1,1e-4,0.001,0.5,1e-5,5
55,3,background,67.9,62.476016450946574,EIG,0,5,500,2,20,999,999,999,1,1,1,1e-4,0.001,0.5,1e-5,5
55,3,background,62.95,51.41725596068226,EIG,0,5,500,2,20,999,999,999,1,1,1,1e-4,0.001,0.5,1e-5,5
55,3,background,55.95,56.01078373614176,EIG,0,5,500,2,20,999,999,999,1,1,1,1e-4,0.001,0.5,1e-5,5
55,3,background,84.3,89.70425091141972,EIG,0,5,500,2,20,999,999,999,1,1,1,1e-4,0.001,0.5,1e-5,5
55,3,background,56.25,49.53348149962492,EIG,0,5,500,2,20,999,999,999,1,1,1,1e-4,0.001,0.5,1e-5,5
55,3,background,77,58.74655645003239,EIG,0,5,500,2,20,999,999,999,1,1,1,1e-4,0.001,0.5,1e-5,5
71,3,background,39.35,32.368397518177154,EIG,0,5,500,2,20,999,999,999,1,1,10,1e-4,0.001,1,1e-5,5
71,3,background,27.7,25.986028634836188,EIG,0,5,500,2,20,999,999,999,1,1,10,1e-4,0.001,1,1e-5,5
71,3,background,27.1,29.123873368767416,EIG,0,5,500,2,20,999,999,999,1,1,10,1e-4,0.001,1,1e-5,5
71,3,background,41.25,33.89903740288366,EIG,0,5,500,2,20,999,999,999,1,1,10,1e-4,0.001,1,1e-5,5
71,3,background,35.4,31.74138921776557,EIG,0,5,500,2,20,999,999,999,1,1,10,1e-4,0.001,1,1e-5,5
71,3,background,28.1,24.21591473217127,EIG,0,5,500,2,20,999,999,999,1,1,10,1e-4,0.001,1,1e-5,5
71,3,background,34.9,37.5624392459444,EIG,0,5,500,2,20,999,999,999,1,1,10,1e-4,0.001,1,1e-5,5
71,3,background,29.85,28.002396513982795,EIG,0,5,500,2,20,999,999,999,1,1,10,1e-4,0.001,1,1e-5,5
71,3,background,36.6,38.58879030032045,EIG,0,5,500,2,20,999,999,999,1,1,10,1e-4,0.001,1,1e-5,5
71,3,background,39.3,36.036677222840034,EIG,0,5,500,2,20,999,999,999,1,1,10,1e-4,0.001,1,1e-5,5
83,3,background,40.8,33.67272830613741,EIG,0,5,500,2,20,999,999,999,1,10,0.1,1e-4,0.001,1,1e-5,5
83,3,background,38.25,35.420593177594185,EIG,0,5,500,2,20,999,999,999,1,10,0.1,1e-4,0.001,1,1e-5,5
83,3,background,42.75,41.5576644397181,EIG,0,5,500,2,20,999,999,999,1,10,0.1,1e-4,0.001,1,1e-5,5
83,3,background,44.1,33.35124080387257,EIG,0,5,500,2,20,999,999,999,1,10,0.1,1e-4,0.001,1,1e-5,5
83,3,background,42.15,39.44653276738554,EIG,0,5,500,2,20,999,999,999,1,10,0.1,1e-4,0.001,1,1e-5,5
83,3,background,41.35,37.44789362356854,EIG,0,5,500,2,20,999,999,999,1,10,0.1,1e-4,0.001,1,1e-5,5
83,3,background,28.65,33.00602018452168,EIG,0,5,500,2,20,999,999,999,1,10,0.1,1e-4,0.001,1,1e-5,5
83,3,background,48.3,53.644149138951825,EIG,0,5,500,2,20,999,999,999,1,10,0.1,1e-4,0.001,1,1e-5,5
83,3,background,34.25,28.92617645335322,EIG,0,5,500,2,20,999,999,999,1,10,0.1,1e-4,0.001,1,1e-5,5
83,3,background,33.8,26.15460108460339,EIG,0,5,500,2,20,999,999,999,1,10,0.1,1e-4,0.001,1,1e-5,5
83,3,background,45.45,38.05878417174646,EIG,0,5,500,2,20,999,999,999,1,10,0.1,1e-4,0.001,1,1e-5,5
83,3,background,31.55,28.177024982103863,EIG,0,5,500,2,20,999,999,999,1,10,0.1,1e-4,0.001,1,1e-5,5
83,3,background,40.6,35.152899109312074,EIG,0,5,500,2,20,999,999,999,1,10,0.1,1e-4,0.001,1,1e-5,5
83,3,background,31.25,34.666645580290485,EIG,0,5,500,2,20,999,999,999,1,10,0.1,1e-4,0.001,1,1e-5,5
83,3,background,33.05,25.255484031873365,EIG,0,5,500,2,20,999,999,999,1,10,0.1,1e-4,0.001,1,1e-5,5
83,3,background,52.75,49.95669177028818,EIG,0,5,500,2,20,999,999,999,1,10,0.1,1e-4,0.001,1,1e-5,5
83,3,background,54.9,32.07212267112327,EIG,0,5,500,2,20,999,999,999,1,10,0.1,1e-4,0.001,1,1e-5,5
83,3,background,42.7,34.2377138931848,EIG,0,5,500,2,20,999,999,999,1,10,0.1,1e-4,0.001,1,1e-5,5
83,3,background,69.45,38.17477122255924,EIG,0,5,500,2,20,999,999,999,1,10,0.1,1e-4,0.001,1,1e-5,5
83,3,background,49.9,26.337685627452657,EIG,0,5,500,2,20,999,999,999,1,10,0.1,1e-4,0.001,1,1e-5,5
55,3,background,51.05,53.08828297726048,EIG,0,5,500,2,20,999,999,999,1,1,1,1e-4,0.001,0.5,1e-5,5
55,3,background,60.25,53.34483154562942,EIG,0,5,500,2,20,999,999,999,1,1,1,1e-4,0.001,0.5,1e-5,5
55,3,background,59.1,45.87155981651376,EIG,0,5,500,2,20,999,999,999,1,1,1,1e-4,0.001,0.5,1e-5,5
55,3,background,56.9,47.11564719417867,EIG,0,5,500,2,20,999,999,999,1,1,1,1e-4,0.001,0.5,1e-5,5
55,3,background,59.35,46.6862709448596,EIG,0,5,500,2,20,999,999,999,1,1,1,1e-4,0.001,0.5,1e-5,5
71,3,background,26.35,34.71276877158423,EIG,0,5,500,2,20,999,999,999,1,1,10,1e-4,0.001,1,1e-5,5
71,3,background,24.75,28.48245073725223,EIG,0,5,500,2,20,999,999,999,1,1,10,1e-4,0.001,1,1e-5,5
71,3,background,31.3,29.445936186420305,EIG,0,5,500,2,20,999,999,999,1,1,10,1e-4,0.001,1,1e-5,5
71,3,background,32.95,25.36361878547178,EIG,0,5,500,2,20,999,999,999,1,1,10,1e-4,0.001,1,1e-5,5
71,3,background,41.85,31.170625510836995,EIG,0,5,500,2,20,999,999,999,1,1,10,1e-4,0.001,1,1e-5,5
71,3,background,35.4,31.928208943124098,EIG,0,5,500,2,20,999,999,999,1,1,10,1e-4,0.001,1,1e-5,5
71,3,background,40.15,43.662913324696966,EIG,0,5,500,2,20,999,999,999,1,1,10,1e-4,0.001,1,1e-5,5
71,3,background,38.7,27.51095475585948,EIG,0,5,500,2,20,999,999,999,1,1,10,1e-4,0.001,1,1e-5,5
71,3,background,29.6,27.62988465983507,EIG,0,5,500,2,20,999,999,999,1,1,10,1e-4,0.001,1,1e-5,5
71,3,background,39,35.13283064988764,EIG,0,5,500,2,20,999,999,999,1,1,10,1e-4,0.001,1,1e-5,5
71,3,background,38.9,37.33334899749045,EIG,0,5,500,2,20,999,999,999,1,1,10,1e-4,0.001,1,1e-5,5
71,3,background,49.95,41.06794754780756,EIG,0,5,500,2,20,999,999,999,1,1,10,1e-4,0.001,1,1e-5,5
71,3,background,26.95,26.672428105679305,EIG,0,5,500,2,20,999,999,999,1,1,10,1e-4,0.001,1,1e-5,5
71,3,background,41.15,31.58826397655673,EIG,0,5,500,2,20,999,999,999,1,1,10,1e-4,0.001,1,1e-5,5
71,3,background,21.8,22.621833887221715,EIG,0,5,500,2,20,999,999,999,1,1,10,1e-4,0.001,1,1e-5,5
71,3,background,51.9,31.66086742835372,EIG,0,5,500,2,20,999,999,999,1,1,10,1e-4,0.001,1,1e-5,5
71,3,background,41.3,30.42004186993209,EIG,0,5,500,2,20,999,999,999,1,1,10,1e-4,0.001,1,1e-5,5
71,3,background,49.9,40.02223066457467,EIG,0,5,500,2,20,999,999,999,1,1,10,1e-4,0.001,1,1e-5,5
71,3,background,44.5,30.860466961026876,EIG,0,5,500,2,20,999,999,999,1,1,10,1e-4,0.001,1,1e-5,5
71,3,background,70.5,43.65112888152583,EIG,0,5,500,2,20,999,999,999,1,1,10,1e-4,0.001,1,1e-5,5
83,3,background,58.7,53.60390794866005,EIG,0,5,500,2,20,999,999,999,1,10,0.1,1e-4,0.001,1,1e-5,5
83,3,background,51.75,31.02100307177296,EIG,0,5,500,2,20,999,999,999,1,10,0.1,1e-4,0.001,1,1e-5,5
83,3,background,40.2,38.39215928724044,EIG,0,5,500,2,20,999,999,999,1,10,0.1,1e-4,0.001,1,1e-5,5
83,3,background,43.45,41.320919896011894,EIG,0,5,500,2,20,999,999,999,1,10,0.1,1e-4,0.001,1,1e-5,5
83,3,background,56.2,34.14150121572216,EIG,0,5,500,2,20,999,999,999,1,10,0.1,1e-4,0.001,1,1e-5,5
71,3,background,38.95,28.5389392345192,EIG,0,5,500,2,20,999,999,999,1,1,10,1e-4,0.001,1,1e-5,5
71,3,background,32.85,25.731968648479185,EIG,0,5,500,2,20,999,999,999,1,1,10,1e-4,0.001,1,1e-5,5
71,3,background,48.65,37.314135884971336,EIG,0,5,500,2,20,999,999,999,1,1,10,1e-4,0.001,1,1e-5,5
71,3,background,40.45,28.759392058577095,EIG,0,5,500,2,20,999,999,999,1,1,10,1e-4,0.001,1,1e-5,5
71,3,background,56.75,36.627391245810614,EIG,0,5,500,2,20,999,999,999,1,1,10,1e-4,0.001,1,1e-5,5
71,3,background,41.9,34.245091849628224,EIG,0,5,500,2,20,999,999,999,1,1,10,1e-4,0.001,1,1e-5,5
71,3,background,44.45,32.06486025476947,EIG,0,5,500,2,20,999,999,999,1,1,10,1e-4,0.001,1,1e-5,5
71,3,background,62.5,40.23156655374509,EIG,0,5,500,2,20,999,999,999,1,1,10,1e-4,0.001,1,1e-5,5
55,3,background,59.5,49.24108254827787,EIG,0,5,500,2,20,999,999,999,1,1,1,1e-4,0.001,0.5,1e-5,5
71,3,background,51.25,30.37463450072497,EIG,0,5,500,2,20,999,999,999,1,1,10,1e-4,0.001,1,1e-5,5
55,3,background,43.35,51.44161227726256,EIG,0,5,500,2,20,999,999,999,1,1,1,1e-4,0.001,0.5,1e-5,5
71,3,background,48.3,25.937373969256267,EIG,0,5,500,2,20,999,999,999,1,1,10,1e-4,0.001,1,1e-5,5
55,3,background,49.5,31.491853583192956,EIG,0,5,500,2,20,999,999,999,1,1,1,1e-4,0.001,0.5,1e-5,5
55,3,background,51.5,51.73261213098307,EIG,0,5,500,2,20,999,999,999,1,1,1,1e-4,0.001,0.5,1e-5,5
55,3,background,82.95,66.16922086192103,EIG,0,5,500,2,20,999,999,999,1,1,1,1e-4,0.001,0.5,1e-5,5
71,3,background,44.95,34.461992794503644,EIG,0,5,500,2,20,999,999,999,1,1,10,1e-4,0.001,1,1e-5,5
71,3,background,56.15,29.753858661746,EIG,0,5,500,2,20,999,999,999,1,1,10,1e-4,0.001,1,1e-5,5
71,3,background,53.8,28.294689849585037,EIG,0,5,500,2,20,999,999,999,1,1,10,1e-4,0.001,1,1e-5,5
71,3,background,56.6,35.95523532628344,EIG,0,5,500,2,20,999,999,999,1,1,10,1e-4,0.001,1,1e-5,5
71,3,background,60.5,39.87810373995656,EIG,0,5,500,2,20,999,999,999,1,1,10,1e-4,0.001,1,1e-5,5
55,3,background,69.4,64.28669339271092,EIG,0,5,500,2,20,999,999,999,1,1,1,1e-4,0.001,0.5,1e-5,5
55,3,background,48.55,43.618531793143546,EIG,0,5,500,2,20,999,999,999,1,1,1,1e-4,0.001,0.5,1e-5,5
83,3,background,64.8,43.25761265524924,EIG,0,5,500,2,20,999,999,999,1,10,0.1,1e-4,0.001,1,1e-5,5
55,3,background,44.8,46.941845320622654,EIG,0,5,500,2,20,999,999,999,1,1,1,1e-4,0.001,0.5,1e-5,5
83,3,background,61.9,41.65004580777161,EIG,0,5,500,2,20,999,999,999,1,10,0.1,1e-4,0.001,1,1e-5,5
55,3,background,82.75,73.55690600516468,EIG,0,5,500,2,20,999,999,999,1,1,1,1e-4,0.001,0.5,1e-5,5
83,3,background,66.8,40.21730447142583,EIG,0,5,500,2,20,999,999,999,1,10,0.1,1e-4,0.001,1,1e-5,5
55,3,background,70.9,59.05831195120899,EIG,0,5,500,2,20,999,999,999,1,1,1,1e-4,0.001,0.5,1e-5,5
83,3,background,51.8,29.35194784175767,EIG,0,5,500,2,20,999,999,999,1,10,0.1,1e-4,0.001,1,1e-5,5
83,3,background,68.2,43.50390182137931,EIG,0,5,500,2,20,999,999,999,1,10,0.1,1e-4,0.001,1,1e-5,5
83,3,background,60.55,44.85001320189913,EIG,0,5,500,2,20,999,999,999,1,10,0.1,1e-4,0.001,1,1e-5,5
83,3,background,60.15,44.71462141650147,EIG,0,5,500,2,20,999,999,999,1,10,0.1,1e-4,0.001,1,1e-5,5
83,3,background,54.85,42.748068592873906,EIG,0,5,500,2,20,999,999,999,1,10,0.1,1e-4,0.001,1,1e-5,5
83,3,background,59.65,40.553116565288725,EIG,0,5,500,2,20,999,999,999,1,10,0.1,1e-4,0.001,1,1e-5,5
83,3,background,77.65,46.32979602804225,EIG,0,5,500,2,20,999,999,999,1,10,0.1,1e-4,0.001,1,1e-5,5
55,3,background,36.4,35.486691352645074,EIG,0,5,500,2,20,999,999,999,1,1,1,1e-4,0.001,0.5,1e-5,5
55,3,background,37.55,39.42945065490221,EIG,0,5,500,2,20,999,999,999,1,1,1,1e-4,0.001,0.5,1e-5,5
55,3,background,38.35,38.48345509162962,EIG,0,5,500,2,20,999,999,999,1,1,1,1e-4,0.001,0.5,1e-5,5
55,3,background,35.15,33.58770921819938,EIG,0,5,500,2,20,999,999,999,1,1,1,1e-4,0.001,0.5,1e-5,5
83,3,background,37.95,31.093196074145595,EIG,0,5,500,2,20,999,999,999,1,10,0.1,1e-4,0.001,1,1e-5,5
55,3,background,30.15,29.854515659497103,EIG,0,5,500,2,20,999,999,999,1,1,1,1e-4,0.001,0.5,1e-5,5
83,3,background,28.7,25.98197755935327,EIG,0,5,500,2,20,999,999,999,1,10,0.1,1e-4,0.001,1,1e-5,5
83,3,background,33.4,24.743739240037012,EIG,0,5,500,2,20,999,999,999,1,10,0.1,1e-4,0.001,1,1e-5,5
83,3,background,30.85,28.18598942737331,EIG,0,5,500,2,20,999,999,999,1,10,0.1,1e-4,0.001,1,1e-5,5
83,3,background,33.7,24.264116889370868,EIG,0,5,500,2,20,999,999,999,1,10,0.1,1e-4,0.001,1,1e-5,5
83,3,background,37.25,27.033848179059177,EIG,0,5,500,2,20,999,999,999,1,10,0.1,1e-4,0.001,1,1e-5,5
83,3,background,42.7,29.565449252018553,EIG,0,5,500,2,20,999,999,999,1,10,0.1,1e-4,0.001,1,1e-5,5
83,3,background,40.65,31.932947842232437,EIG,0,5,500,2,20,999,999,999,1,10,0.1,1e-4,0.001,1,1e-5,5
83,3,background,35.3,32.029755902252745,EIG,0,5,500,2,20,999,999,999,1,10,0.1,1e-4,0.001,1,1e-5,5
83,3,background,28.4,25.915652656870886,EIG,0,5,500,2,20,999,999,999,1,10,0.1,1e-4,0.001,1,1e-5,5
71,3,background,48.1,45.468207516206775,EIG,0,5,500,2,20,999,999,999,1,1,10,1e-4,0.001,1,1e-5,5
71,3,background,62.55,28.081601018985257,EIG,0,5,500,2,20,999,999,999,1,1,10,1e-4,0.001,1,1e-5,5
71,3,background,59.7,42.110256282888216,EIG,0,5,500,2,20,999,999,999,1,1,10,1e-4,0.001,1,1e-5,5
71,3,background,58.7,50.94382871566022,EIG,0,5,500,2,20,999,999,999,1,1,10,1e-4,0.001,1,1e-5,5
71,3,background,48.5,32.5907639483465,EIG,0,5,500,2,20,999,999,999,1,1,10,1e-4,0.001,1,1e-5,5
83,3,background,77,45.80737702023206,EIG,0,5,500,2,20,999,999,999,1,10,0.1,1e-4,0.001,1,1e-5,5
83,3,background,40.9,29.852091525068268,EIG,0,5,500,2,20,999,999,999,1,10,0.1,1e-4,0.001,1,1e-5,5
83,3,background,62.85,44.64983644692153,EIG,0,5,500,2,20,999,999,999,1,10,0.1,1e-4,0.001,1,1e-5,5
83,3,background,54.95,34.93524084118469,EIG,0,5,500,2,20,999,999,999,1,10,0.1,1e-4,0.001,1,1e-5,5
83,3,background,63.9,60.77127091332756,EIG,0,5,500,2,20,999,999,999,1,10,0.1,1e-4,0.001,1,1e-5,5
71,3,background,40.15,47.80472890063449,EIG,0,5,500,2,20,999,999,999,1,1,10,1e-4,0.001,1,1e-5,5
71,3,background,55.25,58.84670093154174,EIG,0,5,500,2,20,999,999,999,1,1,10,1e-4,0.001,1,1e-5,5
71,3,background,43.7,33.12194375175975,EIG,0,5,500,2,20,999,999,999,1,1,10,1e-4,0.001,1,1e-5,5
71,3,background,33.25,34.22045402510333,EIG,0,5,500,2,20,999,999,999,1,1,10,1e-4,0.001,1,1e-5,5
71,3,background,38.35,35.33192234852366,EIG,0,5,500,2,20,999,999,999,1,1,10,1e-4,0.001,1,1e-5,5
71,3,background,47.8,43.12844951878906,EIG,0,5,500,2,20,999,999,999,1,1,10,1e-4,0.001,1,1e-5,5
71,3,background,26.15,28.2512691843449,EIG,0,5,500,2,20,999,999,999,1,1,10,1e-4,0.001,1,1e-5,5
71,3,background,22.7,24.290132282797256,EIG,0,5,500,2,20,999,999,999,1,1,10,1e-4,0.001,1,1e-5,5
71,3,background,32.8,29.29630837171343,EIG,0,5,500,2,20,999,999,999,1,1,10,1e-4,0.001,1,1e-5,5
71,3,background,33.5,30.539879019510145,EIG,0,5,500,2,20,999,999,999,1,1,10,1e-4,0.001,1,1e-5,5
71,3,background,31.05,30.903031702748073,EIG,0,5,500,2,20,999,999,999,1,1,10,1e-4,0.001,1,1e-5,5
71,3,background,30.15,29.053987859264964,EIG,0,5,500,2,20,999,999,999,1,1,10,1e-4,0.001,1,1e-5,5
71,3,background,31.45,24.811871097690737,EIG,0,5,500,2,20,999,999,999,1,1,10,1e-4,0.001,1,1e-5,5
71,3,background,21.3,24.967557897568216,EIG,0,5,500,2,20,999,999,999,1,1,10,1e-4,0.001,1,1e-5,5
71,3,background,20.05,19.6615440845696,EIG,0,5,500,2,20,999,999,999,1,1,10,1e-4,0.001,1,1e-5,5
55,3,background,26.7,28.521644597153156,EIG,0,5,500,2,20,999,999,999,1,1,1,1e-4,0.001,0.5,1e-5,5
55,3,background,25.9,31.046484672605303,EIG,0,5,500,2,20,999,999,999,1,1,1,1e-4,0.001,0.5,1e-5,5
55,3,background,43.45,43.04890120243305,EIG,0,5,500,2,20,999,999,999,1,1,1,1e-4,0.001,0.5,1e-5,5
55,3,background,26.9,27.782804223589732,EIG,0,5,500,2,20,999,999,999,1,1,1,1e-4,0.001,0.5,1e-5,5
55,3,background,27.75,31.62756126512045,EIG,0,5,500,2,20,999,999,999,1,1,1,1e-4,0.001,0.5,1e-5,5
55,3,background,28.35,26.31044419397382,EIG,0,5,500,2,20,999,999,999,1,1,1,1e-4,0.001,0.5,1e-5,5
55,3,background,21.45,26.156361810425675,EIG,0,5,500,2,20,999,999,999,1,1,1,1e-4,0.001,0.5,1e-5,5
55,3,background,19.8,20.46203159126936,EIG,0,5,500,2,20,999,999,999,1,1,1,1e-4,0.001,0.5,1e-5,5
55,3,background,39,50.488143475265034,EIG,0,5,500,2,20,999,999,999,1,1,1,1e-4,0.001,0.5,1e-5,5
55,3,background,32.65,34.26871367358432,EIG,0,5,500,2,20,999,999,999,1,1,1,1e-4,0.001,0.5,1e-5,5
83,3,background,26.5,27.528932148980243,EIG,0,5,500,2,20,999,999,999,1,10,0.1,1e-4,0.001,1,1e-5,5
83,3,background,39.6,37.89236834703485,EIG,0,5,500,2,20,999,999,999,1,10,0.1,1e-4,0.001,1,1e-5,5
83,3,background,26.5,25.361595500200483,EIG,0,5,500,2,20,999,999,999,1,10,0.1,1e-4,0.001,1,1e-5,5
83,3,background,31.5,30.68944615438926,EIG,0,5,500,2,20,999,999,999,1,10,0.1,1e-4,0.001,1,1e-5,5
83,3,background,45.55,40.01509583565735,EIG,0,5,500,2,20,999,999,999,1,10,0.1,1e-4,0.001,1,1e-5,5
55,3,background,26.95,31.471750072590165,EIG,0,5,500,2,20,999,999,999,1,1,1,1e-4,0.001,0.5,1e-5,5
55,3,background,38.9,41.382554168075274,EIG,0,5,500,2,20,999,999,999,1,1,1,1e-4,0.001,0.5,1e-5,5
55,3,background,31.6,24.99136693045483,EIG,0,5,500,2,20,999,999,999,1,1,1,1e-4,0.001,0.5,1e-5,5
55,3,background,30.15,43.66291332469696,EIG,0,5,500,2,20,999,999,999,1,1,1,1e-4,0.001,0.5,1e-5,5
55,3,background,38.25,44.804693128240366,EIG,0,5,500,2,20,999,999,999,1,1,1,1e-4,0.001,0.5,1e-5,5
55,3,identity,10.65,11.453682469200162,EIG,0,5,500,2,20,999,999,999,1,1,1,1e-4,0.001,0.5,1e-5,5
55,3,identity,22,32.92415526630866,EIG,0,5,500,2,20,999,999,999,1,1,1,1e-4,0.001,0.5,1e-5,5
55,3,identity,16.1,14.735921023846888,EIG,0,5,500,2,20,999,999,999,1,1,1,1e-4,0.001,0.5,1e-5,5
55,3,identity,19.65,28.806569060765145,EIG,0,5,500,2,20,999,999,999,1,1,1,1e-4,0.001,0.5,1e-5,5
55,3,identity,23.05,20.582248355522804,EIG,0,5,500,2,20,999,999,999,1,1,1,1e-4,0.001,0.5,1e-5,5
55,3,identity,17.4,21.03480824478172,EIG,0,5,500,2,20,999,999,999,1,1,1,1e-4,0.001,0.5,1e-5,5
55,3,identity,19.05,25.590859799216553,EIG,0,5,500,2,20,999,999,999,1,1,1,1e-4,0.001,0.5,1e-5,5
55,3,identity,11.25,7.979414303793163,EIG,0,5,500,2,20,999,999,999,1,1,1,1e-4,0.001,0.5,1e-5,5
55,3,identity,12.15,10.9172726495798,EIG,0,5,500,2,20,999,999,999,1,1,1,1e-4,0.001,0.5,1e-5,5
55,3,identity,20.65,26.290432520315505,EIG,0,5,500,2,20,999,999,999,1,1,1,1e-4,0.001,0.5,1e-5,5
83,3,identity,23.05,31.89369678693334,EIG,0,5,500,2,20,999,999,999,1,10,0.1,1e-4,0.001,1,1e-5,5
55,3,identity,17.55,21.71217218641727,EIG,0,5,500,2,20,999,999,999,1,1,1,1e-4,0.001,0.5,1e-5,5
55,3,identity,14.9,20.664997102907076,EIG,0,5,500,2,20,999,999,999,1,1,1,1e-4,0.001,0.5,1e-5,5
83,3,identity,24.45,28.658561685729047,EIG,0,5,500,2,20,999,999,999,1,10,0.1,1e-4,0.001,1,1e-5,5
83,3,identity,24.1,27.204682259532188,EIG,0,5,500,2,20,999,999,999,1,10,0.1,1e-4,0.001,1,1e-5,5
55,3,identity,27.9,41.31509218318729,EIG,0,5,500,2,20,999,999,999,1,1,1,1e-4,0.001,0.5,1e-5,5
83,3,identity,26.6,30.56038026768095,EIG,0,5,500,2,20,999,999,999,1,10,0.1,1e-4,0.001,1,1e-5,5
55,3,identity,25.75,29.22485423852714,EIG,0,5,500,2,20,999,999,999,1,1,1,1e-4,0.001,0.5,1e-5,5
83,3,identity,18.35,21.83978744835841,EIG,0,5,500,2,20,999,999,999,1,10,0.1,1e-4,0.001,1,1e-5,5
55,3,identity,26.7,35.95772371461856,EIG,0,5,500,2,20,999,999,999,1,1,1,1e-4,0.001,0.5,1e-5,5
83,3,identity,40.95,29.962213044538544,EIG,0,5,500,2,20,999,999,999,1,10,0.1,1e-4,0.001,1,1e-5,5
83,3,identity,27.85,25.911336677621488,EIG,0,5,500,2,20,999,999,999,1,10,0.1,1e-4,0.001,1,1e-5,5
83,3,identity,35.5,20.97241295757734,EIG,0,5,500,2,20,999,999,999,1,10,0.1,1e-4,0.001,1,1e-5,5
83,3,identity,49.2,51.813024170416945,EIG,0,5,500,2,20,999,999,999,1,10,0.1,1e-4,0.001,1,1e-5,5
83,3,identity,37.65,24.777483411567975,EIG,0,5,500,2,20,999,999,999,1,10,0.1,1e-4,0.001,1,1e-5,5
55,3,identity,32.35,41.38684637214557,EIG,0,5,500,2,20,999,999,999,1,1,1,1e-4,0.001,0.5,1e-5,5
55,3,identity,26.1,26.775676314619265,EIG,0,5,500,2,20,999,999,999,1,1,1,1e-4,0.001,0.5,1e-5,5
55,3,identity,32.2,29.04189351518541,EIG,0,5,500,2,20,999,999,999,1,1,1,1e-4,0.001,0.5,1e-5,5
55,3,identity,47.3,56.59096078089912,EIG,0,5,500,2,20,999,999,999,1,1,1,1e-4,0.001,0.5,1e-5,5
55,3,identity,46.7,43.651852314951256,EIG,0,5,500,2,20,999,999,999,1,1,1,1e-4,0.001,0.5,1e-5,5
83,3,identity,52.8,39.349446595453166,EIG,0,5,500,2,20,999,999,999,1,10,0.1,1e-4,0.001,1,1e-5,5
83,3,identity,33.25,27.468402900327803,EIG,0,5,500,2,20,999,999,999,1,10,0.1,1e-4,0.001,1,1e-5,5
83,3,identity,32.8,30.16899768060967,EIG,0,5,500,2,20,999,999,999,1,10,0.1,1e-4,0.001,1,1e-5,5
83,3,identity,21.15,15.868787636509335,EIG,0,5,500,2,20,999,999,999,1,10,0.1,1e-4,0.001,1,1e-5,5
83,3,identity,34.85,35.51467450594413,EIG,0,5,500,2,20,999,999,999,1,10,0.1,1e-4,0.001,1,1e-5,5
55,3,identity,22.45,29.05253861541191,EIG,0,5,500,2,20,999,999,999,1,1,1,1e-4,0.001,0.5,1e-5,5
55,3,identity,22.55,16.442803577057173,EIG,0,5,500,2,20,999,999,999,1,1,1,1e-4,0.001,0.5,1e-5,5
55,3,identity,35.05,51.50112415737819,EIG,0,5,500,2,20,999,999,999,1,1,1,1e-4,0.001,0.5,1e-5,5
55,3,identity,22.85,19.42671790141229,EIG,0,5,500,2,20,999,999,999,1,1,1,1e-4,0.001,0.5,1e-5,5
55,3,identity,21.9,29.611342065961285,EIG,0,5,500,2,20,999,999,999,1,1,1,1e-4,0.001,0.5,1e-5,5
71,3,identity,50.6,49.100755702191755,EIG,0,5,500,2,20,999,999,999,1,1,10,1e-4,0.001,1,1e-5,5
71,3,identity,58.6,70.22700035561371,EIG,0,5,500,2,20,999,999,999,1,1,10,1e-4,0.001,1,1e-5,5
71,3,identity,55.1,59.64182566304499,EIG,0,5,500,2,20,999,999,999,1,1,10,1e-4,0.001,1,1e-5,5
71,3,identity,51.25,44.476930744162786,EIG,0,5,500,2,20,999,999,999,1,1,10,1e-4,0.001,1,1e-5,5
71,3,identity,44.05,41.93412754108018,EIG,0,5,500,2,20,999,999,999,1,1,10,1e-4,0.001,1,1e-5,5
71,3,identity,53.8,48.259823106967445,EIG,0,5,500,2,20,999,999,999,1,1,10,1e-4,0.001,1,1e-5,5
71,3,identity,53.4,44.075772077304855,EIG,0,5,500,2,20,999,999,999,1,1,10,1e-4,0.001,1,1e-5,5
71,3,identity,47.2,45.863183262256975,EIG,0,5,500,2,20,999,999,999,1,1,10,1e-4,0.001,1,1e-5,5
71,3,identity,52.75,45.84054169791075,EIG,0,5,500,2,20,999,999,999,1,1,10,1e-4,0.001,1,1e-5,5
71,3,identity,45.5,44.11647263658709,EIG,0,5,500,2,20,999,999,999,1,1,10,1e-4,0.001,1,1e-5,5
83,3,identity,41.2,46.231226630811705,EIG,0,5,500,2,20,999,999,999,1,10,0.1,1e-4,0.001,1,1e-5,5
83,3,identity,51.9,59.16337771931125,EIG,0,5,500,2,20,999,999,999,1,10,0.1,1e-4,0.001,1,1e-5,5
83,3,identity,42.85,43.4381290185429,EIG,0,5,500,2,20,999,999,999,1,10,0.1,1e-4,0.001,1,1e-5,5
83,3,identity,81.2,77.48317304591467,EIG,0,5,500,2,20,999,999,999,1,10,0.1,1e-4,0.001,1,1e-5,5
83,3,identity,67.4,78.69889319090633,EIG,0,5,500,2,20,999,999,999,1,10,0.1,1e-4,0.001,1,1e-5,5
71,3,identity,30.2,33.74611088703408,EIG,0,5,500,2,20,999,999,999,1,1,10,1e-4,0.001,1,1e-5,5
71,3,identity,37.3,43.061889366230474,EIG,0,5,500,2,20,999,999,999,1,1,10,1e-4,0.001,1,1e-5,5
71,3,identity,42.3,49.220342392786726,EIG,0,5,500,2,20,999,999,999,1,1,10,1e-4,0.001,1,1e-5,5
71,3,identity,35.45,33.75215392736946,EIG,0,5,500,2,20,999,999,999,1,1,10,1e-4,0.001,1,1e-5,5
71,3,identity,64,61.17447007922246,EIG,0,5,500,2,20,999,999,999,1,1,10,1e-4,0.001,1,1e-5,5
71,3,identity,40.4,33.28410399796529,EIG,0,5,500,2,20,999,999,999,1,1,10,1e-4,0.001,1,1e-5,5
71,3,identity,51.45,49.582971397764965,EIG,0,5,500,2,20,999,999,999,1,1,10,1e-4,0.001,1,1e-5,5
71,3,identity,30.25,29.844994290676727,EIG,0,5,500,2,20,999,999,999,1,1,10,1e-4,0.001,1,1e-5,5
71,3,identity,28,36.75953152441876,EIG,0,5,500,2,20,999,999,999,1,1,10,1e-4,0.001,1,1e-5,5
71,3,identity,48.05,52.87470293558456,EIG,0,5,500,2,20,999,999,999,1,1,10,1e-4,0.001,1,1e-5,5
55,3,identity,38.05,48.79114997404216,EIG,0,5,500,2,20,999,999,999,1,1,1,1e-4,0.001,0.5,1e-5,5
55,3,identity,42.35,53.86168934360831,EIG,0,5,500,2,20,999,999,999,1,1,1,1e-4,0.001,0.5,1e-5,5
55,3,identity,36.55,54.79384809879375,EIG,0,5,500,2,20,999,999,999,1,1,1,1e-4,0.001,0.5,1e-5,5
55,3,identity,46.8,72.59230059216443,EIG,0,5,500,2,20,999,999,999,1,1,1,1e-4,0.001,0.5,1e-5,5
55,3,identity,35.45,35.97875835311134,EIG,0,5,500,2,20,999,999,999,1,1,1,1e-4,0.001,0.5,1e-5,5
71,3,identity,50.55,67.45171762473004,EIG,0,5,500,2,20,999,999,999,1,1,10,1e-4,0.001,1,1e-5,5
71,3,identity,42.95,43.891582936043434,EIG,0,5,500,2,20,999,999,999,1,1,10,1e-4,0.001,1,1e-5,5
71,3,identity,37.7,28.26770521097772,EIG,0,5,500,2,20,999,999,999,1,1,10,1e-4,0.001,1,1e-5,5
71,3,identity,49.55,41.78072459123251,EIG,0,5,500,2,20,999,999,999,1,1,10,1e-4,0.001,1,1e-5,5
71,3,identity,32.8,27.215707538884693,EIG,0,5,500,2,20,999,999,999,1,1,10,1e-4,0.001,1,1e-5,5
55,3,identity,45.9,51.18480448850338,EIG,0,5,500,2,20,999,999,999,1,1,1,1e-4,0.001,0.5,1e-5,5
55,3,identity,21.5,20.210731906849052,EIG,0,5,500,2,20,999,999,999,1,1,1,1e-4,0.001,0.5,1e-5,5
55,3,identity,59.4,70.28243772544873,EIG,0,5,500,2,20,999,999,999,1,1,1,1e-4,0.001,0.5,1e-5,5
55,3,identity,41.75,48.3080847543305,EIG,0,5,500,2,20,999,999,999,1,1,1,1e-4,0.001,0.5,1e-5,5
55,3,identity,45.65,62.26790590073796,EIG,0,5,500,2,20,999,999,999,1,1,1,1e-4,0.001,0.5,1e-5,5
55,3,identity,49.45,65.07523985438134,EIG,0,5,500,2,20,999,999,999,1,1,1,1e-4,0.001,0.5,1e-5,5
55,3,identity,38.8,42.14960822693623,EIG,0,5,500,2,20,999,999,999,1,1,1,1e-4,0.001,0.5,1e-5,5
55,3,identity,35.05,42.86389107272853,EIG,0,5,500,2,20,999,999,999,1,1,1,1e-4,0.001,0.5,1e-5,5
55,3,identity,59.45,85.31518961443717,EIG,0,5,500,2,20,999,999,999,1,1,1,1e-4,0.001,0.5,1e-5,5
55,3,identity,42.25,53.09859250786022,EIG,0,5,500,2,20,999,999,999,1,1,1,1e-4,0.001,0.5,1e-5,5
71,3,identity,49.15,37.51669803672689,EIG,0,5,500,2,20,999,999,999,1,1,10,1e-4,0.001,1,1e-5,5
71,3,identity,30.45,31.094888732123778,EIG,0,5,500,2,20,999,999,999,1,1,10,1e-4,0.001,1,1e-5,5
71,3,identity,50.8,53.79062724069472,EIG,0,5,500,2,20,999,999,999,1,1,10,1e-4,0.001,1,1e-5,5
71,3,identity,57.8,48.96894827068314,EIG,0,5,500,2,20,999,999,999,1,1,10,1e-4,0.001,1,1e-5,5
71,3,identity,36.25,52.54258924159073,EIG,0,5,500,2,20,999,999,999,1,1,10,1e-4,0.001,1,1e-5,5
71,3,identity,52.25,39.03827406668054,EIG,0,5,500,2,20,999,999,999,1,1,10,1e-4,0.001,1,1e-5,5
71,3,identity,44.3,55.020665973891354,EIG,0,5,500,2,20,999,999,999,1,1,10,1e-4,0.001,1,1e-5,5
71,3,identity,39.65,37.52511439724489,EIG,0,5,500,2,20,999,999,999,1,1,10,1e-4,0.001,1,1e-5,5
71,3,identity,41.25,34.84684536050498,EIG,0,5,500,2,20,999,999,999,1,1,10,1e-4,0.001,1,1e-5,5
71,3,identity,49.55,26.835708732170552,EIG,0,5,500,2,20,999,999,999,1,1,10,1e-4,0.001,1,1e-5,5
83,3,identity,46.05,32.603640416693544,EIG,0,5,500,2,20,999,999,999,1,10,0.1,1e-4,0.001,1,1e-5,5
83,3,identity,70.9,79.60950749885673,EIG,0,5,500,2,20,999,999,999,1,10,0.1,1e-4,0.001,1,1e-5,5
83,3,identity,33.65,25.939758145202106,EIG,0,5,500,2,20,999,999,999,1,10,0.1,1e-4,0.001,1,1e-5,5
83,3,identity,47.35,41.842153260482235,EIG,0,5,500,2,20,999,999,999,1,10,0.1,1e-4,0.001,1,1e-5,5
83,3,identity,51.75,37.43889758835828,EIG,0,5,500,2,20,999,999,999,1,10,0.1,1e-4,0.001,1,1e-5,5
71,3,identity,49.7,40.8979474456012,EIG,0,5,500,2,20,999,999,999,1,1,10,1e-4,0.001,1,1e-5,5
71,3,identity,64.55,61.75799543378979,EIG,0,5,500,2,20,999,999,999,1,1,10,1e-4,0.001,1,1e-5,5
71,3,identity,35.5,36.72730233548477,EIG,0,5,500,2,20,999,999,999,1,1,10,1e-4,0.001,1,1e-5,5
71,3,identity,29,30.74513226341264,EIG,0,5,500,2,20,999,999,999,1,1,10,1e-4,0.001,1,1e-5,5
71,3,identity,54.65,39.86196577929234,EIG,0,5,500,2,20,999,999,999,1,1,10,1e-4,0.001,1,1e-5,5
83,3,identity,49,48.18713521262703,EIG,0,5,500,2,20,999,999,999,1,10,0.1,1e-4,0.001,1,1e-5,5
83,3,identity,66.75,71.38101988624148,EIG,0,5,500,2,20,999,999,999,1,10,0.1,1e-4,0.001,1,1e-5,5
83,3,identity,65.2,55.03262190450507,EIG,0,5,500,2,20,999,999,999,1,10,0.1,1e-4,0.001,1,1e-5,5
83,3,identity,48.55,46.34251770640456,EIG,0,5,500,2,20,999,999,999,1,10,0.1,1e-4,0.001,1,1e-5,5
83,3,identity,75.55,90.8402154160926,EIG,0,5,500,2,20,999,999,999,1,10,0.1,1e-4,0.001,1,1e-5,5
71,3,identity,52.1,33.346506169075795,EIG,0,5,500,2,20,999,999,999,1,1,10,1e-4,0.001,1,1e-5,5
71,3,identity,57.65,49.901244578931255,EIG,0,5,500,2,20,999,999,999,1,1,10,1e-4,0.001,1,1e-5,5
71,3,identity,39.95,27.50975903393672,EIG,0,5,500,2,20,999,999,999,1,1,10,1e-4,0.001,1,1e-5,5
71,3,identity,52.75,47.15470060846197,EIG,0,5,500,2,20,999,999,999,1,1,10,1e-4,0.001,1,1e-5,5
71,3,identity,67.75,70.72026062705012,EIG,0,5,500,2,20,999,999,999,1,1,10,1e-4,0.001,1,1e-5,5
71,3,identity,51.7,29.936951291532328,EIG,0,5,500,2,20,999,999,999,1,1,10,1e-4,0.001,1,1e-5,5
71,3,identity,64.4,48.86221228591358,EIG,0,5,500,2,20,999,999,999,1,1,10,1e-4,0.001,1,1e-5,5
71,3,identity,40.15,29.794515567378113,EIG,0,5,500,2,20,999,999,999,1,1,10,1e-4,0.001,1,1e-5,5
71,3,identity,65.8,58.58560987316361,EIG,0,5,500,2,20,999,999,999,1,1,10,1e-4,0.001,1,1e-5,5
71,3,identity,54.3,40.620321592963656,EIG,0,5,500,2,20,999,999,999,1,1,10,1e-4,0.001,1,1e-5,5
71,3,identity,47.15,39.60631927250738,EIG,0,5,500,2,20,999,999,999,1,1,10,1e-4,0.001,1,1e-5,5
71,3,identity,53.3,51.04806816283937,EIG,0,5,500,2,20,999,999,999,1,1,10,1e-4,0.001,1,1e-5,5
71,3,identity,39.85,30.489471867135418,EIG,0,5,500,2,20,999,999,999,1,1,10,1e-4,0.001,1,1e-5,5
71,3,identity,48.85,42.05169124829708,EIG,0,5,500,2,20,999,999,999,1,1,10,1e-4,0.001,1,1e-5,5
71,3,identity,39.75,36.421328337867315,EIG,0,5,500,2,20,999,999,999,1,1,10,1e-4,0.001,1,1e-5,5
71,3,identity,65,59.555370079138605,EIG,0,5,500,2,20,999,999,999,1,1,10,1e-4,0.001,1,1e-5,5
71,3,identity,70.5,44.27367044572702,EIG,0,5,500,2,20,999,999,999,1,1,10,1e-4,0.001,1,1e-5,5
71,3,identity,55.2,48.8387249283965,EIG,0,5,500,2,20,999,999,999,1,1,10,1e-4,0.001,1,1e-5,5
71,3,identity,84.9,102.7571997733646,EIG,0,5,500,2,20,999,999,999,1,1,10,1e-4,0.001,1,1e-5,5
71,3,identity,58.05,46.287971610230166,EIG,0,5,500,2,20,999,999,999,1,1,10,1e-4,0.001,1,1e-5,5
55,3,identity,53.6,46.985328057081595,EIG,0,5,500,2,20,999,999,999,1,1,1,1e-4,0.001,0.5,1e-5,5
55,3,identity,56.05,46.69551426669995,EIG,0,5,500,2,20,999,999,999,1,1,1,1e-4,0.001,0.5,1e-5,5
55,3,identity,52.35,42.78375860066528,EIG,0,5,500,2,20,999,999,999,1,1,1,1e-4,0.001,0.5,1e-5,5
55,3,identity,73.95,91.60813282673104,EIG,0,5,500,2,20,999,999,999,1,1,1,1e-4,0.001,0.5,1e-5,5
55,3,identity,67.6,43.467350118402535,EIG,0,5,500,2,20,999,999,999,1,1,1,1e-4,0.001,0.5,1e-5,5
55,3,identity,54.35,61.661448333025035,EIG,0,5,500,2,20,999,999,999,1,1,1,1e-4,0.001,0.5,1e-5,5
55,3,identity,67.85,66.46825518522674,EIG,0,5,500,2,20,999,999,999,1,1,1,1e-4,0.001,0.5,1e-5,5
55,3,identity,60.3,65.35417676822676,EIG,0,5,500,2,20,999,999,999,1,1,1,1e-4,0.001,0.5,1e-5,5
55,3,identity,54.6,48.63223968564583,EIG,0,5,500,2,20,999,999,999,1,1,1,1e-4,0.001,0.5,1e-5,5
83,3,identity,68.45,54.353109628758034,EIG,0,5,500,2,20,999,999,999,1,10,0.1,1e-4,0.001,1,1e-5,5
55,3,identity,46.1,57.12672892696323,EIG,0,5,500,2,20,999,999,999,1,1,1,1e-4,0.001,0.5,1e-5,5
83,3,identity,54.95,47.295793737531866,EIG,0,5,500,2,20,999,999,999,1,10,0.1,1e-4,0.001,1,1e-5,5
83,3,identity,50.45,41.313276826043015,EIG,0,5,500,2,20,999,999,999,1,10,0.1,1e-4,0.001,1,1e-5,5
83,3,identity,86.65,50.22923765885238,EIG,0,5,500,2,20,999,999,999,1,10,0.1,1e-4,0.001,1,1e-5,5
83,3,identity,42.25,45.45081204763535,EIG,0,5,500,2,20,999,999,999,1,10,0.1,1e-4,0.001,1,1e-5,5
83,3,identity,68.4,47.48451271065568,EIG,0,5,500,2,20,999,999,999,1,10,0.1,1e-4,0.001,1,1e-5,5
83,3,identity,74.2,58.4867056418987,EIG,0,5,500,2,20,999,999,999,1,10,0.1,1e-4,0.001,1,1e-5,5
83,3,identity,51.4,31.19277919141241,EIG,0,5,500,2,20,999,999,999,1,10,0.1,1e-4,0.001,1,1e-5,5
83,3,identity,42.9,30.544014832782924,EIG,0,5,500,2,20,999,999,999,1,10,0.1,1e-4,0.001,1,1e-5,5
83,3,identity,58.85,43.81573257464299,EIG,0,5,500,2,20,999,999,999,1,10,0.1,1e-4,0.001,1,1e-5,5
83,3,identity,45.35,44.19963681679797,EIG,0,5,500,2,20,999,999,999,1,10,0.1,1e-4,0.001,1,1e-5,5
83,3,identity,43.9,32.0097024764614,EIG,0,5,500,2,20,999,999,999,1,10,0.1,1e-4,0.001,1,1e-5,5
83,3,identity,57.2,40.974446465545995,EIG,0,5,500,2,20,999,999,999,1,10,0.1,1e-4,0.001,1,1e-5,5
83,3,identity,67.85,56.79165524320592,EIG,0,5,500,2,20,999,999,999,1,10,0.1,1e-4,0.001,1,1e-5,5
83,3,identity,44.85,27.03657366955868,EIG,0,5,500,2,20,999,999,999,1,10,0.1,1e-4,0.001,1,1e-5,5
83,3,identity,49.55,41.60525649988295,EIG,0,5,500,2,20,999,999,999,1,10,0.1,1e-4,0.001,1,1e-5,5
83,3,identity,42.25,31.447324377859488,EIG,0,5,500,2,20,999,999,999,1,10,0.1,1e-4,0.001,1,1e-5,5
83,3,identity,61.1,55.58862056970027,EIG,0,5,500,2,20,999,999,999,1,10,0.1,1e-4,0.001,1,1e-5,5
83,3,identity,56.8,50.83057513368359,EIG,0,5,500,2,20,999,999,999,1,10,0.1,1e-4,0.001,1,1e-5,5
83,3,identity,56.2,34.749630819697394,EIG,0,5,500,2,20,999,999,999,1,10,0.1,1e-4,0.001,1,1e-5,5
71,3,identity,40.75,24.962867159885807,EIG,0,5,500,2,20,999,999,999,1,1,10,1e-4,0.001,1,1e-5,5
71,3,identity,18.65,16.66156939597354,EIG,0,5,500,2,20,999,999,999,1,1,10,1e-4,0.001,1,1e-5,5
71,3,identity,40.9,54.52947054478648,EIG,0,5,500,2,20,999,999,999,1,1,10,1e-4,0.001,1,1e-5,5
71,3,identity,43,43.149678293610776,EIG,0,5,500,2,20,999,999,999,1,1,10,1e-4,0.001,1,1e-5,5
71,3,identity,43.35,51.05134154637085,EIG,0,5,500,2,20,999,999,999,1,1,10,1e-4,0.001,1,1e-5,5
71,3,identity,44.7,51.5905948180888,EIG,0,5,500,2,20,999,999,999,1,1,10,1e-4,0.001,1,1e-5,5
71,3,identity,32.4,40.625892702742384,EIG,0,5,500,2,20,999,999,999,1,1,10,1e-4,0.001,1,1e-5,5
71,3,identity,27.15,35.92283396392885,EIG,0,5,500,2,20,999,999,999,1,1,10,1e-4,0.001,1,1e-5,5
71,3,identity,47.15,68.79433498708879,EIG,0,5,500,2,20,999,999,999,1,1,10,1e-4,0.001,1,1e-5,5
71,3,identity,29.4,42.328788262711626,EIG,0,5,500,2,20,999,999,999,1,1,10,1e-4,0.001,1,1e-5,5
71,3,identity,32.65,35.51912012897902,EIG,0,5,500,2,20,999,999,999,1,1,10,1e-4,0.001,1,1e-5,5
71,3,identity,24.9,18.18588232089589,EIG,0,5,500,2,20,999,999,999,1,1,10,1e-4,0.001,1,1e-5,5
71,3,identity,30.7,32.242665424623475,EIG,0,5,500,2,20,999,999,999,1,1,10,1e-4,0.001,1,1e-5,5
71,3,identity,26.1,28.24870746926681,EIG,0,5,500,2,20,999,999,999,1,1,10,1e-4,0.001,1,1e-5,5
71,3,identity,30.55,25.34493617024285,EIG,0,5,500,2,20,999,999,999,1,1,10,1e-4,0.001,1,1e-5,5
71,3,identity,24.95,18.100523400399812,EIG,0,5,500,2,20,999,999,999,1,1,10,1e-4,0.001,1,1e-5,5
71,3,identity,39.9,42.96252957366944,EIG,0,5,500,2,20,999,999,999,1,1,10,1e-4,0.001,1,1e-5,5
71,3,identity,36.05,31.774658886735843,EIG,0,5,500,2,20,999,999,999,1,1,10,1e-4,0.001,1,1e-5,5
71,3,identity,36.05,31.650184999875055,EIG,0,5,500,2,20,999,999,999,1,1,10,1e-4,0.001,1,1e-5,5
71,3,identity,22.4,17.367240789243954,EIG,0,5,500,2,20,999,999,999,1,1,10,1e-4,0.001,1,1e-5,5
83,3,identity,32.8,35.56846622323887,EIG,0,5,500,2,20,999,999,999,1,10,0.1,1e-4,0.001,1,1e-5,5
83,3,identity,24.3,22.076660693329984,EIG,0,5,500,2,20,999,999,999,1,10,0.1,1e-4,0.001,1,1e-5,5
83,3,identity,30.6,25.885171532426785,EIG,0,5,500,2,20,999,999,999,1,10,0.1,1e-4,0.001,1,1e-5,5
83,3,identity,24.85,28.262444860161764,EIG,0,5,500,2,20,999,999,999,1,10,0.1,1e-4,0.001,1,1e-5,5
83,3,identity,31.35,29.73085407805377,EIG,0,5,500,2,20,999,999,999,1,10,0.1,1e-4,0.001,1,1e-5,5
55,3,identity,20.85,17.986178904340616,EIG,0,5,500,2,20,999,999,999,1,1,1,1e-4,0.001,0.5,1e-5,5
55,3,identity,34,27.773520141541866,EIG,0,5,500,2,20,999,999,999,1,1,1,1e-4,0.001,0.5,1e-5,5
55,3,identity,20.85,19.296236338781338,EIG,0,5,500,2,20,999,999,999,1,1,1,1e-4,0.001,0.5,1e-5,5
55,3,identity,27.65,27.631551378432363,EIG,0,5,500,2,20,999,999,999,1,1,1,1e-4,0.001,0.5,1e-5,5
55,3,identity,25.9,23.244467366620704,EIG,0,5,500,2,20,999,999,999,1,1,1,1e-4,0.001,0.5,1e-5,5
71,3,identity,31.25,43.816453290372195,EIG,0,5,500,2,20,999,999,999,1,1,10,1e-4,0.001,1,1e-5,5
71,3,identity,38.15,36.2684073047198,EIG,0,5,500,2,20,999,999,999,1,1,10,1e-4,0.001,1,1e-5,5
71,3,identity,28.75,26.120923252805355,EIG,0,5,500,2,20,999,999,999,1,1,10,1e-4,0.001,1,1e-5,5
71,3,identity,41.25,44.10618168871451,EIG,0,5,500,2,20,999,999,999,1,1,10,1e-4,0.001,1,1e-5,5
71,3,identity,43.15,45.36202330027548,EIG,0,5,500,2,20,999,999,999,1,1,10,1e-4,0.001,1,1e-5,5
55,3,identity,29,25.39995855777804,EIG,0,5,500,2,20,999,999,999,1,1,1,1e-4,0.001,0.5,1e-5,5
55,3,identity,43.6,57.68553590486595,EIG,0,5,500,2,20,999,999,999,1,1,1,1e-4,0.001,0.5,1e-5,5
55,3,identity,42.2,44.03419723709959,EIG,0,5,500,2,20,999,999,999,1,1,1,1e-4,0.001,0.5,1e-5,5
55,3,identity,43.2,63.84322904378225,EIG,0,5,500,2,20,999,999,999,1,1,1,1e-4,0.001,0.5,1e-5,5
55,3,identity,28.45,49.95837741244416,EIG,0,5,500,2,20,999,999,999,1,1,1,1e-4,0.001,0.5,1e-5,5
83,3,identity,11.2,24.865109776764033,EIG,0,5,500,2,20,999,999,999,1,10,0.1,1e-4,0.001,1,1e-5,5
83,3,identity,31.2,45.833336523125894,EIG,0,5,500,2,20,999,999,999,1,10,0.1,1e-4,0.001,1,1e-5,5
83,3,identity,23.65,37.201124770771735,EIG,0,5,500,2,20,999,999,999,1,10,0.1,1e-4,0.001,1,1e-5,5
83,3,identity,41.2,78.14467015532288,EIG,0,5,500,2,20,999,999,999,1,10,0.1,1e-4,0.001,1,1e-5,5
83,3,identity,11.95,10.57541836922826,EIG,0,5,500,2,20,999,999,999,1,10,0.1,1e-4,0.001,1,1e-5,5
83,3,identity,26.1,50.57344841130103,EIG,0,5,500,2,20,999,999,999,1,10,0.1,1e-4,0.001,1,1e-5,5
83,3,identity,38.25,66.56130929253752,EIG,0,5,500,2,20,999,999,999,1,10,0.1,1e-4,0.001,1,1e-5,5
83,3,identity,16.85,31.589930107718292,EIG,0,5,500,2,20,999,999,999,1,10,0.1,1e-4,0.001,1,1e-5,5
83,3,identity,15,26.47143445499815,EIG,0,5,500,2,20,999,999,999,1,10,0.1,1e-4,0.001,1,1e-5,5
83,3,identity,25.2,63.51178920815452,EIG,0,5,500,2,20,999,999,999,1,10,0.1,1e-4,0.001,1,1e-5,5
55,3,identity,6.95,8.647938604387935,EIG,0,5,500,2,20,999,999,999,1,1,1,1e-4,0.001,0.5,1e-5,5
55,3,identity,10.05,11.789714518216826,EIG,0,5,500,2,20,999,999,999,1,1,1,1e-4,0.001,0.5,1e-5,5
55,3,identity,7.05,10.57541836922826,EIG,0,5,500,2,20,999,999,999,1,1,1,1e-4,0.001,0.5,1e-5,5
55,3,identity,10.25,13.30166194602448,EIG,0,5,500,2,20,999,999,999,1,1,1,1e-4,0.001,0.5,1e-5,5
55,3,identity,11.5,17.06180714806889,EIG,0,5,500,2,20,999,999,999,1,1,1,1e-4,0.001,0.5,1e-5,5
55,3,identity,6.65,5.833433583098469,EIG,0,5,500,2,20,999,999,999,1,1,1,1e-4,0.001,0.5,1e-5,5
55,3,identity,8.4,8.107176807586825,EIG,0,5,500,2,20,999,999,999,1,1,1,1e-4,0.001,0.5,1e-5,5
55,3,identity,6.95,6.684428094262696,EIG,0,5,500,2,20,999,999,999,1,1,1,1e-4,0.001,0.5,1e-5,5
55,3,identity,16.85,37.55455680529469,EIG,0,5,500,2,20,999,999,999,1,1,1,1e-4,0.001,0.5,1e-5,5
55,3,identity,13.1,17.176789725183163,EIG,0,5,500,2,20,999,999,999,1,1,1,1e-4,0.001,0.5,1e-5,5
55,3,identity,8.95,5.462551938811249,EIG,0,5,500,2,20,999,999,999,1,1,1,1e-4,0.001,0.5,1e-5,5
55,3,identity,8.05,6.073887162530918,EIG,0,5,500,2,20,999,999,999,1,1,1,1e-4,0.001,0.5,1e-5,5
55,3,identity,24.35,65.92841013673768,EIG,0,5,500,2,20,999,999,999,1,1,1,1e-4,0.001,0.5,1e-5,5
55,3,identity,6.25,4.529145382380305,EIG,0,5,500,2,20,999,999,999,1,1,1,1e-4,0.001,0.5,1e-5,5
55,3,identity,22.1,65.87939538916629,EIG,0,5,500,2,20,999,999,999,1,1,1,1e-4,0.001,0.5,1e-5,5
83,3,identity,10.05,6.999812027551356,EIG,0,5,500,2,20,999,999,999,1,10,0.1,1e-4,0.001,1,1e-5,5
83,3,identity,8.9,9.613039390109115,EIG,0,5,500,2,20,999,999,999,1,10,0.1,1e-4,0.001,1,1e-5,5
83,3,identity,7,5.32125826038205,EIG,0,5,500,2,20,999,999,999,1,10,0.1,1e-4,0.001,1,1e-5,5
83,3,identity,6.55,7.749193506423749,EIG,0,5,500,2,20,999,999,999,1,10,0.1,1e-4,0.001,1,1e-5,5
83,3,identity,9.45,10.772650555921697,EIG,0,5,500,2,20,999,999,999,1,10,0.1,1e-4,0.001,1,1e-5,5
55,3,identity,3.25,4.339233500103567,EIG,0,5,500,2,20,999,999,999,1,1,1,1e-4,0.001,0.5,1e-5,5
55,3,identity,4.3,4.577979329009919,EIG,0,5,500,2,20,999,999,999,1,1,1,1e-4,0.001,0.5,1e-5,5
55,3,identity,2.65,1.9808291724745768,EIG,0,5,500,2,20,999,999,999,1,1,1,1e-4,0.001,0.5,1e-5,5
55,3,identity,4.55,5.041668479048536,EIG,0,5,500,2,20,999,999,999,1,1,1,1e-4,0.001,0.5,1e-5,5
55,3,identity,4.2,3.2379330639029265,EIG,0,5,500,2,20,999,999,999,1,1,1,1e-4,0.001,0.5,1e-5,5
55,3,identity,2.1,1.6189665319514628,EIG,0,5,500,2,20,999,999,999,1,1,1,1e-4,0.001,0.5,1e-5,5
55,3,identity,4.1,4.339536720361798,EIG,0,5,500,2,20,999,999,999,1,1,1,1e-4,0.001,0.5,1e-5,5
55,3,identity,5.15,4.727021984516812,EIG,0,5,500,2,20,999,999,999,1,1,1,1e-4,0.001,0.5,1e-5,5
55,3,identity,4.9,5.280550210566679,EIG,0,5,500,2,20,999,999,999,1,1,1,1e-4,0.001,0.5,1e-5,5
55,3,identity,5.15,5.441313695868131,EIG,0,5,500,2,20,999,999,999,1,1,1,1e-4,0.001,0.5,1e-5,5
71,3,identity,27.9,40.03012023858771,EIG,0,5,500,2,20,999,999,999,1,1,10,1e-4,0.001,1,1e-5,5
71,3,identity,25.95,39.305115510110866,EIG,0,5,500,2,20,999,999,999,1,1,10,1e-4,0.001,1,1e-5,5
71,3,identity,23.45,26.29883927796854,EIG,0,5,500,2,20,999,999,999,1,1,10,1e-4,0.001,1,1e-5,5
71,3,identity,24.55,31.855719142804848,EIG,0,5,500,2,20,999,999,999,1,1,10,1e-4,0.001,1,1e-5,5
71,3,identity,30.2,33.008132969092074,EIG,0,5,500,2,20,999,999,999,1,1,10,1e-4,0.001,1,1e-5,5
83,3,identity,30.6,27.536387409733823,EIG,0,5,500,2,20,999,999,999,1,10,0.1,1e-4,0.001,1,1e-5,5
83,3,identity,32,39.117905443873006,EIG,0,5,500,2,20,999,999,999,1,10,0.1,1e-4,0.001,1,1e-5,5
83,3,identity,25.9,31.645902703110504,EIG,0,5,500,2,20,999,999,999,1,10,0.1,1e-4,0.001,1,1e-5,5
83,3,identity,13.7,14.27585373979434,EIG,0,5,500,2,20,999,999,999,1,10,0.1,1e-4,0.001,1,1e-5,5
83,3,identity,18.45,23.3023039294627,EIG,0,5,500,2,20,999,999,999,1,10,0.1,1e-4,0.001,1,1e-5,5
83,3,identity,26.1,23.615115587490276,EIG,0,5,500,2,20,999,999,999,1,10,0.1,1e-4,0.001,1,1e-5,5
83,3,identity,22.1,26.582344754208176,EIG,0,5,500,2,20,999,999,999,1,10,0.1,1e-4,0.001,1,1e-5,5
83,3,identity,34.2,46.28015375491904,EIG,0,5,500,2,20,999,999,999,1,10,0.1,1e-4,0.001,1,1e-5,5
83,3,identity,18.65,17.35473543748977,EIG,0,5,500,2,20,999,999,999,1,10,0.1,1e-4,0.001,1,1e-5,5
83,3,identity,30.7,48.032993046994605,EIG,0,5,500,2,20,999,999,999,1,10,0.1,1e-4,0.001,1,1e-5,5
71,3,identity,9.5,6.7238773275387365,EIG,0,5,500,2,20,999,999,999,1,1,10,1e-4,0.001,1,1e-5,5
71,3,identity,10.5,15.198684153570664,EIG,0,5,500,2,20,999,999,999,1,1,10,1e-4,0.001,1,1e-5,5
71,3,identity,7.95,7.465534845295131,EIG,0,5,500,2,20,999,999,999,1,1,10,1e-4,0.001,1,1e-5,5
71,3,identity,8.35,5.779045632373275,EIG,0,5,500,2,20,999,999,999,1,1,10,1e-4,0.001,1,1e-5,5
71,3,identity,7.2,5.736310936298235,EIG,0,5,500,2,20,999,999,999,1,1,10,1e-4,0.001,1,1e-5,5
83,3,identity,11.6,9.063518545303069,EIG,0,5,500,2,20,999,999,999,1,10,0.1,1e-4,0.001,1,1e-5,5
83,3,identity,10.45,10.615157980330224,EIG,0,5,500,2,20,999,999,999,1,10,0.1,1e-4,0.001,1,1e-5,5
83,3,identity,12.05,12.29238103781962,EIG,0,5,500,2,20,999,999,999,1,10,0.1,1e-4,0.001,1,1e-5,5
83,3,identity,7.3,5.99210006240673,EIG,0,5,500,2,20,999,999,999,1,10,0.1,1e-4,0.001,1,1e-5,5
83,3,identity,8.55,6.508900788434573,EIG,0,5,500,2,20,999,999,999,1,10,0.1,1e-4,0.001,1,1e-5,5
83,3,identity,8.4,6.923643701495851,EIG,0,5,500,2,20,999,999,999,1,10,0.1,1e-4,0.001,1,1e-5,5
83,3,identity,8.05,4.273233707134384,EIG,0,5,500,2,20,999,999,999,1,10,0.1,1e-4,0.001,1,1e-5,5
83,3,identity,10.35,8.38089933624134,EIG,0,5,500,2,20,999,999,999,1,10,0.1,1e-4,0.001,1,1e-5,5
83,3,identity,9.65,7.781726232520309,EIG,0,5,500,2,20,999,999,999,1,10,0.1,1e-4,0.001,1,1e-5,5
83,3,identity,12.15,14.109627172514813,EIG,0,5,500,2,20,999,999,999,1,10,0.1,1e-4,0.001,1,1e-5,5
83,3,identity,11.6,12.09784669835265,EIG,0,5,500,2,20,999,999,999,1,10,0.1,1e-4,0.001,1,1e-5,5
83,3,identity,9.3,8.81446180104635,EIG,0,5,500,2,20,999,999,999,1,10,0.1,1e-4,0.001,1,1e-5,5
83,3,identity,8.65,8.6101225616315,EIG,0,5,500,2,20,999,999,999,1,10,0.1,1e-4,0.001,1,1e-5,5
83,3,identity,7.6,4.488582005606294,EIG,0,5,500,2,20,999,999,999,1,10,0.1,1e-4,0.001,1,1e-5,5
83,3,identity,8.55,7.214568594171103,EIG,0,5,500,2,20,999,999,999,1,10,0.1,1e-4,0.001,1,1e-5,5
55,3,identity,10.65,8.71341977701788,EIG,0,5,500,2,20,999,999,999,1,1,1,1e-4,0.001,0.5,1e-5,5
55,3,identity,8.95,8.917605295735303,EIG,0,5,500,2,20,999,999,999,1,1,1,1e-4,0.001,0.5,1e-5,5
55,3,identity,12.3,9.942466071299783,EIG,0,5,500,2,20,999,999,999,1,1,1,1e-4,0.001,0.5,1e-5,5
55,3,identity,12.8,10.817140394567756,EIG,0,5,500,2,20,999,999,999,1,1,1,1e-4,0.001,0.5,1e-5,5
55,3,identity,16.15,20.91656357002621,EIG,0,5,500,2,20,999,999,999,1,1,1,1e-4,0.001,0.5,1e-5,5
71,3,identity,30.1,35.94425508595512,EIG,0,5,500,2,20,999,999,999,1,1,10,1e-4,0.001,1,1e-5,5
71,3,identity,29.4,25.215701040172732,EIG,0,5,500,2,20,999,999,999,1,1,10,1e-4,0.001,1,1e-5,5
71,3,identity,39.4,37.64711493803867,EIG,0,5,500,2,20,999,999,999,1,1,10,1e-4,0.001,1,1e-5,5
71,3,identity,32.75,35.42802191545705,EIG,0,5,500,2,20,999,999,999,1,1,10,1e-4,0.001,1,1e-5,5
71,3,identity,30.75,24.94599429926471,EIG,0,5,500,2,20,999,999,999,1,1,10,1e-4,0.001,1,1e-5,5
55,3,identity,41.05,39.60525616366436,EIG,0,5,500,2,20,999,999,999,1,1,1,1e-4,0.001,0.5,1e-5,5
55,3,identity,48.1,60.99171643497345,EIG,0,5,500,2,20,999,999,999,1,1,1,1e-4,0.001,0.5,1e-5,5
55,3,identity,37.15,39.93847241629765,EIG,0,5,500,2,20,999,999,999,1,1,1,1e-4,0.001,0.5,1e-5,5
55,3,identity,42.15,45.37362438106178,EIG,0,5,500,2,20,999,999,999,1,1,1,1e-4,0.001,0.5,1e-5,5
55,3,identity,28.55,37.27631532502276,EIG,0,5,500,2,20,999,999,999,1,1,1,1e-4,0.001,0.5,1e-5,5
83,3,identity,33.4,34.056300135912714,EIG,0,5,500,2,20,999,999,999,1,10,0.1,1e-4,0.001,1,1e-5,5
83,3,identity,37.4,37.87986550301249,EIG,0,5,500,2,20,999,999,999,1,10,0.1,1e-4,0.001,1,1e-5,5
83,3,identity,22.35,17.616604009913637,EIG,0,5,500,2,20,999,999,999,1,10,0.1,1e-4,0.001,1,1e-5,5
83,3,identity,29.05,22.17508084599278,EIG,0,5,500,2,20,999,999,999,1,10,0.1,1e-4,0.001,1,1e-5,5
83,3,identity,29.45,27.618595947391373,EIG,0,5,500,2,20,999,999,999,1,10,0.1,1e-4,0.001,1,1e-5,5
55,3,identity,44.8,44.09153158935099,EIG,0,5,500,2,20,999,999,999,1,1,1,1e-4,0.001,0.5,1e-5,5
55,3,identity,18.85,37.06363659835253,EIG,0,5,500,2,20,999,999,999,1,1,1,1e-4,0.001,0.5,1e-5,5
55,3,identity,44.15,56.58368278836874,EIG,0,5,500,2,20,999,999,999,1,1,1,1e-4,0.001,0.5,1e-5,5
55,3,identity,36.25,41.54246400719959,EIG,0,5,500,2,20,999,999,999,1,1,1,1e-4,0.001,0.5,1e-5,5
55,3,identity,24.3,30.955145818289715,EIG,0,5,500,2,20,999,999,999,1,1,1,1e-4,0.001,0.5,1e-5,5
83,4,background,52.4,46.29584498805367,EIG,0,5,500,2,20,999,999,999,1,10,0.1,1e-4,0.001,1,1e-5,5
83,4,background,54.95,54.03359091684007,EIG,0,5,500,2,20,999,999,999,1,10,0.1,1e-4,0.001,1,1e-5,5
83,4,background,41.25,38.81111479433368,EIG,0,5,500,2,20,999,999,999,1,10,0.1,1e-4,0.001,1,1e-5,5
83,4,background,42.5,26.1141220112998,EIG,0,5,500,2,20,999,999,999,1,10,0.1,1e-4,0.001,1,1e-5,5
83,4,background,49.7,38.56245788191848,EIG,0,5,500,2,20,999,999,999,1,10,0.1,1e-4,0.001,1,1e-5,5
55,4,background,39.7,37.162658111264555,EIG,0,5,500,2,20,999,999,999,1,1,1,1e-4,0.001,0.5,1e-5,5
55,4,background,62.85,80.40965836200735,EIG,0,5,500,2,20,999,999,999,1,1,1,1e-4,0.001,0.5,1e-5,5
55,4,background,53.5,65.4824203005742,EIG,0,5,500,2,20,999,999,999,1,1,1,1e-4,0.001,0.5,1e-5,5
55,4,background,55.6,55.195728286278026,EIG,0,5,500,2,20,999,999,999,1,1,1,1e-4,0.001,0.5,1e-5,5
55,4,background,47.8,42.58934880435421,EIG,0,5,500,2,20,999,999,999,1,1,1,1e-4,0.001,0.5,1e-5,5
55,4,background,69.5,59.06775770248943,EIG,0,5,500,2,20,999,999,999,1,1,1,1e-4,0.001,0.5,1e-5,5
55,4,background,41.75,45.25003634776091,EIG,0,5,500,2,20,999,999,999,1,1,1,1e-4,0.001,0.5,1e-5,5
55,4,background,35.7,44.5764866033062,EIG,0,5,500,2,20,999,999,999,1,1,1,1e-4,0.001,0.5,1e-5,5
55,4,background,56.8,47.136531815344114,EIG,0,5,500,2,20,999,999,999,1,1,1,1e-4,0.001,0.5,1e-5,5
55,4,background,27.4,36.53894821751312,EIG,0,5,500,2,20,999,999,999,1,1,1,1e-4,0.001,0.5,1e-5,5
55,4,background,30.35,48.16012218029614,EIG,0,5,500,2,20,999,999,999,1,1,1,1e-4,0.001,0.5,1e-5,5
83,4,background,36.9,43.564712905358576,EIG,0,5,500,2,20,999,999,999,1,10,0.1,1e-4,0.001,1,1e-5,5
55,4,background,26.75,35.76218967745565,EIG,0,5,500,2,20,999,999,999,1,1,1,1e-4,0.001,0.5,1e-5,5
83,4,background,39.85,38.747869211365064,EIG,0,5,500,2,20,999,999,999,1,10,0.1,1e-4,0.001,1,1e-5,5
55,4,background,56,77.50653622691918,EIG,0,5,500,2,20,999,999,999,1,1,1,1e-4,0.001,0.5,1e-5,5
83,4,background,48.15,36.850016067981926,EIG,0,5,500,2,20,999,999,999,1,10,0.1,1e-4,0.001,1,1e-5,5
83,4,background,45.15,41.43260221511304,EIG,0,5,500,2,20,999,999,999,1,10,0.1,1e-4,0.001,1,1e-5,5
55,4,background,52.85,63.311489769567935,EIG,0,5,500,2,20,999,999,999,1,1,1,1e-4,0.001,0.5,1e-5,5
55,4,background,21.4,22.208106627986098,EIG,0,5,500,2,20,999,999,999,1,1,1,1e-4,0.001,0.5,1e-5,5
83,4,background,34.6,45.899661734793,EIG,0,5,500,2,20,999,999,999,1,10,0.1,1e-4,0.001,1,1e-5,5
83,4,background,51.5,48.09256425729559,EIG,0,5,500,2,20,999,999,999,1,10,0.1,1e-4,0.001,1,1e-5,5
83,4,background,44.95,33.75683166724221,EIG,0,5,500,2,20,999,999,999,1,10,0.1,1e-4,0.001,1,1e-5,5
83,4,background,46.8,36.01110939696249,EIG,0,5,500,2,20,999,999,999,1,10,0.1,1e-4,0.001,1,1e-5,5
83,4,background,65.8,49.758998128347024,EIG,0,5,500,2,20,999,999,999,1,10,0.1,1e-4,0.001,1,1e-5,5
83,4,background,60.1,59.04672547630126,EIG,0,5,500,2,20,999,999,999,1,10,0.1,1e-4,0.001,1,1e-5,5
83,4,background,45.35,37.34233522424649,EIG,0,5,500,2,20,999,999,999,1,10,0.1,1e-4,0.001,1,1e-5,5
83,4,background,40.45,31.245168047488395,EIG,0,5,500,2,20,999,999,999,1,10,0.1,1e-4,0.001,1,1e-5,5
83,4,background,55.2,43.9612269356101,EIG,0,5,500,2,20,999,999,999,1,10,0.1,1e-4,0.001,1,1e-5,5
83,4,background,32.35,30.42380473801464,EIG,0,5,500,2,20,999,999,999,1,10,0.1,1e-4,0.001,1,1e-5,5
83,4,background,36.85,26.73510406700681,EIG,0,5,500,2,20,999,999,999,1,10,0.1,1e-4,0.001,1,1e-5,5
71,4,background,43.75,29.643273844339912,EIG,0,5,500,2,20,999,999,999,1,1,10,1e-4,0.001,1,1e-5,5
71,4,background,42.95,38.95270411530805,EIG,0,5,500,2,20,999,999,999,1,1,10,1e-4,0.001,1,1e-5,5
71,4,background,31.6,26.527840390606123,EIG,0,5,500,2,20,999,999,999,1,1,10,1e-4,0.001,1,1e-5,5
71,4,background,49.8,31.585473009963895,EIG,0,5,500,2,20,999,999,999,1,1,10,1e-4,0.001,1,1e-5,5
71,4,background,39.65,49.95079157478256,EIG,0,5,500,2,20,999,999,999,1,1,10,1e-4,0.001,1,1e-5,5
55,4,background,34.1,36.2809214761408,EIG,0,5,500,2,20,999,999,999,1,1,1,1e-4,0.001,0.5,1e-5,5
55,4,background,55.55,62.35845023562944,EIG,0,5,500,2,20,999,999,999,1,1,1,1e-4,0.001,0.5,1e-5,5
55,4,background,50,41.97242202358968,EIG,0,5,500,2,20,999,999,999,1,1,1,1e-4,0.001,0.5,1e-5,5
55,4,background,60.7,58.72782896325082,EIG,0,5,500,2,20,999,999,999,1,1,1,1e-4,0.001,0.5,1e-5,5
55,4,background,54.45,51.56648748537123,EIG,0,5,500,2,20,999,999,999,1,1,1,1e-4,0.001,0.5,1e-5,5
83,4,background,50.75,39.50999207395783,EIG,0,5,500,2,20,999,999,999,1,10,0.1,1e-4,0.001,1,1e-5,5
83,4,background,51.35,39.63687145761341,EIG,0,5,500,2,20,999,999,999,1,10,0.1,1e-4,0.001,1,1e-5,5
83,4,background,50.55,36.827442570938715,EIG,0,5,500,2,20,999,999,999,1,10,0.1,1e-4,0.001,1,1e-5,5
83,4,background,57.9,46.92872535194084,EIG,0,5,500,2,20,999,999,999,1,10,0.1,1e-4,0.001,1,1e-5,5
83,4,background,55.25,42.67733898871736,EIG,0,5,500,2,20,999,999,999,1,10,0.1,1e-4,0.001,1,1e-5,5
55,4,background,66.25,40.43431971143222,EIG,0,5,500,2,20,999,999,999,1,1,1,1e-4,0.001,0.5,1e-5,5
55,4,background,41.55,43.739028699537286,EIG,0,5,500,2,20,999,999,999,1,1,1,1e-4,0.001,0.5,1e-5,5
55,4,background,73,45.15120794560615,EIG,0,5,500,2,20,999,999,999,1,1,1,1e-4,0.001,0.5,1e-5,5
55,4,background,43.55,47.05816669433244,EIG,0,5,500,2,20,999,999,999,1,1,1,1e-4,0.001,0.5,1e-5,5
55,4,background,83.9,72.75112587300264,EIG,0,5,500,2,20,999,999,999,1,1,1,1e-4,0.001,0.5,1e-5,5
71,4,background,20.9,19.678735517785366,EIG,0,5,500,2,20,999,999,999,1,1,10,1e-4,0.001,1,1e-5,5
71,4,background,48.6,29.169919618098294,EIG,0,5,500,2,20,999,999,999,1,1,10,1e-4,0.001,1,1e-5,5
71,4,background,28.7,25.963739897666596,EIG,0,5,500,2,20,999,999,999,1,1,10,1e-4,0.001,1,1e-5,5
71,4,background,40.95,33.089153891617684,EIG,0,5,500,2,20,999,999,999,1,1,10,1e-4,0.001,1,1e-5,5
71,4,background,45.6,33.103346944793486,EIG,0,5,500,2,20,999,999,999,1,1,10,1e-4,0.001,1,1e-5,5
55,4,background,46.5,37.56468106024454,EIG,0,5,500,2,20,999,999,999,1,1,1,1e-4,0.001,0.5,1e-5,5
55,4,background,49.3,73.21424940398879,EIG,0,5,500,2,20,999,999,999,1,1,1,1e-4,0.001,0.5,1e-5,5
55,4,background,35.7,46.30573455449744,EIG,0,5,500,2,20,999,999,999,1,1,1,1e-4,0.001,0.5,1e-5,5
55,4,background,51.05,38.97701751977493,EIG,0,5,500,2,20,999,999,999,1,1,1,1e-4,0.001,0.5,1e-5,5
55,4,background,35.8,33.30339005977746,EIG,0,5,500,2,20,999,999,999,1,1,1,1e-4,0.001,0.5,1e-5,5
83,4,background,45.55,33.33004808372105,EIG,0,5,500,2,20,999,999,999,1,10,0.1,1e-4,0.001,1,1e-5,5
83,4,background,44.75,40.285657628073,EIG,0,5,500,2,20,999,999,999,1,10,0.1,1e-4,0.001,1,1e-5,5
83,4,background,31.2,32.89952807212318,EIG,0,5,500,2,20,999,999,999,1,10,0.1,1e-4,0.001,1,1e-5,5
83,4,background,45.55,37.50996358863939,EIG,0,5,500,2,20,999,999,999,1,10,0.1,1e-4,0.001,1,1e-5,5
83,4,background,36.65,35.795140805186925,EIG,0,5,500,2,20,999,999,999,1,10,0.1,1e-4,0.001,1,1e-5,5
71,4,background,33.85,30.94013744738633,EIG,0,5,500,2,20,999,999,999,1,1,10,1e-4,0.001,1,1e-5,5
71,4,background,43.05,49.2795196063393,EIG,0,5,500,2,20,999,999,999,1,1,10,1e-4,0.001,1,1e-5,5
71,4,background,32.15,33.18730733911765,EIG,0,5,500,2,20,999,999,999,1,1,10,1e-4,0.001,1,1e-5,5
71,4,background,42.1,33.93631807091816,EIG,0,5,500,2,20,999,999,999,1,1,10,1e-4,0.001,1,1e-5,5
71,4,background,43.45,40.11624556080413,EIG,0,5,500,2,20,999,999,999,1,1,10,1e-4,0.001,1,1e-5,5
71,4,background,27.35,27.367431662278317,EIG,0,5,500,2,20,999,999,999,1,1,10,1e-4,0.001,1,1e-5,5
71,4,background,44.35,37.85328324771286,EIG,0,5,500,2,20,999,999,999,1,1,10,1e-4,0.001,1,1e-5,5
71,4,background,19.15,19.39146583856984,EIG,0,5,500,2,20,999,999,999,1,1,10,1e-4,0.001,1,1e-5,5
71,4,background,31.95,29.195304236703617,EIG,0,5,500,2,20,999,999,999,1,1,10,1e-4,0.001,1,1e-5,5
71,4,background,37.5,41.72529209005014,EIG,0,5,500,2,20,999,999,999,1,1,10,1e-4,0.001,1,1e-5,5
83,4,background,38.25,30.68837427739491,EIG,0,5,500,2,20,999,999,999,1,10,0.1,1e-4,0.001,1,1e-5,5
83,4,background,39.4,31.116758050589834,EIG,0,5,500,2,20,999,999,999,1,10,0.1,1e-4,0.001,1,1e-5,5
83,4,background,54,32.51396461117657,EIG,0,5,500,2,20,999,999,999,1,10,0.1,1e-4,0.001,1,1e-5,5
83,4,background,54,36.47060820932241,EIG,0,5,500,2,20,999,999,999,1,10,0.1,1e-4,0.001,1,1e-5,5
83,4,background,55.65,42.07671565129579,EIG,0,5,500,2,20,999,999,999,1,10,0.1,1e-4,0.001,1,1e-5,5
55,4,background,33.15,26.262390559405222,EIG,0,5,500,2,20,999,999,999,1,1,1,1e-4,0.001,0.5,1e-5,5
55,4,background,55,51.91288249000485,EIG,0,5,500,2,20,999,999,999,1,1,1,1e-4,0.001,0.5,1e-5,5
55,4,background,42.35,50.108592602782,EIG,0,5,500,2,20,999,999,999,1,1,1,1e-4,0.001,0.5,1e-5,5
55,4,background,31.2,30.67074724949011,EIG,0,5,500,2,20,999,999,999,1,1,1,1e-4,0.001,0.5,1e-5,5
55,4,background,59.75,56.93382585349231,EIG,0,5,500,2,20,999,999,999,1,1,1,1e-4,0.001,0.5,1e-5,5
55,4,background,48.1,50.00936754354391,EIG,0,5,500,2,20,999,999,999,1,1,1,1e-4,0.001,0.5,1e-5,5
55,4,background,70.4,71.72931574218526,EIG,0,5,500,2,20,999,999,999,1,1,1,1e-4,0.001,0.5,1e-5,5
55,4,background,91,64.26917080365573,EIG,0,5,500,2,20,999,999,999,1,1,1,1e-4,0.001,0.5,1e-5,5
55,4,background,65.6,60.864301178069375,EIG,0,5,500,2,20,999,999,999,1,1,1,1e-4,0.001,0.5,1e-5,5
55,4,background,46.3,54.507459653654166,EIG,0,5,500,2,20,999,999,999,1,1,1,1e-4,0.001,0.5,1e-5,5
71,4,background,54.4,42.036825960603935,EIG,0,5,500,2,20,999,999,999,1,1,10,1e-4,0.001,1,1e-5,5
71,4,background,55.7,32.612719507643185,EIG,0,5,500,2,20,999,999,999,1,1,10,1e-4,0.001,1,1e-5,5
71,4,background,71.6,42.3623467368444,EIG,0,5,500,2,20,999,999,999,1,1,10,1e-4,0.001,1,1e-5,5
71,4,background,67.75,41.9873101130129,EIG,0,5,500,2,20,999,999,999,1,1,10,1e-4,0.001,1,1e-5,5
71,4,background,59.15,43.00462031481097,EIG,0,5,500,2,20,999,999,999,1,1,10,1e-4,0.001,1,1e-5,5
71,4,background,50.4,24.65424058752101,EIG,0,5,500,2,20,999,999,999,1,1,10,1e-4,0.001,1,1e-5,5
71,4,background,52.35,31.91481259788149,EIG,0,5,500,2,20,999,999,999,1,1,10,1e-4,0.001,1,1e-5,5
71,4,background,57.9,43.01517480096872,EIG,0,5,500,2,20,999,999,999,1,1,10,1e-4,0.001,1,1e-5,5
71,4,background,59.95,43.10632509456002,EIG,0,5,500,2,20,999,999,999,1,1,10,1e-4,0.001,1,1e-5,5
71,4,background,58.45,34.69942362633708,EIG,0,5,500,2,20,999,999,999,1,1,10,1e-4,0.001,1,1e-5,5
83,4,background,43.9,31.445692534071632,EIG,0,5,500,2,20,999,999,999,1,10,0.1,1e-4,0.001,1,1e-5,5
83,4,background,63.55,46.31297987889742,EIG,0,5,500,2,20,999,999,999,1,10,0.1,1e-4,0.001,1,1e-5,5
83,4,background,82.95,72.04784594464402,EIG,0,5,500,2,20,999,999,999,1,10,0.1,1e-4,0.001,1,1e-5,5
83,4,background,49.85,37.43383636849365,EIG,0,5,500,2,20,999,999,999,1,10,0.1,1e-4,0.001,1,1e-5,5
83,4,background,46.4,30.9794498948815,EIG,0,5,500,2,20,999,999,999,1,10,0.1,1e-4,0.001,1,1e-5,5
55,4,background,67.15,59.849174465572425,EIG,0,5,500,2,20,999,999,999,1,1,1,1e-4,0.001,0.5,1e-5,5
55,4,background,67.65,62.86265312484621,EIG,0,5,500,2,20,999,999,999,1,1,1,1e-4,0.001,0.5,1e-5,5
55,4,background,70.3,59.71520127369491,EIG,0,5,500,2,20,999,999,999,1,1,1,1e-4,0.001,0.5,1e-5,5
55,4,background,50.85,36.78998004319855,EIG,0,5,500,2,20,999,999,999,1,1,1,1e-4,0.001,0.5,1e-5,5
55,4,background,66.75,68.72590486854284,EIG,0,5,500,2,20,999,999,999,1,1,1,1e-4,0.001,0.5,1e-5,5
71,4,background,56.1,48.75599828145304,EIG,0,5,500,2,20,999,999,999,1,1,10,1e-4,0.001,1,1e-5,5
71,4,background,47.1,29.431275881279763,EIG,0,5,500,2,20,999,999,999,1,1,10,1e-4,0.001,1,1e-5,5
71,4,background,44.7,30.34208472177147,EIG,0,5,500,2,20,999,999,999,1,1,10,1e-4,0.001,1,1e-5,5
71,4,background,36.2,31.33956638265168,EIG,0,5,500,2,20,999,999,999,1,1,10,1e-4,0.001,1,1e-5,5
71,4,background,32.65,26.592984828808955,EIG,0,5,500,2,20,999,999,999,1,1,10,1e-4,0.001,1,1e-5,5
55,4,background,47.6,50.445802078750035,EIG,0,5,500,2,20,999,999,999,1,1,1,1e-4,0.001,0.5,1e-5,5
55,4,background,32.5,37.77565353504821,EIG,0,5,500,2,20,999,999,999,1,1,1,1e-4,0.001,0.5,1e-5,5
55,4,background,36.85,42.998500585852746,EIG,0,5,500,2,20,999,999,999,1,1,1,1e-4,0.001,0.5,1e-5,5
55,4,background,37.1,37.73160060493758,EIG,0,5,500,2,20,999,999,999,1,1,1,1e-4,0.001,0.5,1e-5,5
55,4,background,28.85,45.91900764561332,EIG,0,5,500,2,20,999,999,999,1,1,1,1e-4,0.001,0.5,1e-5,5
83,4,background,35.6,35.387181741118454,EIG,0,5,500,2,20,999,999,999,1,10,0.1,1e-4,0.001,1,1e-5,5
83,4,background,29.6,24.214827993129376,EIG,0,5,500,2,20,999,999,999,1,10,0.1,1e-4,0.001,1,1e-5,5
83,4,background,27.7,23.711200995132636,EIG,0,5,500,2,20,999,999,999,1,10,0.1,1e-4,0.001,1,1e-5,5
83,4,background,37.2,34.08595944929448,EIG,0,5,500,2,20,999,999,999,1,10,0.1,1e-4,0.001,1,1e-5,5
83,4,background,26.5,18.141258588033377,EIG,0,5,500,2,20,999,999,999,1,10,0.1,1e-4,0.001,1,1e-5,5
83,4,background,41.85,35.696491055623525,EIG,0,5,500,2,20,999,999,999,1,10,0.1,1e-4,0.001,1,1e-5,5
83,4,background,32.6,22.735087651608374,EIG,0,5,500,2,20,999,999,999,1,10,0.1,1e-4,0.001,1,1e-5,5
83,4,background,45.2,35.905724510606646,EIG,0,5,500,2,20,999,999,999,1,10,0.1,1e-4,0.001,1,1e-5,5
83,4,background,33.05,38.48783129632971,EIG,0,5,500,2,20,999,999,999,1,10,0.1,1e-4,0.001,1,1e-5,5
83,4,background,47.25,36.67334468692917,EIG,0,5,500,2,20,999,999,999,1,10,0.1,1e-4,0.001,1,1e-5,5
55,4,background,25.95,26.998001875382517,EIG,0,5,500,2,20,999,999,999,1,1,1,1e-4,0.001,0.5,1e-5,5
55,4,background,20.55,25.05882552798724,EIG,0,5,500,2,20,999,999,999,1,1,1,1e-4,0.001,0.5,1e-5,5
55,4,background,23.55,19.661544084569595,EIG,0,5,500,2,20,999,999,999,1,1,1,1e-4,0.001,0.5,1e-5,5
55,4,background,32.65,34.85651037882986,EIG,0,5,500,2,20,999,999,999,1,1,1,1e-4,0.001,0.5,1e-5,5
55,4,background,39.3,36.191159141425686,EIG,0,5,500,2,20,999,999,999,1,1,1,1e-4,0.001,0.5,1e-5,5
71,4,background,51.85,22.84564913086355,EIG,0,5,500,2,20,999,999,999,1,1,10,1e-4,0.001,1,1e-5,5
71,4,background,66.85,40.74474457554392,EIG,0,5,500,2,20,999,999,999,1,1,10,1e-4,0.001,1,1e-5,5
71,4,background,69,53.90537518359566,EIG,0,5,500,2,20,999,999,999,1,1,10,1e-4,0.001,1,1e-5,5
71,4,background,64.45,46.32888720305814,EIG,0,5,500,2,20,999,999,999,1,1,10,1e-4,0.001,1,1e-5,5
71,4,background,71.2,42.80383652259025,EIG,0,5,500,2,20,999,999,999,1,1,10,1e-4,0.001,1,1e-5,5
71,4,background,57.25,45.423011789180165,EIG,0,5,500,2,20,999,999,999,1,1,10,1e-4,0.001,1,1e-5,5
71,4,background,47.3,30.69733401762234,EIG,0,5,500,2,20,999,999,999,1,1,10,1e-4,0.001,1,1e-5,5
71,4,background,52,40.10118780233192,EIG,0,5,500,2,20,999,999,999,1,1,10,1e-4,0.001,1,1e-5,5
71,4,background,56.05,49.094404226100856,EIG,0,5,500,2,20,999,999,999,1,1,10,1e-4,0.001,1,1e-5,5
71,4,background,54.45,30.45700161487373,EIG,0,5,500,2,20,999,999,999,1,1,10,1e-4,0.001,1,1e-5,5
83,4,background,63.2,57.84789492599035,EIG,0,5,500,2,20,999,999,999,1,10,0.1,1e-4,0.001,1,1e-5,5
83,4,background,45.2,29.251360742077587,EIG,0,5,500,2,20,999,999,999,1,10,0.1,1e-4,0.001,1,1e-5,5
83,4,background,53.85,34.42960017805976,EIG,0,5,500,2,20,999,999,999,1,10,0.1,1e-4,0.001,1,1e-5,5
83,4,background,76.75,37.01333330173416,EIG,0,5,500,2,20,999,999,999,1,10,0.1,1e-4,0.001,1,1e-5,5
83,4,background,53.3,36.43899010675241,EIG,0,5,500,2,20,999,999,999,1,10,0.1,1e-4,0.001,1,1e-5,5
71,4,background,32.5,28.340969043344117,EIG,0,5,500,2,20,999,999,999,1,1,10,1e-4,0.001,1,1e-5,5
71,4,background,22.8,24.44887253885243,EIG,0,5,500,2,20,999,999,999,1,1,10,1e-4,0.001,1,1e-5,5
71,4,background,19.75,20.641998577249197,EIG,0,5,500,2,20,999,999,999,1,1,10,1e-4,0.001,1,1e-5,5
71,4,background,26.2,27.869243564225155,EIG,0,5,500,2,20,999,999,999,1,1,10,1e-4,0.001,1,1e-5,5
71,4,background,41.2,34.232333130812854,EIG,0,5,500,2,20,999,999,999,1,1,10,1e-4,0.001,1,1e-5,5
71,4,background,22.45,23.67204658397081,EIG,0,5,500,2,20,999,999,999,1,1,10,1e-4,0.001,1,1e-5,5
71,4,background,28.3,30.64070220440366,EIG,0,5,500,2,20,999,999,999,1,1,10,1e-4,0.001,1,1e-5,5
71,4,background,31.2,33.10525479039305,EIG,0,5,500,2,20,999,999,999,1,1,10,1e-4,0.001,1,1e-5,5
71,4,background,32,25.735496682086477,EIG,0,5,500,2,20,999,999,999,1,1,10,1e-4,0.001,1,1e-5,5
71,4,background,28.05,28.892678001619423,EIG,0,5,500,2,20,999,999,999,1,1,10,1e-4,0.001,1,1e-5,5
71,4,background,50.2,50.4230523721672,EIG,0,5,500,2,20,999,999,999,1,1,10,1e-4,0.001,1,1e-5,5
71,4,background,19.05,15.588372859957277,EIG,0,5,500,2,20,999,999,999,1,1,10,1e-4,0.001,1,1e-5,5
71,4,background,24.25,26.074538901912884,EIG,0,5,500,2,20,999,999,999,1,1,10,1e-4,0.001,1,1e-5,5
71,4,background,36.75,48.62301274521204,EIG,0,5,500,2,20,999,999,999,1,1,10,1e-4,0.001,1,1e-5,5
83,4,background,27.85,30.19807418049248,EIG,0,5,500,2,20,999,999,999,1,10,0.1,1e-4,0.001,1,1e-5,5
83,4,background,40.7,49.245999035989016,EIG,0,5,500,2,20,999,999,999,1,10,0.1,1e-4,0.001,1,1e-5,5
83,4,background,38.75,32.68650936910887,EIG,0,5,500,2,20,999,999,999,1,10,0.1,1e-4,0.001,1,1e-5,5
83,4,background,54.8,56.32761312180732,EIG,0,5,500,2,20,999,999,999,1,10,0.1,1e-4,0.001,1,1e-5,5
83,4,background,32.5,30.620770384615867,EIG,0,5,500,2,20,999,999,999,1,10,0.1,1e-4,0.001,1,1e-5,5
71,4,background,61.7,51.95048249611304,EIG,0,5,500,2,20,999,999,999,1,1,10,1e-4,0.001,1,1e-5,5
71,4,background,54.3,35.91232012613645,EIG,0,5,500,2,20,999,999,999,1,1,10,1e-4,0.001,1,1e-5,5
71,4,background,48.25,43.384298639266405,EIG,0,5,500,2,20,999,999,999,1,1,10,1e-4,0.001,1,1e-5,5
71,4,background,56.1,41.25389933723012,EIG,0,5,500,2,20,999,999,999,1,1,10,1e-4,0.001,1,1e-5,5
71,4,background,69.9,38.24285278942568,EIG,0,5,500,2,20,999,999,999,1,1,10,1e-4,0.001,1,1e-5,5
55,4,background,54.85,42.780067911660865,EIG,0,5,500,2,20,999,999,999,1,1,1,1e-4,0.001,0.5,1e-5,5
55,4,background,62.05,49.06330497160625,EIG,0,5,500,2,20,999,999,999,1,1,1,1e-4,0.001,0.5,1e-5,5
55,4,background,84.55,49.151189951863934,EIG,0,5,500,2,20,999,999,999,1,1,1,1e-4,0.001,0.5,1e-5,5
55,4,background,46.15,50.71621250178602,EIG,0,5,500,2,20,999,999,999,1,1,1,1e-4,0.001,0.5,1e-5,5
55,4,background,49.95,46.84405820884527,EIG,0,5,500,2,20,999,999,999,1,1,1,1e-4,0.001,0.5,1e-5,5
83,4,background,48.95,43.56057488383878,EIG,0,5,500,2,20,999,999,999,1,10,0.1,1e-4,0.001,1,1e-5,5
83,4,background,62.55,46.91703203248093,EIG,0,5,500,2,20,999,999,999,1,10,0.1,1e-4,0.001,1,1e-5,5
83,4,background,44.45,30.7972572257917,EIG,0,5,500,2,20,999,999,999,1,10,0.1,1e-4,0.001,1,1e-5,5
83,4,background,62.5,40.444243621376614,EIG,0,5,500,2,20,999,999,999,1,10,0.1,1e-4,0.001,1,1e-5,5
83,4,background,52.1,40.3522646595937,EIG,0,5,500,2,20,999,999,999,1,10,0.1,1e-4,0.001,1,1e-5,5
71,4,background,20.65,13.66237630559887,EIG,0,5,500,2,20,999,999,999,1,1,10,1e-4,0.001,1,1e-5,5
71,4,background,31.75,28.88247510898352,EIG,0,5,500,2,20,999,999,999,1,1,10,1e-4,0.001,1,1e-5,5
71,4,background,28.6,33.25562872816064,EIG,0,5,500,2,20,999,999,999,1,1,10,1e-4,0.001,1,1e-5,5
71,4,background,43.65,28.77914998196108,EIG,0,5,500,2,20,999,999,999,1,1,10,1e-4,0.001,1,1e-5,5
71,4,background,32.6,33.04606035918893,EIG,0,5,500,2,20,999,999,999,1,1,10,1e-4,0.001,1,1e-5,5
71,4,background,40.75,29.09128102334009,EIG,0,5,500,2,20,999,999,999,1,1,10,1e-4,0.001,1,1e-5,5
71,4,background,23.4,25.058668003412773,EIG,0,5,500,2,20,999,999,999,1,1,10,1e-4,0.001,1,1e-5,5
71,4,background,31.7,44.11002988938123,EIG,0,5,500,2,20,999,999,999,1,1,10,1e-4,0.001,1,1e-5,5
71,4,background,25.65,25.12133712498936,EIG,0,5,500,2,20,999,999,999,1,1,10,1e-4,0.001,1,1e-5,5
71,4,background,42,38.25537457940421,EIG,0,5,500,2,20,999,999,999,1,1,10,1e-4,0.001,1,1e-5,5
55,4,background,26.1,38.07596285543441,EIG,0,5,500,2,20,999,999,999,1,1,1,1e-4,0.001,0.5,1e-5,5
55,4,background,37.5,52.12787919600878,EIG,0,5,500,2,20,999,999,999,1,1,1,1e-4,0.001,0.5,1e-5,5
55,4,background,31.5,46.636895265444075,EIG,0,5,500,2,20,999,999,999,1,1,1,1e-4,0.001,0.5,1e-5,5
55,4,background,36.35,47.56189872709368,EIG,0,5,500,2,20,999,999,999,1,1,1,1e-4,0.001,0.5,1e-5,5
55,4,background,27.8,38.7211352595643,EIG,0,5,500,2,20,999,999,999,1,1,1,1e-4,0.001,0.5,1e-5,5
55,4,background,34.9,45.96554773901175,EIG,0,5,500,2,20,999,999,999,1,1,1,1e-4,0.001,0.5,1e-5,5
55,4,background,27.9,48.08205705381495,EIG,0,5,500,2,20,999,999,999,1,1,1,1e-4,0.001,0.5,1e-5,5
55,4,background,25.35,34.290208821945534,EIG,0,5,500,2,20,999,999,999,1,1,1,1e-4,0.001,0.5,1e-5,5
55,4,background,37.95,67.46498116957066,EIG,0,5,500,2,20,999,999,999,1,1,1,1e-4,0.001,0.5,1e-5,5
55,4,background,25.3,28.410709618955867,EIG,0,5,500,2,20,999,999,999,1,1,1,1e-4,0.001,0.5,1e-5,5
71,4,background,2,4.242640687119284,EIG,0,5,500,2,20,999,999,999,1,1,10,1e-4,0.001,1,1e-5,5
71,4,background,2.95,3.9266297320515946,EIG,0,5,500,2,20,999,999,999,1,1,10,1e-4,0.001,1,1e-5,5
71,4,background,2.9,3.127130852462214,EIG,0,5,500,2,20,999,999,999,1,1,10,1e-4,0.001,1,1e-5,5
71,4,background,7.15,12.053717487279927,EIG,0,5,500,2,20,999,999,999,1,1,10,1e-4,0.001,1,1e-5,5
71,4,background,4.3,9.685040010242602,EIG,0,5,500,2,20,999,999,999,1,1,10,1e-4,0.001,1,1e-5,5
83,4,background,46.4,45.022099836460434,EIG,0,5,500,2,20,999,999,999,1,10,0.1,1e-4,0.001,1,1e-5,5
83,4,background,62.9,35.313483335167575,EIG,0,5,500,2,20,999,999,999,1,10,0.1,1e-4,0.001,1,1e-5,5
83,4,background,48,30.69030362903087,EIG,0,5,500,2,20,999,999,999,1,10,0.1,1e-4,0.001,1,1e-5,5
83,4,background,50.8,38.56859917219269,EIG,0,5,500,2,20,999,999,999,1,10,0.1,1e-4,0.001,1,1e-5,5
83,4,background,48.55,35.45564315562401,EIG,0,5,500,2,20,999,999,999,1,10,0.1,1e-4,0.001,1,1e-5,5
55,4,background,53.35,52.53898302063055,EIG,0,5,500,2,20,999,999,999,1,1,1,1e-4,0.001,0.5,1e-5,5
55,4,background,55.3,47.03425403502833,EIG,0,5,500,2,20,999,999,999,1,1,1,1e-4,0.001,0.5,1e-5,5
55,4,background,38.1,38.21531795387538,EIG,0,5,500,2,20,999,999,999,1,1,1,1e-4,0.001,0.5,1e-5,5
55,4,background,57.45,48.727464426888496,EIG,0,5,500,2,20,999,999,999,1,1,1,1e-4,0.001,0.5,1e-5,5
55,4,background,71.7,72.08481846152891,EIG,0,5,500,2,20,999,999,999,1,1,1,1e-4,0.001,0.5,1e-5,5
55,4,background,83.1,59.66564734991325,EIG,0,5,500,2,20,999,999,999,1,1,1,1e-4,0.001,0.5,1e-5,5
55,4,background,33.35,35.63008043183382,EIG,0,5,500,2,20,999,999,999,1,1,1,1e-4,0.001,0.5,1e-5,5
55,4,background,61.8,76.04610789722108,EIG,0,5,500,2,20,999,999,999,1,1,1,1e-4,0.001,0.5,1e-5,5
55,4,background,48.7,45.75460862608614,EIG,0,5,500,2,20,999,999,999,1,1,1,1e-4,0.001,0.5,1e-5,5
55,4,background,35.35,27.75129205147601,EIG,0,5,500,2,20,999,999,999,1,1,1,1e-4,0.001,0.5,1e-5,5
83,4,background,3.65,4.295346318982906,EIG,0,5,500,2,20,999,999,999,1,10,0.1,1e-4,0.001,1,1e-5,5
83,4,background,10,16.306279061824778,EIG,0,5,500,2,20,999,999,999,1,10,0.1,1e-4,0.001,1,1e-5,5
83,4,background,6.4,7.936590809926547,EIG,0,5,500,2,20,999,999,999,1,10,0.1,1e-4,0.001,1,1e-5,5
83,4,background,17.1,22.216399822037584,EIG,0,5,500,2,20,999,999,999,1,10,0.1,1e-4,0.001,1,1e-5,5
83,4,background,18.3,32.55618625020281,EIG,0,5,500,2,20,999,999,999,1,10,0.1,1e-4,0.001,1,1e-5,5
83,4,background,17.05,21.069996128193885,EIG,0,5,500,2,20,999,999,999,1,10,0.1,1e-4,0.001,1,1e-5,5
83,4,background,12.1,17.92939368452645,EIG,0,5,500,2,20,999,999,999,1,10,0.1,1e-4,0.001,1,1e-5,5
83,4,background,5.3,9.575736882460026,EIG,0,5,500,2,20,999,999,999,1,10,0.1,1e-4,0.001,1,1e-5,5
83,4,background,6.3,11.154890360167975,EIG,0,5,500,2,20,999,999,999,1,10,0.1,1e-4,0.001,1,1e-5,5
83,4,background,15.7,22.20028449319845,EIG,0,5,500,2,20,999,999,999,1,10,0.1,1e-4,0.001,1,1e-5,5
55,4,background,48.85,51.03381232085253,EIG,0,5,500,2,20,999,999,999,1,1,1,1e-4,0.001,0.5,1e-5,5
55,4,background,50,50.633876739631646,EIG,0,5,500,2,20,999,999,999,1,1,1,1e-4,0.001,0.5,1e-5,5
55,4,background,46.25,47.57583973316488,EIG,0,5,500,2,20,999,999,999,1,1,1,1e-4,0.001,0.5,1e-5,5
55,4,background,43.05,43.07945535500897,EIG,0,5,500,2,20,999,999,999,1,1,1,1e-4,0.001,0.5,1e-5,5
55,4,background,45.85,37.10195767284922,EIG,0,5,500,2,20,999,999,999,1,1,1,1e-4,0.001,0.5,1e-5,5
83,4,background,54.05,40.32039447384309,EIG,0,5,500,2,20,999,999,999,1,10,0.1,1e-4,0.001,1,1e-5,5
83,4,background,41.4,42.14061673667542,EIG,0,5,500,2,20,999,999,999,1,10,0.1,1e-4,0.001,1,1e-5,5
83,4,background,51.3,40.980226297184124,EIG,0,5,500,2,20,999,999,999,1,10,0.1,1e-4,0.001,1,1e-5,5
83,4,background,54.25,43.79482665915305,EIG,0,5,500,2,20,999,999,999,1,10,0.1,1e-4,0.001,1,1e-5,5
83,4,background,38.35,28.61776224287066,EIG,0,5,500,2,20,999,999,999,1,10,0.1,1e-4,0.001,1,1e-5,5
83,4,background,44.4,31.648397315370943,EIG,0,5,500,2,20,999,999,999,1,10,0.1,1e-4,0.001,1,1e-5,5
83,4,background,45.55,32.5987972009301,EIG,0,5,500,2,20,999,999,999,1,10,0.1,1e-4,0.001,1,1e-5,5
83,4,background,43.85,33.48412821181497,EIG,0,5,500,2,20,999,999,999,1,10,0.1,1e-4,0.001,1,1e-5,5
83,4,background,53.05,39.73792434915225,EIG,0,5,500,2,20,999,999,999,1,10,0.1,1e-4,0.001,1,1e-5,5
83,4,background,35.45,35.624466755011895,EIG,0,5,500,2,20,999,999,999,1,10,0.1,1e-4,0.001,1,1e-5,5
71,4,background,46.5,34.930758576601825,EIG,0,5,500,2,20,999,999,999,1,1,10,1e-4,0.001,1,1e-5,5
71,4,background,38.55,29.439456159164497,EIG,0,5,500,2,20,999,999,999,1,1,10,1e-4,0.001,1,1e-5,5
71,4,background,46.1,31.46242537577667,EIG,0,5,500,2,20,999,999,999,1,1,10,1e-4,0.001,1,1e-5,5
71,4,background,62.7,47.64573212233897,EIG,0,5,500,2,20,999,999,999,1,1,10,1e-4,0.001,1,1e-5,5
71,4,background,51.75,38.743250685560845,EIG,0,5,500,2,20,999,999,999,1,1,10,1e-4,0.001,1,1e-5,5
71,4,background,62.75,57.26565517967899,EIG,0,5,500,2,20,999,999,999,1,1,10,1e-4,0.001,1,1e-5,5
71,4,background,35.25,30.648903131399248,EIG,0,5,500,2,20,999,999,999,1,1,10,1e-4,0.001,1,1e-5,5
71,4,background,40.55,27.810401310528256,EIG,0,5,500,2,20,999,999,999,1,1,10,1e-4,0.001,1,1e-5,5
71,4,background,43.35,38.01976632725334,EIG,0,5,500,2,20,999,999,999,1,1,10,1e-4,0.001,1,1e-5,5
71,4,background,40.75,28.13290824489693,EIG,0,5,500,2,20,999,999,999,1,1,10,1e-4,0.001,1,1e-5,5
71,4,background,45.85,29.45697129534428,EIG,0,5,500,2,20,999,999,999,1,1,10,1e-4,0.001,1,1e-5,5
71,4,background,61,36.12696907764118,EIG,0,5,500,2,20,999,999,999,1,1,10,1e-4,0.001,1,1e-5,5
71,4,background,42.75,30.949662016690397,EIG,0,5,500,2,20,999,999,999,1,1,10,1e-4,0.001,1,1e-5,5
71,4,background,47.55,28.621808027041936,EIG,0,5,500,2,20,999,999,999,1,1,10,1e-4,0.001,1,1e-5,5
71,4,background,43.25,36.89654811981596,EIG,0,5,500,2,20,999,999,999,1,1,10,1e-4,0.001,1,1e-5,5
83,4,background,51.2,46.912684851754115,EIG,0,5,500,2,20,999,999,999,1,10,0.1,1e-4,0.001,1,1e-5,5
83,4,background,41.6,27.159179896152587,EIG,0,5,500,2,20,999,999,999,1,10,0.1,1e-4,0.001,1,1e-5,5
83,4,background,55,38.20168086684971,EIG,0,5,500,2,20,999,999,999,1,10,0.1,1e-4,0.001,1,1e-5,5
83,4,background,69.95,41.48617398096561,EIG,0,5,500,2,20,999,999,999,1,10,0.1,1e-4,0.001,1,1e-5,5
83,4,background,71.3,74.20036884572815,EIG,0,5,500,2,20,999,999,999,1,10,0.1,1e-4,0.001,1,1e-5,5
55,4,background,58.8,61.524150157735455,EIG,0,5,500,2,20,999,999,999,1,1,1,1e-4,0.001,0.5,1e-5,5
55,4,background,64.8,53.81117082226662,EIG,0,5,500,2,20,999,999,999,1,1,1,1e-4,0.001,0.5,1e-5,5
55,4,background,51.4,48.45008283084549,EIG,0,5,500,2,20,999,999,999,1,1,1,1e-4,0.001,0.5,1e-5,5
55,4,background,47.8,46.197060740404595,EIG,0,5,500,2,20,999,999,999,1,1,1,1e-4,0.001,0.5,1e-5,5
55,4,background,76.25,95.08604136863568,EIG,0,5,500,2,20,999,999,999,1,1,1,1e-4,0.001,0.5,1e-5,5
83,4,background,37.2,38.26445375348552,EIG,0,5,500,2,20,999,999,999,1,10,0.1,1e-4,0.001,1,1e-5,5
83,4,background,27.55,20.656272145461497,EIG,0,5,500,2,20,999,999,999,1,10,0.1,1e-4,0.001,1,1e-5,5
83,4,background,30.5,22.82773013590915,EIG,0,5,500,2,20,999,999,999,1,10,0.1,1e-4,0.001,1,1e-5,5
83,4,background,23.7,23.548605948235306,EIG,0,5,500,2,20,999,999,999,1,10,0.1,1e-4,0.001,1,1e-5,5
83,4,background,34.75,29.102134123227387,EIG,0,5,500,2,20,999,999,999,1,10,0.1,1e-4,0.001,1,1e-5,5
55,4,background,41.05,34.67362868688233,EIG,0,5,500,2,20,999,999,999,1,1,1,1e-4,0.001,0.5,1e-5,5
55,4,background,44.35,50.05920179358163,EIG,0,5,500,2,20,999,999,999,1,1,1,1e-4,0.001,0.5,1e-5,5
55,4,background,40,50.300151721022615,EIG,0,5,500,2,20,999,999,999,1,1,1,1e-4,0.001,0.5,1e-5,5
55,4,background,32.05,36.01531107152828,EIG,0,5,500,2,20,999,999,999,1,1,1,1e-4,0.001,0.5,1e-5,5
55,4,background,48.6,48.21050333256175,EIG,0,5,500,2,20,999,999,999,1,1,1,1e-4,0.001,0.5,1e-5,5
71,4,background,17.65,22.690770207984983,EIG,0,5,500,2,20,999,999,999,1,1,10,1e-4,0.001,1,1e-5,5
71,4,background,29.35,25.70126967987953,EIG,0,5,500,2,20,999,999,999,1,1,10,1e-4,0.001,1,1e-5,5
71,4,background,25.5,25.307581555939443,EIG,0,5,500,2,20,999,999,999,1,1,10,1e-4,0.001,1,1e-5,5
71,4,background,35.15,32.70807883463399,EIG,0,5,500,2,20,999,999,999,1,1,10,1e-4,0.001,1,1e-5,5
71,4,background,27.95,34.25519553370892,EIG,0,5,500,2,20,999,999,999,1,1,10,1e-4,0.001,1,1e-5,5
55,4,background,26.8,54.804533043401285,EIG,0,5,500,2,20,999,999,999,1,1,1,1e-4,0.001,0.5,1e-5,5
55,4,background,38.7,35.797824103237275,EIG,0,5,500,2,20,999,999,999,1,1,1,1e-4,0.001,0.5,1e-5,5
55,4,background,23.95,27.27727992304218,EIG,0,5,500,2,20,999,999,999,1,1,1,1e-4,0.001,0.5,1e-5,5
55,4,background,33.35,53.54710174475513,EIG,0,5,500,2,20,999,999,999,1,1,1,1e-4,0.001,0.5,1e-5,5
55,4,background,17.85,20.873743265038417,EIG,0,5,500,2,20,999,999,999,1,1,1,1e-4,0.001,0.5,1e-5,5
71,4,identity,15.05,12.58852861265283,EIG,0,5,500,2,20,999,999,999,1,1,10,1e-4,0.001,1,1e-5,5
71,4,identity,17.75,20.49101215038848,EIG,0,5,500,2,20,999,999,999,1,1,10,1e-4,0.001,1,1e-5,5
71,4,identity,11.1,16.855110110649093,EIG,0,5,500,2,20,999,999,999,1,1,10,1e-4,0.001,1,1e-5,5
71,4,identity,20.5,20.314630455076355,EIG,0,5,500,2,20,999,999,999,1,1,10,1e-4,0.001,1,1e-5,5
71,4,identity,18.55,20.8944087207433,EIG,0,5,500,2,20,999,999,999,1,1,10,1e-4,0.001,1,1e-5,5
71,4,identity,24.4,25.7015256561285,EIG,0,5,500,2,20,999,999,999,1,1,10,1e-4,0.001,1,1e-5,5
71,4,identity,26.65,26.022813877543356,EIG,0,5,500,2,20,999,999,999,1,1,10,1e-4,0.001,1,1e-5,5
71,4,identity,31.05,41.98304795735386,EIG,0,5,500,2,20,999,999,999,1,1,10,1e-4,0.001,1,1e-5,5
71,4,identity,25.7,36.10379772996624,EIG,0,5,500,2,20,999,999,999,1,1,10,1e-4,0.001,1,1e-5,5
71,4,identity,21.45,31.0457641826419,EIG,0,5,500,2,20,999,999,999,1,1,10,1e-4,0.001,1,1e-5,5
71,4,identity,27.55,34.63262076500466,EIG,0,5,500,2,20,999,999,999,1,1,10,1e-4,0.001,1,1e-5,5
71,4,identity,25.95,39.90182029880209,EIG,0,5,500,2,20,999,999,999,1,1,10,1e-4,0.001,1,1e-5,5
71,4,identity,31.9,46.27594578066165,EIG,0,5,500,2,20,999,999,999,1,1,10,1e-4,0.001,1,1e-5,5
71,4,identity,17.25,15.71079079385952,EIG,0,5,500,2,20,999,999,999,1,1,10,1e-4,0.001,1,1e-5,5
71,4,identity,19.1,27.75437376627141,EIG,0,5,500,2,20,999,999,999,1,1,10,1e-4,0.001,1,1e-5,5
83,4,identity,21.4,30.062041111499298,EIG,0,5,500,2,20,999,999,999,1,10,0.1,1e-4,0.001,1,1e-5,5
83,4,identity,20.45,18.42902459080298,EIG,0,5,500,2,20,999,999,999,1,10,0.1,1e-4,0.001,1,1e-5,5
83,4,identity,24.5,31.408178619756455,EIG,0,5,500,2,20,999,999,999,1,10,0.1,1e-4,0.001,1,1e-5,5
83,4,identity,10.9,10.46749354203916,EIG,0,5,500,2,20,999,999,999,1,10,0.1,1e-4,0.001,1,1e-5,5
83,4,identity,18.9,23.77061432237623,EIG,0,5,500,2,20,999,999,999,1,10,0.1,1e-4,0.001,1,1e-5,5
55,4,identity,10.85,10.960575282635295,EIG,0,5,500,2,20,999,999,999,1,1,1,1e-4,0.001,0.5,1e-5,5
55,4,identity,23.15,22.847952804757384,EIG,0,5,500,2,20,999,999,999,1,1,1,1e-4,0.001,0.5,1e-5,5
55,4,identity,15.4,17.178321712033025,EIG,0,5,500,2,20,999,999,999,1,1,1,1e-4,0.001,0.5,1e-5,5
55,4,identity,16.45,12.816416282088744,EIG,0,5,500,2,20,999,999,999,1,1,1,1e-4,0.001,0.5,1e-5,5
55,4,identity,16.8,20.732887680662028,EIG,0,5,500,2,20,999,999,999,1,1,1,1e-4,0.001,0.5,1e-5,5
71,4,identity,32.15,41.78803026805895,EIG,0,5,500,2,20,999,999,999,1,1,10,1e-4,0.001,1,1e-5,5
71,4,identity,33.6,30.02349956810147,EIG,0,5,500,2,20,999,999,999,1,1,10,1e-4,0.001,1,1e-5,5
71,4,identity,20.35,33.04904648676283,EIG,0,5,500,2,20,999,999,999,1,1,10,1e-4,0.001,1,1e-5,5
71,4,identity,19.1,17.76128255207762,EIG,0,5,500,2,20,999,999,999,1,1,10,1e-4,0.001,1,1e-5,5
71,4,identity,30.55,31.145625696074884,EIG,0,5,500,2,20,999,999,999,1,1,10,1e-4,0.001,1,1e-5,5
83,4,identity,22.5,21.335663249962245,EIG,0,5,500,2,20,999,999,999,1,10,0.1,1e-4,0.001,1,1e-5,5
83,4,identity,28.05,26.43457663941799,EIG,0,5,500,2,20,999,999,999,1,10,0.1,1e-4,0.001,1,1e-5,5
83,4,identity,21.75,22.026001381142816,EIG,0,5,500,2,20,999,999,999,1,10,0.1,1e-4,0.001,1,1e-5,5
83,4,identity,25.55,25.463027892881943,EIG,0,5,500,2,20,999,999,999,1,10,0.1,1e-4,0.001,1,1e-5,5
83,4,identity,29.3,25.509750457835775,EIG,0,5,500,2,20,999,999,999,1,10,0.1,1e-4,0.001,1,1e-5,5
83,4,identity,23.5,26.32289377789048,EIG,0,5,500,2,20,999,999,999,1,10,0.1,1e-4,0.001,1,1e-5,5
83,4,identity,28.7,44.86365308823004,EIG,0,5,500,2,20,999,999,999,1,10,0.1,1e-4,0.001,1,1e-5,5
83,4,identity,36.8,65.00817762324012,EIG,0,5,500,2,20,999,999,999,1,10,0.1,1e-4,0.001,1,1e-5,5
83,4,identity,29.85,33.76431470307699,EIG,0,5,500,2,20,999,999,999,1,10,0.1,1e-4,0.001,1,1e-5,5
83,4,identity,12.55,10.01827277896166,EIG,0,5,500,2,20,999,999,999,1,10,0.1,1e-4,0.001,1,1e-5,5
55,4,identity,25.25,36.19810259639236,EIG,0,5,500,2,20,999,999,999,1,1,1,1e-4,0.001,0.5,1e-5,5
55,4,identity,20.35,16.493300075134176,EIG,0,5,500,2,20,999,999,999,1,1,1,1e-4,0.001,0.5,1e-5,5
55,4,identity,18.65,18.76804394933608,EIG,0,5,500,2,20,999,999,999,1,1,1,1e-4,0.001,0.5,1e-5,5
55,4,identity,34.8,50.245293050038136,EIG,0,5,500,2,20,999,999,999,1,1,1,1e-4,0.001,0.5,1e-5,5
55,4,identity,32.3,51.74034361979767,EIG,0,5,500,2,20,999,999,999,1,1,1,1e-4,0.001,0.5,1e-5,5
55,4,identity,34.75,31.776977763618017,EIG,0,5,500,2,20,999,999,999,1,1,1,1e-4,0.001,0.5,1e-5,5
55,4,identity,29.8,43.99712909294256,EIG,0,5,500,2,20,999,999,999,1,1,1,1e-4,0.001,0.5,1e-5,5
55,4,identity,34.15,52.053894136143576,EIG,0,5,500,2,20,999,999,999,1,1,1,1e-4,0.001,0.5,1e-5,5
55,4,identity,27.25,31.459037693985152,EIG,0,5,500,2,20,999,999,999,1,1,1,1e-4,0.001,0.5,1e-5,5
55,4,identity,36.5,61.11809104210944,EIG,0,5,500,2,20,999,999,999,1,1,1,1e-4,0.001,0.5,1e-5,5
55,4,identity,25,33.668664175586485,EIG,0,5,500,2,20,999,999,999,1,1,1,1e-4,0.001,0.5,1e-5,5
55,4,identity,35.4,55.30527718229542,EIG,0,5,500,2,20,999,999,999,1,1,1,1e-4,0.001,0.5,1e-5,5
55,4,identity,30.9,34.41832437280436,EIG,0,5,500,2,20,999,999,999,1,1,1,1e-4,0.001,0.5,1e-5,5
55,4,identity,32.7,54.80597355071895,EIG,0,5,500,2,20,999,999,999,1,1,1,1e-4,0.001,0.5,1e-5,5
55,4,identity,27.35,29.98117830625706,EIG,0,5,500,2,20,999,999,999,1,1,1,1e-4,0.001,0.5,1e-5,5
55,4,identity,29.35,44.08756239456585,EIG,0,5,500,2,20,999,999,999,1,1,1,1e-4,0.001,0.5,1e-5,5
55,4,identity,31,37.76241517699841,EIG,0,5,500,2,20,999,999,999,1,1,1,1e-4,0.001,0.5,1e-5,5
55,4,identity,38.7,49.42628748689145,EIG,0,5,500,2,20,999,999,999,1,1,1,1e-4,0.001,0.5,1e-5,5
55,4,identity,19.75,31.37024235263664,EIG,0,5,500,2,20,999,999,999,1,1,1,1e-4,0.001,0.5,1e-5,5
55,4,identity,29.4,33.60826965902417,EIG,0,5,500,2,20,999,999,999,1,1,1,1e-4,0.001,0.5,1e-5,5
71,4,identity,20.35,21.859058100765267,EIG,0,5,500,2,20,999,999,999,1,1,10,1e-4,0.001,1,1e-5,5
71,4,identity,44.9,49.11415274643348,EIG,0,5,500,2,20,999,999,999,1,1,10,1e-4,0.001,1,1e-5,5
71,4,identity,30.8,24.40146673762396,EIG,0,5,500,2,20,999,999,999,1,1,10,1e-4,0.001,1,1e-5,5
71,4,identity,34.6,26.123995825576472,EIG,0,5,500,2,20,999,999,999,1,1,10,1e-4,0.001,1,1e-5,5
71,4,identity,20.55,19.650833650456025,EIG,0,5,500,2,20,999,999,999,1,1,10,1e-4,0.001,1,1e-5,5
83,4,identity,41.3,35.75221745055233,EIG,0,5,500,2,20,999,999,999,1,10,0.1,1e-4,0.001,1,1e-5,5
83,4,identity,20.4,19.674723297726583,EIG,0,5,500,2,20,999,999,999,1,10,0.1,1e-4,0.001,1,1e-5,5
83,4,identity,27.2,26.37303247837198,EIG,0,5,500,2,20,999,999,999,1,10,0.1,1e-4,0.001,1,1e-5,5
83,4,identity,36.85,30.94864166732737,EIG,0,5,500,2,20,999,999,999,1,10,0.1,1e-4,0.001,1,1e-5,5
83,4,identity,17.35,13.646958404135718,EIG,0,5,500,2,20,999,999,999,1,10,0.1,1e-4,0.001,1,1e-5,5
55,4,identity,67.1,69.3214480366267,EIG,0,5,500,2,20,999,999,999,1,1,1,1e-4,0.001,0.5,1e-5,5
55,4,identity,37.95,49.96785809002886,EIG,0,5,500,2,20,999,999,999,1,1,1,1e-4,0.001,0.5,1e-5,5
55,4,identity,38.15,46.54287779762023,EIG,0,5,500,2,20,999,999,999,1,1,1,1e-4,0.001,0.5,1e-5,5
55,4,identity,57.2,60.48453477847392,EIG,0,5,500,2,20,999,999,999,1,1,1,1e-4,0.001,0.5,1e-5,5
55,4,identity,45.65,48.667805201774755,EIG,0,5,500,2,20,999,999,999,1,1,1,1e-4,0.001,0.5,1e-5,5
55,4,identity,43.9,43.98552393446592,EIG,0,5,500,2,20,999,999,999,1,1,1,1e-4,0.001,0.5,1e-5,5
55,4,identity,54.75,53.80557102832577,EIG,0,5,500,2,20,999,999,999,1,1,1,1e-4,0.001,0.5,1e-5,5
55,4,identity,35.5,41.6293165929973,EIG,0,5,500,2,20,999,999,999,1,1,1,1e-4,0.001,0.5,1e-5,5
55,4,identity,66.35,59.45832242220728,EIG,0,5,500,2,20,999,999,999,1,1,1,1e-4,0.001,0.5,1e-5,5
55,4,identity,50.85,43.576037596729456,EIG,0,5,500,2,20,999,999,999,1,1,1,1e-4,0.001,0.5,1e-5,5
55,4,identity,22,20.05518701772161,EIG,0,5,500,2,20,999,999,999,1,1,1,1e-4,0.001,0.5,1e-5,5
55,4,identity,33.65,37.76001087198774,EIG,0,5,500,2,20,999,999,999,1,1,1,1e-4,0.001,0.5,1e-5,5
55,4,identity,70.75,88.43902151378536,EIG,0,5,500,2,20,999,999,999,1,1,1,1e-4,0.001,0.5,1e-5,5
55,4,identity,31.65,48.14809937769309,EIG,0,5,500,2,20,999,999,999,1,1,1,1e-4,0.001,0.5,1e-5,5
55,4,identity,35.2,34.876624655611685,EIG,0,5,500,2,20,999,999,999,1,1,1,1e-4,0.001,0.5,1e-5,5
55,4,identity,36.25,36.30988701079696,EIG,0,5,500,2,20,999,999,999,1,1,1,1e-4,0.001,0.5,1e-5,5
55,4,identity,28.2,34.4316256093909,EIG,0,5,500,2,20,999,999,999,1,1,1,1e-4,0.001,0.5,1e-5,5
55,4,identity,60.35,86.32635445612316,EIG,0,5,500,2,20,999,999,999,1,1,1,1e-4,0.001,0.5,1e-5,5
55,4,identity,40.25,53.395125935652686,EIG,0,5,500,2,20,999,999,999,1,1,1,1e-4,0.001,0.5,1e-5,5
55,4,identity,25.9,27.495262749866757,EIG,0,5,500,2,20,999,999,999,1,1,1,1e-4,0.001,0.5,1e-5,5
83,4,identity,35.6,44.531951864275,EIG,0,5,500,2,20,999,999,999,1,10,0.1,1e-4,0.001,1,1e-5,5
83,4,identity,39.5,49.69009220315348,EIG,0,5,500,2,20,999,999,999,1,10,0.1,1e-4,0.001,1,1e-5,5
83,4,identity,61.95,59.14876427947987,EIG,0,5,500,2,20,999,999,999,1,10,0.1,1e-4,0.001,1,1e-5,5
83,4,identity,54.85,55.96923497027536,EIG,0,5,500,2,20,999,999,999,1,10,0.1,1e-4,0.001,1,1e-5,5
83,4,identity,56.8,69.52061413331793,EIG,0,5,500,2,20,999,999,999,1,10,0.1,1e-4,0.001,1,1e-5,5
83,4,identity,39.85,53.30772137218713,EIG,0,5,500,2,20,999,999,999,1,10,0.1,1e-4,0.001,1,1e-5,5
83,4,identity,70.05,81.051299544762,EIG,0,5,500,2,20,999,999,999,1,10,0.1,1e-4,0.001,1,1e-5,5
83,4,identity,49.75,49.11519756225101,EIG,0,5,500,2,20,999,999,999,1,10,0.1,1e-4,0.001,1,1e-5,5
83,4,identity,41.45,42.14695468801612,EIG,0,5,500,2,20,999,999,999,1,10,0.1,1e-4,0.001,1,1e-5,5
83,4,identity,46.25,53.90818217361033,EIG,0,5,500,2,20,999,999,999,1,10,0.1,1e-4,0.001,1,1e-5,5
83,4,identity,34.9,35.30752119069787,EIG,0,5,500,2,20,999,999,999,1,10,0.1,1e-4,0.001,1,1e-5,5
83,4,identity,49.25,47.08209515527667,EIG,0,5,500,2,20,999,999,999,1,10,0.1,1e-4,0.001,1,1e-5,5
83,4,identity,32.65,32.332605345394796,EIG,0,5,500,2,20,999,999,999,1,10,0.1,1e-4,0.001,1,1e-5,5
83,4,identity,53.3,49.83562454393654,EIG,0,5,500,2,20,999,999,999,1,10,0.1,1e-4,0.001,1,1e-5,5
83,4,identity,25.5,21.24667156595543,EIG,0,5,500,2,20,999,999,999,1,10,0.1,1e-4,0.001,1,1e-5,5
55,4,identity,71,87.32757447197245,EIG,0,5,500,2,20,999,999,999,1,1,1,1e-4,0.001,0.5,1e-5,5
55,4,identity,61.4,44.931995398894934,EIG,0,5,500,2,20,999,999,999,1,1,1,1e-4,0.001,0.5,1e-5,5
55,4,identity,38.6,57.46706150391489,EIG,0,5,500,2,20,999,999,999,1,1,1,1e-4,0.001,0.5,1e-5,5
55,4,identity,42.35,38.25575292134436,EIG,0,5,500,2,20,999,999,999,1,1,1,1e-4,0.001,0.5,1e-5,5
55,4,identity,43.4,46.13184765886852,EIG,0,5,500,2,20,999,999,999,1,1,1,1e-4,0.001,0.5,1e-5,5
83,4,identity,59.1,62.50381041016198,EIG,0,5,500,2,20,999,999,999,1,10,0.1,1e-4,0.001,1,1e-5,5
83,4,identity,49.9,48.252515614814264,EIG,0,5,500,2,20,999,999,999,1,10,0.1,1e-4,0.001,1,1e-5,5
83,4,identity,60.15,49.97817944916193,EIG,0,5,500,2,20,999,999,999,1,10,0.1,1e-4,0.001,1,1e-5,5
83,4,identity,47.45,45.34716958613497,EIG,0,5,500,2,20,999,999,999,1,10,0.1,1e-4,0.001,1,1e-5,5
83,4,identity,45.55,45.390092821185,EIG,0,5,500,2,20,999,999,999,1,10,0.1,1e-4,0.001,1,1e-5,5
71,4,identity,51.7,39.98433903944208,EIG,0,5,500,2,20,999,999,999,1,1,10,1e-4,0.001,1,1e-5,5
71,4,identity,47.25,51.0942112284027,EIG,0,5,500,2,20,999,999,999,1,1,10,1e-4,0.001,1,1e-5,5
71,4,identity,49.7,52.06584899508455,EIG,0,5,500,2,20,999,999,999,1,1,10,1e-4,0.001,1,1e-5,5
71,4,identity,36.7,33.51527538616573,EIG,0,5,500,2,20,999,999,999,1,1,10,1e-4,0.001,1,1e-5,5
71,4,identity,34.1,30.621457904719797,EIG,0,5,500,2,20,999,999,999,1,1,10,1e-4,0.001,1,1e-5,5
71,4,identity,58.45,48.87090943980565,EIG,0,5,500,2,20,999,999,999,1,1,10,1e-4,0.001,1,1e-5,5
71,4,identity,42.15,32.41876487143632,EIG,0,5,500,2,20,999,999,999,1,1,10,1e-4,0.001,1,1e-5,5
71,4,identity,49.95,50.225255756337106,EIG,0,5,500,2,20,999,999,999,1,1,10,1e-4,0.001,1,1e-5,5
71,4,identity,43.85,50.58736580360127,EIG,0,5,500,2,20,999,999,999,1,1,10,1e-4,0.001,1,1e-5,5
71,4,identity,48.55,38.58616468714089,EIG,0,5,500,2,20,999,999,999,1,1,10,1e-4,0.001,1,1e-5,5
71,4,identity,46.8,31.5704725470194,EIG,0,5,500,2,20,999,999,999,1,1,10,1e-4,0.001,1,1e-5,5
71,4,identity,30.6,26.96664606509308,EIG,0,5,500,2,20,999,999,999,1,1,10,1e-4,0.001,1,1e-5,5
71,4,identity,33.7,34.42780394115381,EIG,0,5,500,2,20,999,999,999,1,1,10,1e-4,0.001,1,1e-5,5
71,4,identity,52.55,62.984104093184115,EIG,0,5,500,2,20,999,999,999,1,1,10,1e-4,0.001,1,1e-5,5
71,4,identity,47,33.62173482483584,EIG,0,5,500,2,20,999,999,999,1,1,10,1e-4,0.001,1,1e-5,5
71,4,identity,53.6,35.19030967094268,EIG,0,5,500,2,20,999,999,999,1,1,10,1e-4,0.001,1,1e-5,5
71,4,identity,71.4,47.728839345443525,EIG,0,5,500,2,20,999,999,999,1,1,10,1e-4,0.001,1,1e-5,5
71,4,identity,85.65,66.05442333489304,EIG,0,5,500,2,20,999,999,999,1,1,10,1e-4,0.001,1,1e-5,5
71,4,identity,61.6,44.09129285089243,EIG,0,5,500,2,20,999,999,999,1,1,10,1e-4,0.001,1,1e-5,5
71,4,identity,69.1,69.57759772558376,EIG,0,5,500,2,20,999,999,999,1,1,10,1e-4,0.001,1,1e-5,5
71,4,identity,77.4,86.36605083504806,EIG,0,5,500,2,20,999,999,999,1,1,10,1e-4,0.001,1,1e-5,5
71,4,identity,62.3,41.25032695245227,EIG,0,5,500,2,20,999,999,999,1,1,10,1e-4,0.001,1,1e-5,5
71,4,identity,73.95,80.18299793531506,EIG,0,5,500,2,20,999,999,999,1,1,10,1e-4,0.001,1,1e-5,5
71,4,identity,54.95,40.567649802845565,EIG,0,5,500,2,20,999,999,999,1,1,10,1e-4,0.001,1,1e-5,5
71,4,identity,52.05,46.3777112982428,EIG,0,5,500,2,20,999,999,999,1,1,10,1e-4,0.001,1,1e-5,5
83,4,identity,58.9,88.27880475188286,EIG,0,5,500,2,20,999,999,999,1,10,0.1,1e-4,0.001,1,1e-5,5
83,4,identity,60.15,53.2454841178796,EIG,0,5,500,2,20,999,999,999,1,10,0.1,1e-4,0.001,1,1e-5,5
83,4,identity,58.35,49.74384384021805,EIG,0,5,500,2,20,999,999,999,1,10,0.1,1e-4,0.001,1,1e-5,5
83,4,identity,56.7,37.650889414251694,EIG,0,5,500,2,20,999,999,999,1,10,0.1,1e-4,0.001,1,1e-5,5
83,4,identity,67.6,55.70353858173029,EIG,0,5,500,2,20,999,999,999,1,10,0.1,1e-4,0.001,1,1e-5,5
83,4,identity,74.3,78.49176959870915,EIG,0,5,500,2,20,999,999,999,1,10,0.1,1e-4,0.001,1,1e-5,5
83,4,identity,59.05,42.100725084392295,EIG,0,5,500,2,20,999,999,999,1,10,0.1,1e-4,0.001,1,1e-5,5
83,4,identity,59.25,66.82961445662434,EIG,0,5,500,2,20,999,999,999,1,10,0.1,1e-4,0.001,1,1e-5,5
83,4,identity,70.95,67.99185322715626,EIG,0,5,500,2,20,999,999,999,1,10,0.1,1e-4,0.001,1,1e-5,5
83,4,identity,47.3,31.407508321217847,EIG,0,5,500,2,20,999,999,999,1,10,0.1,1e-4,0.001,1,1e-5,5
71,4,identity,49.9,39.619107564539185,EIG,0,5,500,2,20,999,999,999,1,1,10,1e-4,0.001,1,1e-5,5
71,4,identity,27.65,22.787981596954957,EIG,0,5,500,2,20,999,999,999,1,1,10,1e-4,0.001,1,1e-5,5
71,4,identity,49.7,37.60333131938964,EIG,0,5,500,2,20,999,999,999,1,1,10,1e-4,0.001,1,1e-5,5
71,4,identity,46.15,25.69717371311688,EIG,0,5,500,2,20,999,999,999,1,1,10,1e-4,0.001,1,1e-5,5
71,4,identity,50.95,51.50725549299878,EIG,0,5,500,2,20,999,999,999,1,1,10,1e-4,0.001,1,1e-5,5
71,4,identity,65.15,47.32894407620373,EIG,0,5,500,2,20,999,999,999,1,1,10,1e-4,0.001,1,1e-5,5
71,4,identity,54.9,55.921843957249365,EIG,0,5,500,2,20,999,999,999,1,1,10,1e-4,0.001,1,1e-5,5
71,4,identity,53.25,50.91052522757321,EIG,0,5,500,2,20,999,999,999,1,1,10,1e-4,0.001,1,1e-5,5
71,4,identity,54.55,49.30301047710235,EIG,0,5,500,2,20,999,999,999,1,1,10,1e-4,0.001,1,1e-5,5
71,4,identity,57.7,34.12685314035207,EIG,0,5,500,2,20,999,999,999,1,1,10,1e-4,0.001,1,1e-5,5
71,4,identity,51,36.945194118058886,EIG,0,5,500,2,20,999,999,999,1,1,10,1e-4,0.001,1,1e-5,5
71,4,identity,38.1,34.044707448635215,EIG,0,5,500,2,20,999,999,999,1,1,10,1e-4,0.001,1,1e-5,5
71,4,identity,43.35,36.625092060239965,EIG,0,5,500,2,20,999,999,999,1,1,10,1e-4,0.001,1,1e-5,5
71,4,identity,51.35,38.82657120554102,EIG,0,5,500,2,20,999,999,999,1,1,10,1e-4,0.001,1,1e-5,5
71,4,identity,68.4,53.45573673118428,EIG,0,5,500,2,20,999,999,999,1,1,10,1e-4,0.001,1,1e-5,5
55,4,identity,44.5,61.40332581426377,EIG,0,5,500,2,20,999,999,999,1,1,1,1e-4,0.001,0.5,1e-5,5
55,4,identity,45,43.563625580112245,EIG,0,5,500,2,20,999,999,999,1,1,1,1e-4,0.001,0.5,1e-5,5
55,4,identity,43.85,55.322285411558106,EIG,0,5,500,2,20,999,999,999,1,1,1,1e-4,0.001,0.5,1e-5,5
55,4,identity,46.35,64.60183719075684,EIG,0,5,500,2,20,999,999,999,1,1,1,1e-4,0.001,0.5,1e-5,5
55,4,identity,24.15,25.736059077529823,EIG,0,5,500,2,20,999,999,999,1,1,1,1e-4,0.001,0.5,1e-5,5
83,4,identity,39.5,36.14080650368558,EIG,0,5,500,2,20,999,999,999,1,10,0.1,1e-4,0.001,1,1e-5,5
83,4,identity,42.4,38.65147917098728,EIG,0,5,500,2,20,999,999,999,1,10,0.1,1e-4,0.001,1,1e-5,5
83,4,identity,43.45,49.8391887658909,EIG,0,5,500,2,20,999,999,999,1,10,0.1,1e-4,0.001,1,1e-5,5
83,4,identity,41.3,43.52748677862252,EIG,0,5,500,2,20,999,999,999,1,10,0.1,1e-4,0.001,1,1e-5,5
83,4,identity,49.1,38.311603299371605,EIG,0,5,500,2,20,999,999,999,1,10,0.1,1e-4,0.001,1,1e-5,5
83,4,identity,45.85,30.198074180492473,EIG,0,5,500,2,20,999,999,999,1,10,0.1,1e-4,0.001,1,1e-5,5
83,4,identity,29.35,30.71648794343109,EIG,0,5,500,2,20,999,999,999,1,10,0.1,1e-4,0.001,1,1e-5,5
83,4,identity,35.7,37.478555271823886,EIG,0,5,500,2,20,999,999,999,1,10,0.1,1e-4,0.001,1,1e-5,5
83,4,identity,26.1,32.46844622090808,EIG,0,5,500,2,20,999,999,999,1,10,0.1,1e-4,0.001,1,1e-5,5
83,4,identity,41.3,60.15690011610428,EIG,0,5,500,2,20,999,999,999,1,10,0.1,1e-4,0.001,1,1e-5,5
83,4,identity,30.15,46.056344211251314,EIG,0,5,500,2,20,999,999,999,1,10,0.1,1e-4,0.001,1,1e-5,5
83,4,identity,59.2,50.329022703761986,EIG,0,5,500,2,20,999,999,999,1,10,0.1,1e-4,0.001,1,1e-5,5
83,4,identity,34.1,41.6057941309039,EIG,0,5,500,2,20,999,999,999,1,10,0.1,1e-4,0.001,1,1e-5,5
83,4,identity,40.1,57.608387547209425,EIG,0,5,500,2,20,999,999,999,1,10,0.1,1e-4,0.001,1,1e-5,5
83,4,identity,49.55,50.417702613686245,EIG,0,5,500,2,20,999,999,999,1,10,0.1,1e-4,0.001,1,1e-5,5
83,4,identity,22.05,18.97220959303647,EIG,0,5,500,2,20,999,999,999,1,10,0.1,1e-4,0.001,1,1e-5,5
83,4,identity,33.65,31.93953992352294,EIG,0,5,500,2,20,999,999,999,1,10,0.1,1e-4,0.001,1,1e-5,5
83,4,identity,26.1,23.741812993335753,EIG,0,5,500,2,20,999,999,999,1,10,0.1,1e-4,0.001,1,1e-5,5
83,4,identity,20.4,18.29121157968032,EIG,0,5,500,2,20,999,999,999,1,10,0.1,1e-4,0.001,1,1e-5,5
83,4,identity,33.35,31.10808830344187,EIG,0,5,500,2,20,999,999,999,1,10,0.1,1e-4,0.001,1,1e-5,5
71,4,identity,27.5,36.271636011453474,EIG,0,5,500,2,20,999,999,999,1,1,10,1e-4,0.001,1,1e-5,5
71,4,identity,30.1,39.93797823204322,EIG,0,5,500,2,20,999,999,999,1,1,10,1e-4,0.001,1,1e-5,5
71,4,identity,34,32.916161444046395,EIG,0,5,500,2,20,999,999,999,1,1,10,1e-4,0.001,1,1e-5,5
71,4,identity,28.35,26.968353773694787,EIG,0,5,500,2,20,999,999,999,1,1,10,1e-4,0.001,1,1e-5,5
71,4,identity,36,40.019731975219685,EIG,0,5,500,2,20,999,999,999,1,1,10,1e-4,0.001,1,1e-5,5
71,4,identity,23.1,31.76045207155392,EIG,0,5,500,2,20,999,999,999,1,1,10,1e-4,0.001,1,1e-5,5
71,4,identity,32.25,41.0158826746292,EIG,0,5,500,2,20,999,999,999,1,1,10,1e-4,0.001,1,1e-5,5
71,4,identity,24.65,21.48506213016016,EIG,0,5,500,2,20,999,999,999,1,1,10,1e-4,0.001,1,1e-5,5
71,4,identity,21.1,29.64509367412032,EIG,0,5,500,2,20,999,999,999,1,1,10,1e-4,0.001,1,1e-5,5
71,4,identity,39.8,35.977478335320015,EIG,0,5,500,2,20,999,999,999,1,1,10,1e-4,0.001,1,1e-5,5
55,4,identity,21.8,22.369151690853656,EIG,0,5,500,2,20,999,999,999,1,1,1,1e-4,0.001,0.5,1e-5,5
55,4,identity,37.6,51.676524243555086,EIG,0,5,500,2,20,999,999,999,1,1,1,1e-4,0.001,0.5,1e-5,5
55,4,identity,33.85,43.95724597474472,EIG,0,5,500,2,20,999,999,999,1,1,1,1e-4,0.001,0.5,1e-5,5
55,4,identity,34.85,41.887411750523505,EIG,0,5,500,2,20,999,999,999,1,1,1,1e-4,0.001,0.5,1e-5,5
55,4,identity,31,24.13558194428868,EIG,0,5,500,2,20,999,999,999,1,1,1,1e-4,0.001,0.5,1e-5,5
55,4,identity,30.3,28.62663463500933,EIG,0,5,500,2,20,999,999,999,1,1,1,1e-4,0.001,0.5,1e-5,5
55,4,identity,39.1,38.158809426423474,EIG,0,5,500,2,20,999,999,999,1,1,1,1e-4,0.001,0.5,1e-5,5
55,4,identity,37.25,28.712504153013928,EIG,0,5,500,2,20,999,999,999,1,1,1,1e-4,0.001,0.5,1e-5,5
55,4,identity,25.4,41.31827682757353,EIG,0,5,500,2,20,999,999,999,1,1,1,1e-4,0.001,0.5,1e-5,5
55,4,identity,27.85,43.00829173420792,EIG,0,5,500,2,20,999,999,999,1,1,1,1e-4,0.001,0.5,1e-5,5
71,4,identity,16.3,29.39047464740915,EIG,0,5,500,2,20,999,999,999,1,1,10,1e-4,0.001,1,1e-5,5
71,4,identity,6.9,5.999122742885873,EIG,0,5,500,2,20,999,999,999,1,1,10,1e-4,0.001,1,1e-5,5
71,4,identity,7,5.32125826038205,EIG,0,5,500,2,20,999,999,999,1,1,10,1e-4,0.001,1,1e-5,5
71,4,identity,10.9,18.450217514050873,EIG,0,5,500,2,20,999,999,999,1,1,10,1e-4,0.001,1,1e-5,5
71,4,identity,11,12.798026163600795,EIG,0,5,500,2,20,999,999,999,1,1,10,1e-4,0.001,1,1e-5,5
83,4,identity,12.5,31.53861459427658,EIG,0,5,500,2,20,999,999,999,1,10,0.1,1e-4,0.001,1,1e-5,5
83,4,identity,26.65,52.91828357800454,EIG,0,5,500,2,20,999,999,999,1,10,0.1,1e-4,0.001,1,1e-5,5
83,4,identity,29.3,75.69127044152867,EIG,0,5,500,2,20,999,999,999,1,10,0.1,1e-4,0.001,1,1e-5,5
83,4,identity,17.3,27.81726082848561,EIG,0,5,500,2,20,999,999,999,1,10,0.1,1e-4,0.001,1,1e-5,5
83,4,identity,11.2,8.489002173090595,EIG,0,5,500,2,20,999,999,999,1,10,0.1,1e-4,0.001,1,1e-5,5
83,4,identity,11.1,12.332669493751354,EIG,0,5,500,2,20,999,999,999,1,10,0.1,1e-4,0.001,1,1e-5,5
83,4,identity,14.1,19.804039991880444,EIG,0,5,500,2,20,999,999,999,1,10,0.1,1e-4,0.001,1,1e-5,5
83,4,identity,9.85,10.011966524325304,EIG,0,5,500,2,20,999,999,999,1,10,0.1,1e-4,0.001,1,1e-5,5
83,4,identity,9.85,7.79524146346245,EIG,0,5,500,2,20,999,999,999,1,10,0.1,1e-4,0.001,1,1e-5,5
83,4,identity,14.8,24.63758361357277,EIG,0,5,500,2,20,999,999,999,1,10,0.1,1e-4,0.001,1,1e-5,5
55,4,identity,13.2,16.09707394136227,EIG,0,5,500,2,20,999,999,999,1,1,1,1e-4,0.001,0.5,1e-5,5
55,4,identity,19.95,48.01915736124709,EIG,0,5,500,2,20,999,999,999,1,1,1,1e-4,0.001,0.5,1e-5,5
55,4,identity,8.95,8.935293710013708,EIG,0,5,500,2,20,999,999,999,1,1,1,1e-4,0.001,0.5,1e-5,5
55,4,identity,22.5,44.72430164792668,EIG,0,5,500,2,20,999,999,999,1,1,1,1e-4,0.001,0.5,1e-5,5
55,4,identity,41.85,80.22945711815383,EIG,0,5,500,2,20,999,999,999,1,1,1,1e-4,0.001,0.5,1e-5,5
71,4,identity,4.8,2.440879910368821,EIG,0,5,500,2,20,999,999,999,1,1,10,1e-4,0.001,1,1e-5,5
71,4,identity,6.15,7.110222440816795,EIG,0,5,500,2,20,999,999,999,1,1,10,1e-4,0.001,1,1e-5,5
71,4,identity,5.3,4.0275367945655,EIG,0,5,500,2,20,999,999,999,1,1,10,1e-4,0.001,1,1e-5,5
71,4,identity,9.35,9.166730462297942,EIG,0,5,500,2,20,999,999,999,1,1,10,1e-4,0.001,1,1e-5,5
71,4,identity,5.05,3.705969579788236,EIG,0,5,500,2,20,999,999,999,1,1,10,1e-4,0.001,1,1e-5,5
83,4,identity,6.75,5.108043193157033,EIG,0,5,500,2,20,999,999,999,1,10,0.1,1e-4,0.001,1,1e-5,5
83,4,identity,5,4.078183290065372,EIG,0,5,500,2,20,999,999,999,1,10,0.1,1e-4,0.001,1,1e-5,5
83,4,identity,4.8,2.912766816330443,EIG,0,5,500,2,20,999,999,999,1,10,0.1,1e-4,0.001,1,1e-5,5
83,4,identity,9.15,8.35574180145794,EIG,0,5,500,2,20,999,999,999,1,10,0.1,1e-4,0.001,1,1e-5,5
83,4,identity,6.9,7.913346487522137,EIG,0,5,500,2,20,999,999,999,1,10,0.1,1e-4,0.001,1,1e-5,5
55,4,identity,16.55,17.721455922130097,EIG,0,5,500,2,20,999,999,999,1,1,1,1e-4,0.001,0.5,1e-5,5
55,4,identity,26.25,29.49375491434362,EIG,0,5,500,2,20,999,999,999,1,1,1,1e-4,0.001,0.5,1e-5,5
55,4,identity,19.1,34.02460410071698,EIG,0,5,500,2,20,999,999,999,1,1,1,1e-4,0.001,0.5,1e-5,5
55,4,identity,21.1,36.598676996508175,EIG,0,5,500,2,20,999,999,999,1,1,1,1e-4,0.001,0.5,1e-5,5
55,4,identity,27.3,33.29785831582945,EIG,0,5,500,2,20,999,999,999,1,1,1,1e-4,0.001,0.5,1e-5,5
55,4,identity,31,36.29412015595276,EIG,0,5,500,2,20,999,999,999,1,1,1,1e-4,0.001,0.5,1e-5,5
55,4,identity,10.85,11.05143477229612,EIG,0,5,500,2,20,999,999,999,1,1,1,1e-4,0.001,0.5,1e-5,5
55,4,identity,22.5,21.663697502358275,EIG,0,5,500,2,20,999,999,999,1,1,1,1e-4,0.001,0.5,1e-5,5
55,4,identity,17.7,15.87815447316483,EIG,0,5,500,2,20,999,999,999,1,1,1,1e-4,0.001,0.5,1e-5,5
55,4,identity,24.35,30.368395968246503,EIG,0,5,500,2,20,999,999,999,1,1,1,1e-4,0.001,0.5,1e-5,5
83,4,identity,41.75,50.48905561448051,EIG,0,5,500,2,20,999,999,999,1,10,0.1,1e-4,0.001,1,1e-5,5
83,4,identity,40.2,40.85223694190925,EIG,0,5,500,2,20,999,999,999,1,10,0.1,1e-4,0.001,1,1e-5,5
83,4,identity,24.05,25.771209966897068,EIG,0,5,500,2,20,999,999,999,1,10,0.1,1e-4,0.001,1,1e-5,5
83,4,identity,43.75,77.63265387302188,EIG,0,5,500,2,20,999,999,999,1,10,0.1,1e-4,0.001,1,1e-5,5
83,4,identity,29.4,35.43325823959299,EIG,0,5,500,2,20,999,999,999,1,10,0.1,1e-4,0.001,1,1e-5,5
55,4,identity,32.15,44.41819802501531,EIG,0,5,500,2,20,999,999,999,1,1,1,1e-4,0.001,0.5,1e-5,5
55,4,identity,27.65,31.903266620404747,EIG,0,5,500,2,20,999,999,999,1,1,1,1e-4,0.001,0.5,1e-5,5
55,4,identity,35.6,47.983988557588006,EIG,0,5,500,2,20,999,999,999,1,1,1,1e-4,0.001,0.5,1e-5,5
55,4,identity,40.95,55.65256413442998,EIG,0,5,500,2,20,999,999,999,1,1,1,1e-4,0.001,0.5,1e-5,5
83,4,identity,28.1,36.158860019291765,EIG,0,5,500,2,20,999,999,999,1,10,0.1,1e-4,0.001,1,1e-5,5
83,4,identity,18.5,21.17719726995351,EIG,0,5,500,2,20,999,999,999,1,10,0.1,1e-4,0.001,1,1e-5,5
55,4,identity,50.15,65.64519864592656,EIG,0,5,500,2,20,999,999,999,1,1,1,1e-4,0.001,0.5,1e-5,5
83,4,identity,47.85,55.299447984301075,EIG,0,5,500,2,20,999,999,999,1,10,0.1,1e-4,0.001,1,1e-5,5
83,4,identity,44.15,48.68078081802542,EIG,0,5,500,2,20,999,999,999,1,10,0.1,1e-4,0.001,1,1e-5,5
83,4,identity,27.6,37.37632236703085,EIG,0,5,500,2,20,999,999,999,1,10,0.1,1e-4,0.001,1,1e-5,5
83,4,identity,28.4,22.52343808475728,EIG,0,5,500,2,20,999,999,999,1,10,0.1,1e-4,0.001,1,1e-5,5
83,4,identity,38.25,51.37055781794,EIG,0,5,500,2,20,999,999,999,1,10,0.1,1e-4,0.001,1,1e-5,5
83,4,identity,37.45,35.85273240706532,EIG,0,5,500,2,20,999,999,999,1,10,0.1,1e-4,0.001,1,1e-5,5
83,4,identity,26.6,35.77767607409903,EIG,0,5,500,2,20,999,999,999,1,10,0.1,1e-4,0.001,1,1e-5,5
83,4,identity,34.75,46.47565859786457,EIG,0,5,500,2,20,999,999,999,1,10,0.1,1e-4,0.001,1,1e-5,5
55,4,identity,29.2,25.746946676409895,EIG,0,5,500,2,20,999,999,999,1,1,1,1e-4,0.001,0.5,1e-5,5
55,4,identity,48.25,45.35807825688711,EIG,0,5,500,2,20,999,999,999,1,1,1,1e-4,0.001,0.5,1e-5,5
55,4,identity,53.3,85.82546548848883,EIG,0,5,500,2,20,999,999,999,1,1,1,1e-4,0.001,0.5,1e-5,5
55,4,identity,35.45,43.64868720519373,EIG,0,5,500,2,20,999,999,999,1,1,1,1e-4,0.001,0.5,1e-5,5
55,4,identity,49.05,55.9233262695687,EIG,0,5,500,2,20,999,999,999,1,1,1,1e-4,0.001,0.5,1e-5,5
71,4,identity,5.25,4.1785794614664775,EIG,0,5,500,2,20,999,999,999,1,1,10,1e-4,0.001,1,1e-5,5
71,4,identity,5.25,3.850837229541266,EIG,0,5,500,2,20,999,999,999,1,1,10,1e-4,0.001,1,1e-5,5
71,4,identity,8.75,4.86529060093834,EIG,0,5,500,2,20,999,999,999,1,1,10,1e-4,0.001,1,1e-5,5
71,4,identity,9.3,4.473312678070858,EIG,0,5,500,2,20,999,999,999,1,1,10,1e-4,0.001,1,1e-5,5
71,4,identity,11.4,11.962221233621507,EIG,0,5,500,2,20,999,999,999,1,1,10,1e-4,0.001,1,1e-5,5
71,4,identity,6.7,5.592287922713415,EIG,0,5,500,2,20,999,999,999,1,1,10,1e-4,0.001,1,1e-5,5
71,4,identity,5.6,5.547877735532845,EIG,0,5,500,2,20,999,999,999,1,1,10,1e-4,0.001,1,1e-5,5
71,4,identity,8.1,6.189124587362476,EIG,0,5,500,2,20,999,999,999,1,1,10,1e-4,0.001,1,1e-5,5
71,4,identity,8.95,7.605226734569491,EIG,0,5,500,2,20,999,999,999,1,1,10,1e-4,0.001,1,1e-5,5
71,4,identity,5.8,5.356746852531419,EIG,0,5,500,2,20,999,999,999,1,1,10,1e-4,0.001,1,1e-5,5
71,4,identity,23,24.067886444279583,EIG,0,5,500,2,20,999,999,999,1,1,10,1e-4,0.001,1,1e-5,5
71,4,identity,42.35,38.7342837398874,EIG,0,5,500,2,20,999,999,999,1,1,10,1e-4,0.001,1,1e-5,5
71,4,identity,20.3,23.70232056149777,EIG,0,5,500,2,20,999,999,999,1,1,10,1e-4,0.001,1,1e-5,5
71,4,identity,28.4,26.54965556323313,EIG,0,5,500,2,20,999,999,999,1,1,10,1e-4,0.001,1,1e-5,5
71,4,identity,28.4,32.78703209630616,EIG,0,5,500,2,20,999,999,999,1,1,10,1e-4,0.001,1,1e-5,5
55,4,identity,42.95,65.95570682782419,EIG,0,5,500,2,20,999,999,999,1,1,1,1e-4,0.001,0.5,1e-5,5
55,4,identity,19.9,29.34351896523588,EIG,0,5,500,2,20,999,999,999,1,1,1,1e-4,0.001,0.5,1e-5,5
55,4,identity,29.5,31.243525645113134,EIG,0,5,500,2,20,999,999,999,1,1,1,1e-4,0.001,0.5,1e-5,5
55,4,identity,29.2,45.683810330529454,EIG,0,5,500,2,20,999,999,999,1,1,1,1e-4,0.001,0.5,1e-5,5
55,4,identity,37.1,53.681222827079175,EIG,0,5,500,2,20,999,999,999,1,1,1,1e-4,0.001,0.5,1e-5,5
55,4,identity,17.65,26.376374995338857,EIG,0,5,500,2,20,999,999,999,1,1,1,1e-4,0.001,0.5,1e-5,5
55,4,identity,39.2,50.39799494758538,EIG,0,5,500,2,20,999,999,999,1,1,1,1e-4,0.001,0.5,1e-5,5
55,4,identity,28.5,25.24094418118892,EIG,0,5,500,2,20,999,999,999,1,1,1,1e-4,0.001,0.5,1e-5,5
55,4,identity,23.25,26.33163996331969,EIG,0,5,500,2,20,999,999,999,1,1,1,1e-4,0.001,0.5,1e-5,5
55,4,identity,24.75,27.746739969722,EIG,0,5,500,2,20,999,999,999,1,1,1,1e-4,0.001,0.5,1e-5,5
71,5,background,33.45,27.738392546300005,EIG,0,5,500,2,20,999,999,999,1,1,10,1e-4,0.001,1,1e-5,5
71,5,background,39.85,38.704378917228745,EIG,0,5,500,2,20,999,999,999,1,1,10,1e-4,0.001,1,1e-5,5
71,5,background,62.25,43.88006980755374,EIG,0,5,500,2,20,999,999,999,1,1,10,1e-4,0.001,1,1e-5,5
71,5,background,45.25,37.29099651460969,EIG,0,5,500,2,20,999,999,999,1,1,10,1e-4,0.001,1,1e-5,5
71,5,background,46.95,45.02101848318359,EIG,0,5,500,2,20,999,999,999,1,1,10,1e-4,0.001,1,1e-5,5
71,5,background,55.25,41.1938613209094,EIG,0,5,500,2,20,999,999,999,1,1,10,1e-4,0.001,1,1e-5,5
71,5,background,55.45,45.439925639301656,EIG,0,5,500,2,20,999,999,999,1,1,10,1e-4,0.001,1,1e-5,5
71,5,background,42,32.59480100616629,EIG,0,5,500,2,20,999,999,999,1,1,10,1e-4,0.001,1,1e-5,5
71,5,background,37.7,32.90512678020026,EIG,0,5,500,2,20,999,999,999,1,1,10,1e-4,0.001,1,1e-5,5
71,5,background,35.35,25.82180840827544,EIG,0,5,500,2,20,999,999,999,1,1,10,1e-4,0.001,1,1e-5,5
83,5,background,59.85,46.77524649010978,EIG,0,5,500,2,20,999,999,999,1,10,0.1,1e-4,0.001,1,1e-5,5
83,5,background,63.2,47.93921589943489,EIG,0,5,500,2,20,999,999,999,1,10,0.1,1e-4,0.001,1,1e-5,5
83,5,background,48.7,40.025123688950536,EIG,0,5,500,2,20,999,999,999,1,10,0.1,1e-4,0.001,1,1e-5,5
83,5,background,44,25.28157223625228,EIG,0,5,500,2,20,999,999,999,1,10,0.1,1e-4,0.001,1,1e-5,5
83,5,background,46.75,41.09536406175789,EIG,0,5,500,2,20,999,999,999,1,10,0.1,1e-4,0.001,1,1e-5,5
55,5,background,36.1,41.724535253316645,EIG,0,5,500,2,20,999,999,999,1,1,1,1e-4,0.001,0.5,1e-5,5
55,5,background,32.3,43.0349918823716,EIG,0,5,500,2,20,999,999,999,1,1,1,1e-4,0.001,0.5,1e-5,5
55,5,background,24.05,39.882029985815336,EIG,0,5,500,2,20,999,999,999,1,1,1,1e-4,0.001,0.5,1e-5,5
55,5,background,31.85,51.727296062086374,EIG,0,5,500,2,20,999,999,999,1,1,1,1e-4,0.001,0.5,1e-5,5
55,5,background,34.25,36.05533028700837,EIG,0,5,500,2,20,999,999,999,1,1,1,1e-4,0.001,0.5,1e-5,5
83,5,background,35.4,31.936450054839582,EIG,0,5,500,2,20,999,999,999,1,10,0.1,1e-4,0.001,1,1e-5,5
83,5,background,34.3,33.16958022995737,EIG,0,5,500,2,20,999,999,999,1,10,0.1,1e-4,0.001,1,1e-5,5
83,5,background,41.4,55.20430951903741,EIG,0,5,500,2,20,999,999,999,1,10,0.1,1e-4,0.001,1,1e-5,5
83,5,background,26.05,23.979102744286592,EIG,0,5,500,2,20,999,999,999,1,10,0.1,1e-4,0.001,1,1e-5,5
83,5,background,39.45,37.470655185091175,EIG,0,5,500,2,20,999,999,999,1,10,0.1,1e-4,0.001,1,1e-5,5
71,5,background,31.3,30.126225679367977,EIG,0,5,500,2,20,999,999,999,1,1,10,1e-4,0.001,1,1e-5,5
71,5,background,51.3,33.23774012205181,EIG,0,5,500,2,20,999,999,999,1,1,10,1e-4,0.001,1,1e-5,5
71,5,background,52.25,37.64498289071341,EIG,0,5,500,2,20,999,999,999,1,1,10,1e-4,0.001,1,1e-5,5
71,5,background,48.95,36.5059115616549,EIG,0,5,500,2,20,999,999,999,1,1,10,1e-4,0.001,1,1e-5,5
71,5,background,49.05,38.42213588955968,EIG,0,5,500,2,20,999,999,999,1,1,10,1e-4,0.001,1,1e-5,5
55,5,background,38.4,56.438508690059265,EIG,0,5,500,2,20,999,999,999,1,1,1,1e-4,0.001,0.5,1e-5,5
55,5,background,49.8,46.92165923390986,EIG,0,5,500,2,20,999,999,999,1,1,1,1e-4,0.001,0.5,1e-5,5
55,5,background,46.2,62.93990450379924,EIG,0,5,500,2,20,999,999,999,1,1,1,1e-4,0.001,0.5,1e-5,5
55,5,background,52,49.05743143446636,EIG,0,5,500,2,20,999,999,999,1,1,1,1e-4,0.001,0.5,1e-5,5
55,5,background,55.55,63.600293776216574,EIG,0,5,500,2,20,999,999,999,1,1,1,1e-4,0.001,0.5,1e-5,5
55,5,background,46.7,55.891906955818705,EIG,0,5,500,2,20,999,999,999,1,1,1,1e-4,0.001,0.5,1e-5,5
55,5,background,59,49.29182701550346,EIG,0,5,500,2,20,999,999,999,1,1,1,1e-4,0.001,0.5,1e-5,5
55,5,background,66.6,79.00792765019816,EIG,0,5,500,2,20,999,999,999,1,1,1,1e-4,0.001,0.5,1e-5,5
55,5,background,43.8,31.463596341436276,EIG,0,5,500,2,20,999,999,999,1,1,1,1e-4,0.001,0.5,1e-5,5
55,5,background,27.3,24.999157880553543,EIG,0,5,500,2,20,999,999,999,1,1,1,1e-4,0.001,0.5,1e-5,5
55,5,background,42.95,51.80172218230424,EIG,0,5,500,2,20,999,999,999,1,1,1,1e-4,0.001,0.5,1e-5,5
55,5,background,27.4,28.905289991170893,EIG,0,5,500,2,20,999,999,999,1,1,1,1e-4,0.001,0.5,1e-5,5
55,5,background,52.4,104.79975893905582,EIG,0,5,500,2,20,999,999,999,1,1,1,1e-4,0.001,0.5,1e-5,5
55,5,background,33.95,33.181280391525775,EIG,0,5,500,2,20,999,999,999,1,1,1,1e-4,0.001,0.5,1e-5,5
55,5,background,61.9,50.731387564411506,EIG,0,5,500,2,20,999,999,999,1,1,1,1e-4,0.001,0.5,1e-5,5
55,5,background,46.5,55.65637051539894,EIG,0,5,500,2,20,999,999,999,1,1,1,1e-4,0.001,0.5,1e-5,5
55,5,background,31.85,52.346291277666616,EIG,0,5,500,2,20,999,999,999,1,1,1,1e-4,0.001,0.5,1e-5,5
55,5,background,37.15,48.69375297661259,EIG,0,5,500,2,20,999,999,999,1,1,1,1e-4,0.001,0.5,1e-5,5
55,5,background,50.85,56.55577126304525,EIG,0,5,500,2,20,999,999,999,1,1,1,1e-4,0.001,0.5,1e-5,5
55,5,background,49.05,47.39362049008173,EIG,0,5,500,2,20,999,999,999,1,1,1,1e-4,0.001,0.5,1e-5,5
55,5,background,76.75,91.27106822392756,EIG,0,5,500,2,20,999,999,999,1,1,1,1e-4,0.001,0.5,1e-5,5
55,5,background,32.45,32.430451901358325,EIG,0,5,500,2,20,999,999,999,1,1,1,1e-4,0.001,0.5,1e-5,5
55,5,background,49,52.80350865535158,EIG,0,5,500,2,20,999,999,999,1,1,1,1e-4,0.001,0.5,1e-5,5
55,5,background,56.55,54.47981277500869,EIG,0,5,500,2,20,999,999,999,1,1,1,1e-4,0.001,0.5,1e-5,5
55,5,background,44.8,43.729551612273895,EIG,0,5,500,2,20,999,999,999,1,1,1,1e-4,0.001,0.5,1e-5,5
71,5,background,46,37.6884737370934,EIG,0,5,500,2,20,999,999,999,1,1,10,1e-4,0.001,1,1e-5,5
71,5,background,38.05,30.479458138573474,EIG,0,5,500,2,20,999,999,999,1,1,10,1e-4,0.001,1,1e-5,5
71,5,background,39.55,35.381343582235694,EIG,0,5,500,2,20,999,999,999,1,1,10,1e-4,0.001,1,1e-5,5
71,5,background,33.35,27.719032032921085,EIG,0,5,500,2,20,999,999,999,1,1,10,1e-4,0.001,1,1e-5,5
71,5,background,47.9,33.40642862809807,EIG,0,5,500,2,20,999,999,999,1,1,10,1e-4,0.001,1,1e-5,5
71,5,background,73.5,42.92649776683763,EIG,0,5,500,2,20,999,999,999,1,1,10,1e-4,0.001,1,1e-5,5
71,5,background,56.65,43.33744582374826,EIG,0,5,500,2,20,999,999,999,1,1,10,1e-4,0.001,1,1e-5,5
71,5,background,40.4,27.566951991565247,EIG,0,5,500,2,20,999,999,999,1,1,10,1e-4,0.001,1,1e-5,5
71,5,background,55.25,34.45954913105785,EIG,0,5,500,2,20,999,999,999,1,1,10,1e-4,0.001,1,1e-5,5
71,5,background,33.2,32.55052752422399,EIG,0,5,500,2,20,999,999,999,1,1,10,1e-4,0.001,1,1e-5,5
55,5,background,27.95,35.442280727372705,EIG,0,5,500,2,20,999,999,999,1,1,1,1e-4,0.001,0.5,1e-5,5
55,5,background,30.75,40.77005480031947,EIG,0,5,500,2,20,999,999,999,1,1,1,1e-4,0.001,0.5,1e-5,5
55,5,background,32.7,48.658963581668125,EIG,0,5,500,2,20,999,999,999,1,1,1,1e-4,0.001,0.5,1e-5,5
55,5,background,32,48.27007354458867,EIG,0,5,500,2,20,999,999,999,1,1,1,1e-4,0.001,0.5,1e-5,5
55,5,background,35,39.96314091233254,EIG,0,5,500,2,20,999,999,999,1,1,1,1e-4,0.001,0.5,1e-5,5
71,5,background,26.9,27.362863808261626,EIG,0,5,500,2,20,999,999,999,1,1,10,1e-4,0.001,1,1e-5,5
71,5,background,34.15,31.97083374775071,EIG,0,5,500,2,20,999,999,999,1,1,10,1e-4,0.001,1,1e-5,5
71,5,background,41,45.94275614398056,EIG,0,5,500,2,20,999,999,999,1,1,10,1e-4,0.001,1,1e-5,5
71,5,background,38.4,46.52266001355514,EIG,0,5,500,2,20,999,999,999,1,1,10,1e-4,0.001,1,1e-5,5
71,5,background,32.45,37.626243640925885,EIG,0,5,500,2,20,999,999,999,1,1,10,1e-4,0.001,1,1e-5,5
83,5,background,41.25,32.33032632065442,EIG,0,5,500,2,20,999,999,999,1,10,0.1,1e-4,0.001,1,1e-5,5
83,5,background,29.1,25.86584824170972,EIG,0,5,500,2,20,999,999,999,1,10,0.1,1e-4,0.001,1,1e-5,5
83,5,background,29.8,27.204101857895196,EIG,0,5,500,2,20,999,999,999,1,10,0.1,1e-4,0.001,1,1e-5,5
83,5,background,51.65,43.35080282143755,EIG,0,5,500,2,20,999,999,999,1,10,0.1,1e-4,0.001,1,1e-5,5
83,5,background,24.95,22.00831182698219,EIG,0,5,500,2,20,999,999,999,1,10,0.1,1e-4,0.001,1,1e-5,5
71,5,background,26,33.32298084853122,EIG,0,5,500,2,20,999,999,999,1,1,10,1e-4,0.001,1,1e-5,5
71,5,background,23.1,25.135213294667324,EIG,0,5,500,2,20,999,999,999,1,1,10,1e-4,0.001,1,1e-5,5
71,5,background,35.55,27.63383700046776,EIG,0,5,500,2,20,999,999,999,1,1,10,1e-4,0.001,1,1e-5,5
71,5,background,35.75,35.093671644239286,EIG,0,5,500,2,20,999,999,999,1,1,10,1e-4,0.001,1,1e-5,5
71,5,background,42.7,35.88593039061409,EIG,0,5,500,2,20,999,999,999,1,1,10,1e-4,0.001,1,1e-5,5
71,5,background,35.5,30.97452263767077,EIG,0,5,500,2,20,999,999,999,1,1,10,1e-4,0.001,1,1e-5,5
71,5,background,33.4,41.60642662909307,EIG,0,5,500,2,20,999,999,999,1,1,10,1e-4,0.001,1,1e-5,5
71,5,background,31.6,29.75938595857749,EIG,0,5,500,2,20,999,999,999,1,1,10,1e-4,0.001,1,1e-5,5
71,5,background,19.5,29.94292816957655,EIG,0,5,500,2,20,999,999,999,1,1,10,1e-4,0.001,1,1e-5,5
71,5,background,48.15,36.502739623211845,EIG,0,5,500,2,20,999,999,999,1,1,10,1e-4,0.001,1,1e-5,5
83,5,background,27.1,26.377622094654797,EIG,0,5,500,2,20,999,999,999,1,10,0.1,1e-4,0.001,1,1e-5,5
83,5,background,28.3,36.74535416391546,EIG,0,5,500,2,20,999,999,999,1,10,0.1,1e-4,0.001,1,1e-5,5
83,5,background,19.15,27.738013058275328,EIG,0,5,500,2,20,999,999,999,1,10,0.1,1e-4,0.001,1,1e-5,5
83,5,background,39.55,42.76431739318732,EIG,0,5,500,2,20,999,999,999,1,10,0.1,1e-4,0.001,1,1e-5,5
83,5,background,16.55,19.50296873487942,EIG,0,5,500,2,20,999,999,999,1,10,0.1,1e-4,0.001,1,1e-5,5
83,5,background,34.9,33.79644951766384,EIG,0,5,500,2,20,999,999,999,1,10,0.1,1e-4,0.001,1,1e-5,5
83,5,background,36.3,34.901515575597635,EIG,0,5,500,2,20,999,999,999,1,10,0.1,1e-4,0.001,1,1e-5,5
83,5,background,27.8,26.66280673818671,EIG,0,5,500,2,20,999,999,999,1,10,0.1,1e-4,0.001,1,1e-5,5
83,5,background,35.85,26.604857095136435,EIG,0,5,500,2,20,999,999,999,1,10,0.1,1e-4,0.001,1,1e-5,5
83,5,background,25.1,25.938997261794228,EIG,0,5,500,2,20,999,999,999,1,10,0.1,1e-4,0.001,1,1e-5,5
55,5,background,26.25,34.89966822342675,EIG,0,5,500,2,20,999,999,999,1,1,1,1e-4,0.001,0.5,1e-5,5
55,5,background,32.45,36.870291849301005,EIG,0,5,500,2,20,999,999,999,1,1,1,1e-4,0.001,0.5,1e-5,5
55,5,background,25.5,19.977619056281327,EIG,0,5,500,2,20,999,999,999,1,1,1,1e-4,0.001,0.5,1e-5,5
55,5,background,17.85,25.286307923875572,EIG,0,5,500,2,20,999,999,999,1,1,1,1e-4,0.001,0.5,1e-5,5
55,5,background,30.3,31.679480325349573,EIG,0,5,500,2,20,999,999,999,1,1,1,1e-4,0.001,0.5,1e-5,5
83,5,background,35,32.75587532674181,EIG,0,5,500,2,20,999,999,999,1,10,0.1,1e-4,0.001,1,1e-5,5
83,5,background,44.55,44.64771462295278,EIG,0,5,500,2,20,999,999,999,1,10,0.1,1e-4,0.001,1,1e-5,5
83,5,background,32.65,24.9552757843644,EIG,0,5,500,2,20,999,999,999,1,10,0.1,1e-4,0.001,1,1e-5,5
83,5,background,49.95,40.76050074585236,EIG,0,5,500,2,20,999,999,999,1,10,0.1,1e-4,0.001,1,1e-5,5
83,5,background,50.2,45.71030057817787,EIG,0,5,500,2,20,999,999,999,1,10,0.1,1e-4,0.001,1,1e-5,5
71,5,background,45.3,34.36966226500526,EIG,0,5,500,2,20,999,999,999,1,1,10,1e-4,0.001,1,1e-5,5
71,5,background,59.5,34.19372056848727,EIG,0,5,500,2,20,999,999,999,1,1,10,1e-4,0.001,1,1e-5,5
71,5,background,50.4,33.391458094611714,EIG,0,5,500,2,20,999,999,999,1,1,10,1e-4,0.001,1,1e-5,5
71,5,background,51.35,31.86695202837804,EIG,0,5,500,2,20,999,999,999,1,1,10,1e-4,0.001,1,1e-5,5
71,5,background,65.05,39.884669261575475,EIG,0,5,500,2,20,999,999,999,1,1,10,1e-4,0.001,1,1e-5,5
83,5,background,60.05,44.827711119468574,EIG,0,5,500,2,20,999,999,999,1,10,0.1,1e-4,0.001,1,1e-5,5
83,5,background,52.95,50.61669684995258,EIG,0,5,500,2,20,999,999,999,1,10,0.1,1e-4,0.001,1,1e-5,5
83,5,background,75.1,60.7963814712685,EIG,0,5,500,2,20,999,999,999,1,10,0.1,1e-4,0.001,1,1e-5,5
83,5,background,72.75,36.4227733849666,EIG,0,5,500,2,20,999,999,999,1,10,0.1,1e-4,0.001,1,1e-5,5
83,5,background,48.25,41.137606050655734,EIG,0,5,500,2,20,999,999,999,1,10,0.1,1e-4,0.001,1,1e-5,5
55,5,background,76.25,93.41017356966952,EIG,0,5,500,2,20,999,999,999,1,1,1,1e-4,0.001,0.5,1e-5,5
55,5,background,59.15,72.60293962440683,EIG,0,5,500,2,20,999,999,999,1,1,1,1e-4,0.001,0.5,1e-5,5
55,5,background,58.85,91.17841099503188,EIG,0,5,500,2,20,999,999,999,1,1,1,1e-4,0.001,0.5,1e-5,5
55,5,background,68.05,80.1764337340829,EIG,0,5,500,2,20,999,999,999,1,1,1,1e-4,0.001,0.5,1e-5,5
55,5,background,64.2,50.94434527785664,EIG,0,5,500,2,20,999,999,999,1,1,1,1e-4,0.001,0.5,1e-5,5
71,5,background,37.05,30.76819102494276,EIG,0,5,500,2,20,999,999,999,1,1,10,1e-4,0.001,1,1e-5,5
71,5,background,46.9,37.86249359263903,EIG,0,5,500,2,20,999,999,999,1,1,10,1e-4,0.001,1,1e-5,5
71,5,background,42.05,35.366464936508194,EIG,0,5,500,2,20,999,999,999,1,1,10,1e-4,0.001,1,1e-5,5
71,5,background,33.35,23.08399992703992,EIG,0,5,500,2,20,999,999,999,1,1,10,1e-4,0.001,1,1e-5,5
71,5,background,28.5,23.745359657481664,EIG,0,5,500,2,20,999,999,999,1,1,10,1e-4,0.001,1,1e-5,5
83,5,background,41.4,32.799871630044045,EIG,0,5,500,2,20,999,999,999,1,10,0.1,1e-4,0.001,1,1e-5,5
83,5,background,43.75,37.204803028924275,EIG,0,5,500,2,20,999,999,999,1,10,0.1,1e-4,0.001,1,1e-5,5
83,5,background,40.9,27.33784729522137,EIG,0,5,500,2,20,999,999,999,1,10,0.1,1e-4,0.001,1,1e-5,5
83,5,background,34.1,36.362068148002805,EIG,0,5,500,2,20,999,999,999,1,10,0.1,1e-4,0.001,1,1e-5,5
83,5,background,35.05,39.05256242014021,EIG,0,5,500,2,20,999,999,999,1,10,0.1,1e-4,0.001,1,1e-5,5
83,5,background,33.95,22.229603306354676,EIG,0,5,500,2,20,999,999,999,1,10,0.1,1e-4,0.001,1,1e-5,5
83,5,background,40.95,31.708333621504483,EIG,0,5,500,2,20,999,999,999,1,10,0.1,1e-4,0.001,1,1e-5,5
83,5,background,37.6,30.19654912315923,EIG,0,5,500,2,20,999,999,999,1,10,0.1,1e-4,0.001,1,1e-5,5
83,5,background,47.75,41.8227777274789,EIG,0,5,500,2,20,999,999,999,1,10,0.1,1e-4,0.001,1,1e-5,5
83,5,background,24.2,30.275228713986795,EIG,0,5,500,2,20,999,999,999,1,10,0.1,1e-4,0.001,1,1e-5,5
83,5,background,56.75,37.259933327623486,EIG,0,5,500,2,20,999,999,999,1,10,0.1,1e-4,0.001,1,1e-5,5
83,5,background,57,29.13670139911264,EIG,0,5,500,2,20,999,999,999,1,10,0.1,1e-4,0.001,1,1e-5,5
83,5,background,68.2,49.987998559654294,EIG,0,5,500,2,20,999,999,999,1,10,0.1,1e-4,0.001,1,1e-5,5
83,5,background,47.4,33.39145809461172,EIG,0,5,500,2,20,999,999,999,1,10,0.1,1e-4,0.001,1,1e-5,5
83,5,background,64,44.79074152451363,EIG,0,5,500,2,20,999,999,999,1,10,0.1,1e-4,0.001,1,1e-5,5
71,5,background,46.45,33.21615808450364,EIG,0,5,500,2,20,999,999,999,1,1,10,1e-4,0.001,1,1e-5,5
71,5,background,71.2,34.11065584396265,EIG,0,5,500,2,20,999,999,999,1,1,10,1e-4,0.001,1,1e-5,5
71,5,background,45,43.260532639006264,EIG,0,5,500,2,20,999,999,999,1,1,10,1e-4,0.001,1,1e-5,5
71,5,background,55.1,38.77587421390563,EIG,0,5,500,2,20,999,999,999,1,1,10,1e-4,0.001,1,1e-5,5
71,5,background,49.95,41.06922910096278,EIG,0,5,500,2,20,999,999,999,1,1,10,1e-4,0.001,1,1e-5,5
83,5,background,46.25,40.928532063123214,EIG,0,5,500,2,20,999,999,999,1,10,0.1,1e-4,0.001,1,1e-5,5
83,5,background,56.95,36.79169671771637,EIG,0,5,500,2,20,999,999,999,1,10,0.1,1e-4,0.001,1,1e-5,5
83,5,background,47.5,23.367769075779304,EIG,0,5,500,2,20,999,999,999,1,10,0.1,1e-4,0.001,1,1e-5,5
83,5,background,53.35,35.13174452947377,EIG,0,5,500,2,20,999,999,999,1,10,0.1,1e-4,0.001,1,1e-5,5
83,5,background,59.6,36.4379790299829,EIG,0,5,500,2,20,999,999,999,1,10,0.1,1e-4,0.001,1,1e-5,5
83,5,background,29.35,24.420170696416218,EIG,0,5,500,2,20,999,999,999,1,10,0.1,1e-4,0.001,1,1e-5,5
83,5,background,31.25,35.490361923678435,EIG,0,5,500,2,20,999,999,999,1,10,0.1,1e-4,0.001,1,1e-5,5
83,5,background,33.1,37.372801818829075,EIG,0,5,500,2,20,999,999,999,1,10,0.1,1e-4,0.001,1,1e-5,5
83,5,background,26.65,30.72334103268273,EIG,0,5,500,2,20,999,999,999,1,10,0.1,1e-4,0.001,1,1e-5,5
83,5,background,22,31.181978601007412,EIG,0,5,500,2,20,999,999,999,1,10,0.1,1e-4,0.001,1,1e-5,5
83,5,background,25.55,24.940930215210496,EIG,0,5,500,2,20,999,999,999,1,10,0.1,1e-4,0.001,1,1e-5,5
83,5,background,44.05,69.35148842936553,EIG,0,5,500,2,20,999,999,999,1,10,0.1,1e-4,0.001,1,1e-5,5
83,5,background,28.4,33.47489239792462,EIG,0,5,500,2,20,999,999,999,1,10,0.1,1e-4,0.001,1,1e-5,5
83,5,background,21.7,21.754854267738185,EIG,0,5,500,2,20,999,999,999,1,10,0.1,1e-4,0.001,1,1e-5,5
83,5,background,25.05,32.872120646369524,EIG,0,5,500,2,20,999,999,999,1,10,0.1,1e-4,0.001,1,1e-5,5
71,5,background,59.4,31.23661818746507,EIG,0,5,500,2,20,999,999,999,1,1,10,1e-4,0.001,1,1e-5,5
71,5,background,47.55,34.921679286805876,EIG,0,5,500,2,20,999,999,999,1,1,10,1e-4,0.001,1,1e-5,5
71,5,background,54.65,58.486413177043005,EIG,0,5,500,2,20,999,999,999,1,1,10,1e-4,0.001,1,1e-5,5
71,5,background,63.95,48.04655089214602,EIG,0,5,500,2,20,999,999,999,1,1,10,1e-4,0.001,1,1e-5,5
71,5,background,32,24.935706801376423,EIG,0,5,500,2,20,999,999,999,1,1,10,1e-4,0.001,1,1e-5,5
83,5,background,42,42.9761255631665,EIG,0,5,500,2,20,999,999,999,1,10,0.1,1e-4,0.001,1,1e-5,5
83,5,background,35.65,32.519265544888114,EIG,0,5,500,2,20,999,999,999,1,10,0.1,1e-4,0.001,1,1e-5,5
83,5,background,30.7,34.16538722465365,EIG,0,5,500,2,20,999,999,999,1,10,0.1,1e-4,0.001,1,1e-5,5
83,5,background,51.65,43.52769838063793,EIG,0,5,500,2,20,999,999,999,1,10,0.1,1e-4,0.001,1,1e-5,5
83,5,background,41.25,50.50260545649835,EIG,0,5,500,2,20,999,999,999,1,10,0.1,1e-4,0.001,1,1e-5,5
71,5,background,2.75,6.8967955945992925,EIG,0,5,500,2,20,999,999,999,1,1,10,1e-4,0.001,1,1e-5,5
71,5,background,5.25,7.866484535506849,EIG,0,5,500,2,20,999,999,999,1,1,10,1e-4,0.001,1,1e-5,5
71,5,background,3.05,4.706937768644784,EIG,0,5,500,2,20,999,999,999,1,1,10,1e-4,0.001,1,1e-5,5
71,5,background,2.75,5.118336489627526,EIG,0,5,500,2,20,999,999,999,1,1,10,1e-4,0.001,1,1e-5,5
71,5,background,3.55,5.707566538330822,EIG,0,5,500,2,20,999,999,999,1,1,10,1e-4,0.001,1,1e-5,5
83,5,background,2.05,2.3502519461807316,EIG,0,5,500,2,20,999,999,999,1,10,0.1,1e-4,0.001,1,1e-5,5
83,5,background,5.85,9.675117298350552,EIG,0,5,500,2,20,999,999,999,1,10,0.1,1e-4,0.001,1,1e-5,5
83,5,background,1.45,0.8255779474818965,EIG,0,5,500,2,20,999,999,999,1,10,0.1,1e-4,0.001,1,1e-5,5
83,5,background,5.55,16.401139241560408,EIG,0,5,500,2,20,999,999,999,1,10,0.1,1e-4,0.001,1,1e-5,5
83,5,background,5.95,10.850539642170602,EIG,0,5,500,2,20,999,999,999,1,10,0.1,1e-4,0.001,1,1e-5,5
55,5,background,65.15,55.059083097877206,EIG,0,5,500,2,20,999,999,999,1,1,1,1e-4,0.001,0.5,1e-5,5
55,5,background,29.25,35.5244541422562,EIG,0,5,500,2,20,999,999,999,1,1,1,1e-4,0.001,0.5,1e-5,5
55,5,background,35.65,33.504555856747224,EIG,0,5,500,2,20,999,999,999,1,1,1,1e-4,0.001,0.5,1e-5,5
55,5,background,56.7,48.45518819649651,EIG,0,5,500,2,20,999,999,999,1,1,1,1e-4,0.001,0.5,1e-5,5
55,5,background,48.05,38.94459627403228,EIG,0,5,500,2,20,999,999,999,1,1,1,1e-4,0.001,0.5,1e-5,5
83,5,background,41.9,30.516432156773305,EIG,0,5,500,2,20,999,999,999,1,10,0.1,1e-4,0.001,1,1e-5,5
83,5,background,38.35,25.257151149932294,EIG,0,5,500,2,20,999,999,999,1,10,0.1,1e-4,0.001,1,1e-5,5
83,5,background,33.65,24.830530867419945,EIG,0,5,500,2,20,999,999,999,1,10,0.1,1e-4,0.001,1,1e-5,5
83,5,background,49.6,42.99498134727624,EIG,0,5,500,2,20,999,999,999,1,10,0.1,1e-4,0.001,1,1e-5,5
83,5,background,32.55,22.82997798371348,EIG,0,5,500,2,20,999,999,999,1,10,0.1,1e-4,0.001,1,1e-5,5
55,5,background,11,16.303051054456358,EIG,0,5,500,2,20,999,999,999,1,1,1,1e-4,0.001,0.5,1e-5,5
55,5,background,11.05,19.500269903665167,EIG,0,5,500,2,20,999,999,999,1,1,1,1e-4,0.001,0.5,1e-5,5
55,5,background,13.35,21.873499948567904,EIG,0,5,500,2,20,999,999,999,1,1,1,1e-4,0.001,0.5,1e-5,5
55,5,background,10.8,22.21805808938211,EIG,0,5,500,2,20,999,999,999,1,1,1,1e-4,0.001,0.5,1e-5,5
55,5,background,28.45,44.40065788986275,EIG,0,5,500,2,20,999,999,999,1,1,1,1e-4,0.001,0.5,1e-5,5
55,5,background,12.95,20.564340623106737,EIG,0,5,500,2,20,999,999,999,1,1,1,1e-4,0.001,0.5,1e-5,5
55,5,background,31.4,41.403534046974144,EIG,0,5,500,2,20,999,999,999,1,1,1,1e-4,0.001,0.5,1e-5,5
55,5,background,13.55,19.855994719877156,EIG,0,5,500,2,20,999,999,999,1,1,1,1e-4,0.001,0.5,1e-5,5
55,5,background,10.85,22.010224896624752,EIG,0,5,500,2,20,999,999,999,1,1,1,1e-4,0.001,0.5,1e-5,5
55,5,background,14.45,18.357488074926067,EIG,0,5,500,2,20,999,999,999,1,1,1,1e-4,0.001,0.5,1e-5,5
83,5,background,31.95,36.4395317434817,EIG,0,5,500,2,20,999,999,999,1,10,0.1,1e-4,0.001,1,1e-5,5
55,5,background,28.3,26.893748050625565,EIG,0,5,500,2,20,999,999,999,1,1,1,1e-4,0.001,0.5,1e-5,5
83,5,background,39.7,29.75178013250017,EIG,0,5,500,2,20,999,999,999,1,10,0.1,1e-4,0.001,1,1e-5,5
55,5,background,37.6,35.99473645731524,EIG,0,5,500,2,20,999,999,999,1,1,1,1e-4,0.001,0.5,1e-5,5
83,5,background,47.3,35.15095267107579,EIG,0,5,500,2,20,999,999,999,1,10,0.1,1e-4,0.001,1,1e-5,5
55,5,background,61.15,51.244794344093336,EIG,0,5,500,2,20,999,999,999,1,1,1,1e-4,0.001,0.5,1e-5,5
83,5,background,40.95,32.29221023877528,EIG,0,5,500,2,20,999,999,999,1,10,0.1,1e-4,0.001,1,1e-5,5
55,5,background,30,31.43079281281504,EIG,0,5,500,2,20,999,999,999,1,1,1,1e-4,0.001,0.5,1e-5,5
83,5,background,41.75,38.58125396996236,EIG,0,5,500,2,20,999,999,999,1,10,0.1,1e-4,0.001,1,1e-5,5
55,5,background,40.4,42.09438017247984,EIG,0,5,500,2,20,999,999,999,1,1,1,1e-4,0.001,0.5,1e-5,5
55,5,background,45.95,54.84953101560285,EIG,0,5,500,2,20,999,999,999,1,1,1,1e-4,0.001,0.5,1e-5,5
55,5,background,27.3,33.131476526742745,EIG,0,5,500,2,20,999,999,999,1,1,1,1e-4,0.001,0.5,1e-5,5
55,5,background,44.45,52.641263582658674,EIG,0,5,500,2,20,999,999,999,1,1,1,1e-4,0.001,0.5,1e-5,5
55,5,background,40.75,41.27810047649199,EIG,0,5,500,2,20,999,999,999,1,1,1,1e-4,0.001,0.5,1e-5,5
55,5,background,35.95,45.82170825458629,EIG,0,5,500,2,20,999,999,999,1,1,1,1e-4,0.001,0.5,1e-5,5
55,5,background,42.85,43.21339339164482,EIG,0,5,500,2,20,999,999,999,1,1,1,1e-4,0.001,0.5,1e-5,5
55,5,background,39.7,34.27305217314556,EIG,0,5,500,2,20,999,999,999,1,1,1,1e-4,0.001,0.5,1e-5,5
55,5,background,34.9,41.127401545620856,EIG,0,5,500,2,20,999,999,999,1,1,1,1e-4,0.001,0.5,1e-5,5
55,5,background,41.1,46.18258956519619,EIG,0,5,500,2,20,999,999,999,1,1,1,1e-4,0.001,0.5,1e-5,5
55,5,background,31.65,40.28095409939907,EIG,0,5,500,2,20,999,999,999,1,1,1,1e-4,0.001,0.5,1e-5,5
71,5,background,49.3,38.436687518156674,EIG,0,5,500,2,20,999,999,999,1,1,10,1e-4,0.001,1,1e-5,5
71,5,background,39.3,44.93984283110268,EIG,0,5,500,2,20,999,999,999,1,1,10,1e-4,0.001,1,1e-5,5
71,5,background,30.75,30.1572632431358,EIG,0,5,500,2,20,999,999,999,1,1,10,1e-4,0.001,1,1e-5,5
71,5,background,40.45,29.905949064921582,EIG,0,5,500,2,20,999,999,999,1,1,10,1e-4,0.001,1,1e-5,5
71,5,background,33.55,25.26173515730649,EIG,0,5,500,2,20,999,999,999,1,1,10,1e-4,0.001,1,1e-5,5
71,5,background,45.8,29.06001050458027,EIG,0,5,500,2,20,999,999,999,1,1,10,1e-4,0.001,1,1e-5,5
71,5,background,48.3,28.6505258517003,EIG,0,5,500,2,20,999,999,999,1,1,10,1e-4,0.001,1,1e-5,5
71,5,background,55.05,36.230947806362565,EIG,0,5,500,2,20,999,999,999,1,1,10,1e-4,0.001,1,1e-5,5
71,5,background,34.15,32.84136512323894,EIG,0,5,500,2,20,999,999,999,1,1,10,1e-4,0.001,1,1e-5,5
71,5,background,43.05,36.21787142456491,EIG,0,5,500,2,20,999,999,999,1,1,10,1e-4,0.001,1,1e-5,5
71,5,background,41.1,27.56599736135654,EIG,0,5,500,2,20,999,999,999,1,1,10,1e-4,0.001,1,1e-5,5
71,5,background,47.6,31.41806386208585,EIG,0,5,500,2,20,999,999,999,1,1,10,1e-4,0.001,1,1e-5,5
71,5,background,52.85,49.40623762025878,EIG,0,5,500,2,20,999,999,999,1,1,10,1e-4,0.001,1,1e-5,5
71,5,background,43.3,29.769465104895296,EIG,0,5,500,2,20,999,999,999,1,1,10,1e-4,0.001,1,1e-5,5
71,5,background,42.4,31.41973901864877,EIG,0,5,500,2,20,999,999,999,1,1,10,1e-4,0.001,1,1e-5,5
83,5,background,41.8,33.24328186978061,EIG,0,5,500,2,20,999,999,999,1,10,0.1,1e-4,0.001,1,1e-5,5
83,5,background,45.15,38.54085323940108,EIG,0,5,500,2,20,999,999,999,1,10,0.1,1e-4,0.001,1,1e-5,5
83,5,background,42.3,25.87235875154063,EIG,0,5,500,2,20,999,999,999,1,10,0.1,1e-4,0.001,1,1e-5,5
83,5,background,57.9,46.44510058575665,EIG,0,5,500,2,20,999,999,999,1,10,0.1,1e-4,0.001,1,1e-5,5
83,5,background,43.7,43.15711809314036,EIG,0,5,500,2,20,999,999,999,1,10,0.1,1e-4,0.001,1,1e-5,5
71,5,background,34.25,27.79980121095151,EIG,0,5,500,2,20,999,999,999,1,1,10,1e-4,0.001,1,1e-5,5
71,5,background,35.85,29.94780547271501,EIG,0,5,500,2,20,999,999,999,1,1,10,1e-4,0.001,1,1e-5,5
71,5,background,26.7,27.143090620285907,EIG,0,5,500,2,20,999,999,999,1,1,10,1e-4,0.001,1,1e-5,5
71,5,background,45.2,32.849897860932295,EIG,0,5,500,2,20,999,999,999,1,1,10,1e-4,0.001,1,1e-5,5
71,5,background,17.65,20.474052898858673,EIG,0,5,500,2,20,999,999,999,1,1,10,1e-4,0.001,1,1e-5,5
71,5,background,24.8,28.459759217829692,EIG,0,5,500,2,20,999,999,999,1,1,10,1e-4,0.001,1,1e-5,5
71,5,background,30,22.459319950336408,EIG,0,5,500,2,20,999,999,999,1,1,10,1e-4,0.001,1,1e-5,5
71,5,background,26.05,18.466114058487037,EIG,0,5,500,2,20,999,999,999,1,1,10,1e-4,0.001,1,1e-5,5
71,5,background,31.95,30.78016278470001,EIG,0,5,500,2,20,999,999,999,1,1,10,1e-4,0.001,1,1e-5,5
71,5,background,29.55,28.342779643054364,EIG,0,5,500,2,20,999,999,999,1,1,10,1e-4,0.001,1,1e-5,5
55,5,background,33.85,38.94567741705983,EIG,0,5,500,2,20,999,999,999,1,1,1,1e-4,0.001,0.5,1e-5,5
55,5,background,34.85,38.87940193388836,EIG,0,5,500,2,20,999,999,999,1,1,1,1e-4,0.001,0.5,1e-5,5
55,5,background,45.8,42.86772801610971,EIG,0,5,500,2,20,999,999,999,1,1,1,1e-4,0.001,0.5,1e-5,5
55,5,background,56.75,56.40723637787509,EIG,0,5,500,2,20,999,999,999,1,1,1,1e-4,0.001,0.5,1e-5,5
55,5,background,27.2,33.63832400856593,EIG,0,5,500,2,20,999,999,999,1,1,1,1e-4,0.001,0.5,1e-5,5
83,5,background,47.15,42.41061808457629,EIG,0,5,500,2,20,999,999,999,1,10,0.1,1e-4,0.001,1,1e-5,5
83,5,background,40.2,29.839218276764907,EIG,0,5,500,2,20,999,999,999,1,10,0.1,1e-4,0.001,1,1e-5,5
83,5,background,40.35,42.380823617838246,EIG,0,5,500,2,20,999,999,999,1,10,0.1,1e-4,0.001,1,1e-5,5
83,5,background,29.35,27.067702642001027,EIG,0,5,500,2,20,999,999,999,1,10,0.1,1e-4,0.001,1,1e-5,5
83,5,background,27.3,34.70643804980948,EIG,0,5,500,2,20,999,999,999,1,10,0.1,1e-4,0.001,1,1e-5,5
55,5,background,31.85,30.822539599592066,EIG,0,5,500,2,20,999,999,999,1,1,1,1e-4,0.001,0.5,1e-5,5
55,5,background,35.15,29.54973505981506,EIG,0,5,500,2,20,999,999,999,1,1,1,1e-4,0.001,0.5,1e-5,5
55,5,background,30.05,30.44663147904958,EIG,0,5,500,2,20,999,999,999,1,1,1,1e-4,0.001,0.5,1e-5,5
55,5,background,29.95,33.93876063860038,EIG,0,5,500,2,20,999,999,999,1,1,1,1e-4,0.001,0.5,1e-5,5
55,5,background,19.4,29.00163334783241,EIG,0,5,500,2,20,999,999,999,1,1,1,1e-4,0.001,0.5,1e-5,5
55,5,background,43.2,54.16990813512998,EIG,0,5,500,2,20,999,999,999,1,1,1,1e-4,0.001,0.5,1e-5,5
55,5,background,80.7,65.55841107865486,EIG,0,5,500,2,20,999,999,999,1,1,1,1e-4,0.001,0.5,1e-5,5
55,5,background,40.6,42.07437024577964,EIG,0,5,500,2,20,999,999,999,1,1,1,1e-4,0.001,0.5,1e-5,5
55,5,background,50.75,42.06870946189667,EIG,0,5,500,2,20,999,999,999,1,1,1,1e-4,0.001,0.5,1e-5,5
55,5,background,72.9,69.18617142023017,EIG,0,5,500,2,20,999,999,999,1,1,1,1e-4,0.001,0.5,1e-5,5
83,5,background,39.8,40.37795125273719,EIG,0,5,500,2,20,999,999,999,1,10,0.1,1e-4,0.001,1,1e-5,5
83,5,background,37.5,34.399357399138786,EIG,0,5,500,2,20,999,999,999,1,10,0.1,1e-4,0.001,1,1e-5,5
83,5,background,62.8,38.87036484467177,EIG,0,5,500,2,20,999,999,999,1,10,0.1,1e-4,0.001,1,1e-5,5
83,5,background,56.9,43.11905183998075,EIG,0,5,500,2,20,999,999,999,1,10,0.1,1e-4,0.001,1,1e-5,5
83,5,background,67.05,54.37924817040916,EIG,0,5,500,2,20,999,999,999,1,10,0.1,1e-4,0.001,1,1e-5,5
71,5,background,27.5,28.083522046323104,EIG,0,5,500,2,20,999,999,999,1,1,10,1e-4,0.001,1,1e-5,5
71,5,background,22.5,26.15641211513617,EIG,0,5,500,2,20,999,999,999,1,1,10,1e-4,0.001,1,1e-5,5
71,5,background,25.95,25.004157549032563,EIG,0,5,500,2,20,999,999,999,1,1,10,1e-4,0.001,1,1e-5,5
71,5,background,31,29.22868093968122,EIG,0,5,500,2,20,999,999,999,1,1,10,1e-4,0.001,1,1e-5,5
71,5,background,19.9,18.05809338889644,EIG,0,5,500,2,20,999,999,999,1,1,10,1e-4,0.001,1,1e-5,5
71,5,background,25.25,23.74175757250459,EIG,0,5,500,2,20,999,999,999,1,1,10,1e-4,0.001,1,1e-5,5
71,5,background,35.1,36.227206990268925,EIG,0,5,500,2,20,999,999,999,1,1,10,1e-4,0.001,1,1e-5,5
71,5,background,12.65,18.579204560617313,EIG,0,5,500,2,20,999,999,999,1,1,10,1e-4,0.001,1,1e-5,5
71,5,background,23.75,27.150409515182368,EIG,0,5,500,2,20,999,999,999,1,1,10,1e-4,0.001,1,1e-5,5
71,5,background,27.3,26.435820993094715,EIG,0,5,500,2,20,999,999,999,1,1,10,1e-4,0.001,1,1e-5,5
55,5,background,18.6,26.382609902417872,EIG,0,5,500,2,20,999,999,999,1,1,1,1e-4,0.001,0.5,1e-5,5
55,5,background,48.5,44.170125650715555,EIG,0,5,500,2,20,999,999,999,1,1,1,1e-4,0.001,0.5,1e-5,5
55,5,background,24.7,26.29008218040848,EIG,0,5,500,2,20,999,999,999,1,1,1,1e-4,0.001,0.5,1e-5,5
55,5,background,36.1,44.22061914870412,EIG,0,5,500,2,20,999,999,999,1,1,1,1e-4,0.001,0.5,1e-5,5
55,5,background,25.8,36.49744042936076,EIG,0,5,500,2,20,999,999,999,1,1,1,1e-4,0.001,0.5,1e-5,5
55,5,background,24.6,35.400564967243106,EIG,0,5,500,2,20,999,999,999,1,1,1,1e-4,0.001,0.5,1e-5,5
55,5,background,38.75,55.6094227153712,EIG,0,5,500,2,20,999,999,999,1,1,1,1e-4,0.001,0.5,1e-5,5
55,5,background,30.75,34.583042695882945,EIG,0,5,500,2,20,999,999,999,1,1,1,1e-4,0.001,0.5,1e-5,5
55,5,background,31.45,50.29437030335031,EIG,0,5,500,2,20,999,999,999,1,1,1,1e-4,0.001,0.5,1e-5,5
55,5,background,32.7,73.93603209603057,EIG,0,5,500,2,20,999,999,999,1,1,1,1e-4,0.001,0.5,1e-5,5
71,5,identity,16.7,15.321467567470572,EIG,0,5,500,2,20,999,999,999,1,1,10,1e-4,0.001,1,1e-5,5
71,5,identity,21.15,32.9421742164245,EIG,0,5,500,2,20,999,999,999,1,1,10,1e-4,0.001,1,1e-5,5
71,5,identity,17.3,23.47697640354548,EIG,0,5,500,2,20,999,999,999,1,1,10,1e-4,0.001,1,1e-5,5
71,5,identity,14.35,16.203557114346676,EIG,0,5,500,2,20,999,999,999,1,1,10,1e-4,0.001,1,1e-5,5
71,5,identity,23.75,28.078602079463323,EIG,0,5,500,2,20,999,999,999,1,1,10,1e-4,0.001,1,1e-5,5
83,5,identity,14.95,24.184542692868064,EIG,0,5,500,2,20,999,999,999,1,10,0.1,1e-4,0.001,1,1e-5,5
83,5,identity,17.95,17.17242281284612,EIG,0,5,500,2,20,999,999,999,1,10,0.1,1e-4,0.001,1,1e-5,5
83,5,identity,19.1,22.72235162032959,EIG,0,5,500,2,20,999,999,999,1,10,0.1,1e-4,0.001,1,1e-5,5
83,5,identity,20.85,32.28536412745108,EIG,0,5,500,2,20,999,999,999,1,10,0.1,1e-4,0.001,1,1e-5,5
83,5,identity,15,16.072205495005477,EIG,0,5,500,2,20,999,999,999,1,10,0.1,1e-4,0.001,1,1e-5,5
55,5,identity,18.75,23.95143111865299,EIG,0,5,500,2,20,999,999,999,1,1,1,1e-4,0.001,0.5,1e-5,5
55,5,identity,9.15,10.810691588958544,EIG,0,5,500,2,20,999,999,999,1,1,1,1e-4,0.001,0.5,1e-5,5
55,5,identity,24.85,31.931299609268056,EIG,0,5,500,2,20,999,999,999,1,1,1,1e-4,0.001,0.5,1e-5,5
55,5,identity,16.3,14.57864335613102,EIG,0,5,500,2,20,999,999,999,1,1,1,1e-4,0.001,0.5,1e-5,5
55,5,identity,23.45,21.755761487356327,EIG,0,5,500,2,20,999,999,999,1,1,1,1e-4,0.001,0.5,1e-5,5
71,5,identity,21.8,28.41534055659669,EIG,0,5,500,2,20,999,999,999,1,1,10,1e-4,0.001,1,1e-5,5
71,5,identity,18.65,13.906738238028808,EIG,0,5,500,2,20,999,999,999,1,1,10,1e-4,0.001,1,1e-5,5
71,5,identity,30.5,25.75491777260576,EIG,0,5,500,2,20,999,999,999,1,1,10,1e-4,0.001,1,1e-5,5
71,5,identity,15.2,16.282376653108237,EIG,0,5,500,2,20,999,999,999,1,1,10,1e-4,0.001,1,1e-5,5
71,5,identity,31.2,40.077031090796034,EIG,0,5,500,2,20,999,999,999,1,1,10,1e-4,0.001,1,1e-5,5
83,5,identity,18.9,17.55562587890275,EIG,0,5,500,2,20,999,999,999,1,10,0.1,1e-4,0.001,1,1e-5,5
83,5,identity,18.8,20.169283576765935,EIG,0,5,500,2,20,999,999,999,1,10,0.1,1e-4,0.001,1,1e-5,5
83,5,identity,14.65,13.581237057057798,EIG,0,5,500,2,20,999,999,999,1,10,0.1,1e-4,0.001,1,1e-5,5
83,5,identity,24.9,30.917377161174517,EIG,0,5,500,2,20,999,999,999,1,10,0.1,1e-4,0.001,1,1e-5,5
83,5,identity,12.65,12.982883468547914,EIG,0,5,500,2,20,999,999,999,1,10,0.1,1e-4,0.001,1,1e-5,5
71,5,identity,35.3,46.03213980184759,EIG,0,5,500,2,20,999,999,999,1,1,10,1e-4,0.001,1,1e-5,5
71,5,identity,40.4,38.77791015242407,EIG,0,5,500,2,20,999,999,999,1,1,10,1e-4,0.001,1,1e-5,5
71,5,identity,31.85,33.87480821464451,EIG,0,5,500,2,20,999,999,999,1,1,10,1e-4,0.001,1,1e-5,5
71,5,identity,25.55,26.280821504423496,EIG,0,5,500,2,20,999,999,999,1,1,10,1e-4,0.001,1,1e-5,5
71,5,identity,30.9,33.40642862809807,EIG,0,5,500,2,20,999,999,999,1,1,10,1e-4,0.001,1,1e-5,5
55,5,identity,21.4,24.00306997908919,EIG,0,5,500,2,20,999,999,999,1,1,1,1e-4,0.001,0.5,1e-5,5
55,5,identity,52.8,52.79812596355251,EIG,0,5,500,2,20,999,999,999,1,1,1,1e-4,0.001,0.5,1e-5,5
55,5,identity,27.75,33.12476415010377,EIG,0,5,500,2,20,999,999,999,1,1,1,1e-4,0.001,0.5,1e-5,5
55,5,identity,31.9,43.842901363846806,EIG,0,5,500,2,20,999,999,999,1,1,1,1e-4,0.001,0.5,1e-5,5
55,5,identity,26.8,25.29114677635551,EIG,0,5,500,2,20,999,999,999,1,1,1,1e-4,0.001,0.5,1e-5,5
55,5,identity,28.45,30.304550639692447,EIG,0,5,500,2,20,999,999,999,1,1,1,1e-4,0.001,0.5,1e-5,5
55,5,identity,14.45,19.717678415707645,EIG,0,5,500,2,20,999,999,999,1,1,1,1e-4,0.001,0.5,1e-5,5
55,5,identity,27.45,32.60202609138208,EIG,0,5,500,2,20,999,999,999,1,1,1,1e-4,0.001,0.5,1e-5,5
55,5,identity,26.5,33.222535154699784,EIG,0,5,500,2,20,999,999,999,1,1,1,1e-4,0.001,0.5,1e-5,5
55,5,identity,34.25,43.00045899387832,EIG,0,5,500,2,20,999,999,999,1,1,1,1e-4,0.001,0.5,1e-5,5
71,5,identity,64.1,75.83284942972655,EIG,0,5,500,2,20,999,999,999,1,1,10,1e-4,0.001,1,1e-5,5
71,5,identity,46,56.067628337289435,EIG,0,5,500,2,20,999,999,999,1,1,10,1e-4,0.001,1,1e-5,5
71,5,identity,62.65,65.69568999721767,EIG,0,5,500,2,20,999,999,999,1,1,10,1e-4,0.001,1,1e-5,5
71,5,identity,59.1,70.88010633234272,EIG,0,5,500,2,20,999,999,999,1,1,10,1e-4,0.001,1,1e-5,5
71,5,identity,43.1,37.65480328625176,EIG,0,5,500,2,20,999,999,999,1,1,10,1e-4,0.001,1,1e-5,5
55,5,identity,56.05,75.52098000590716,EIG,0,5,500,2,20,999,999,999,1,1,1,1e-4,0.001,0.5,1e-5,5
55,5,identity,47.9,48.31138037444398,EIG,0,5,500,2,20,999,999,999,1,1,1,1e-4,0.001,0.5,1e-5,5
55,5,identity,33.9,47.06199718400578,EIG,0,5,500,2,20,999,999,999,1,1,1,1e-4,0.001,0.5,1e-5,5
55,5,identity,36.9,42.19865300918352,EIG,0,5,500,2,20,999,999,999,1,1,1,1e-4,0.001,0.5,1e-5,5
55,5,identity,60.05,57.4891065195925,EIG,0,5,500,2,20,999,999,999,1,1,1,1e-4,0.001,0.5,1e-5,5
55,5,identity,31.5,44.23323351698834,EIG,0,5,500,2,20,999,999,999,1,1,1,1e-4,0.001,0.5,1e-5,5
55,5,identity,33.85,35.0492510618986,EIG,0,5,500,2,20,999,999,999,1,1,1,1e-4,0.001,0.5,1e-5,5
55,5,identity,23.2,28.13800576482016,EIG,0,5,500,2,20,999,999,999,1,1,1,1e-4,0.001,0.5,1e-5,5
55,5,identity,33.1,40.27393044742729,EIG,0,5,500,2,20,999,999,999,1,1,1,1e-4,0.001,0.5,1e-5,5
55,5,identity,37.6,64.65975727240487,EIG,0,5,500,2,20,999,999,999,1,1,1,1e-4,0.001,0.5,1e-5,5
71,5,identity,40.15,47.84214724102148,EIG,0,5,500,2,20,999,999,999,1,1,10,1e-4,0.001,1,1e-5,5
71,5,identity,52.2,49.92689392343675,EIG,0,5,500,2,20,999,999,999,1,1,10,1e-4,0.001,1,1e-5,5
71,5,identity,35.15,44.46675280772318,EIG,0,5,500,2,20,999,999,999,1,1,10,1e-4,0.001,1,1e-5,5
71,5,identity,26.2,30.565890862373475,EIG,0,5,500,2,20,999,999,999,1,1,10,1e-4,0.001,1,1e-5,5
71,5,identity,49.9,61.2165268362616,EIG,0,5,500,2,20,999,999,999,1,1,10,1e-4,0.001,1,1e-5,5
71,5,identity,21.8,19.677933139219142,EIG,0,5,500,2,20,999,999,999,1,1,10,1e-4,0.001,1,1e-5,5
71,5,identity,22.5,25.08826523758825,EIG,0,5,500,2,20,999,999,999,1,1,10,1e-4,0.001,1,1e-5,5
71,5,identity,31.35,37.91163548652521,EIG,0,5,500,2,20,999,999,999,1,1,10,1e-4,0.001,1,1e-5,5
71,5,identity,24.4,23.1934655044317,EIG,0,5,500,2,20,999,999,999,1,1,10,1e-4,0.001,1,1e-5,5
71,5,identity,25.45,26.759110598074816,EIG,0,5,500,2,20,999,999,999,1,1,10,1e-4,0.001,1,1e-5,5
83,5,identity,48.1,56.12851794155792,EIG,0,5,500,2,20,999,999,999,1,10,0.1,1e-4,0.001,1,1e-5,5
83,5,identity,25.05,28.903605675635543,EIG,0,5,500,2,20,999,999,999,1,10,0.1,1e-4,0.001,1,1e-5,5
83,5,identity,54.15,83.528296497591,EIG,0,5,500,2,20,999,999,999,1,10,0.1,1e-4,0.001,1,1e-5,5
83,5,identity,52.05,50.271342678874625,EIG,0,5,500,2,20,999,999,999,1,10,0.1,1e-4,0.001,1,1e-5,5
83,5,identity,55.05,60.49399709236055,EIG,0,5,500,2,20,999,999,999,1,10,0.1,1e-4,0.001,1,1e-5,5
71,5,identity,24.3,32.01825137406213,EIG,0,5,500,2,20,999,999,999,1,1,10,1e-4,0.001,1,1e-5,5
71,5,identity,68.65,44.09711173260551,EIG,0,5,500,2,20,999,999,999,1,1,10,1e-4,0.001,1,1e-5,5
71,5,identity,55.45,42.414589098811895,EIG,0,5,500,2,20,999,999,999,1,1,10,1e-4,0.001,1,1e-5,5
71,5,identity,24.95,28.206895386915967,EIG,0,5,500,2,20,999,999,999,1,1,10,1e-4,0.001,1,1e-5,5
71,5,identity,45.2,56.964069931474306,EIG,0,5,500,2,20,999,999,999,1,1,10,1e-4,0.001,1,1e-5,5
71,5,identity,30.7,38.311878053679386,EIG,0,5,500,2,20,999,999,999,1,1,10,1e-4,0.001,1,1e-5,5
71,5,identity,34.3,52.77768667274377,EIG,0,5,500,2,20,999,999,999,1,1,10,1e-4,0.001,1,1e-5,5
71,5,identity,46.05,50.1738818615087,EIG,0,5,500,2,20,999,999,999,1,1,10,1e-4,0.001,1,1e-5,5
71,5,identity,44.75,38.748684188186175,EIG,0,5,500,2,20,999,999,999,1,1,10,1e-4,0.001,1,1e-5,5
71,5,identity,21.65,24.55557606307524,EIG,0,5,500,2,20,999,999,999,1,1,10,1e-4,0.001,1,1e-5,5
83,5,identity,56.75,66.82803934057368,EIG,0,5,500,2,20,999,999,999,1,10,0.1,1e-4,0.001,1,1e-5,5
83,5,identity,43.5,44.70193684724117,EIG,0,5,500,2,20,999,999,999,1,10,0.1,1e-4,0.001,1,1e-5,5
83,5,identity,50.05,60.47833452872542,EIG,0,5,500,2,20,999,999,999,1,10,0.1,1e-4,0.001,1,1e-5,5
83,5,identity,44.55,49.522429793292446,EIG,0,5,500,2,20,999,999,999,1,10,0.1,1e-4,0.001,1,1e-5,5
83,5,identity,39.95,43.53761229340128,EIG,0,5,500,2,20,999,999,999,1,10,0.1,1e-4,0.001,1,1e-5,5
55,5,identity,33.25,73.48531897776016,EIG,0,5,500,2,20,999,999,999,1,1,1,1e-4,0.001,0.5,1e-5,5
55,5,identity,50.95,70.2675151418529,EIG,0,5,500,2,20,999,999,999,1,1,1,1e-4,0.001,0.5,1e-5,5
55,5,identity,56.95,68.69802341445227,EIG,0,5,500,2,20,999,999,999,1,1,1,1e-4,0.001,0.5,1e-5,5
55,5,identity,44.95,64.66388807559156,EIG,0,5,500,2,20,999,999,999,1,1,1,1e-4,0.001,0.5,1e-5,5
55,5,identity,32.5,44.091412220283296,EIG,0,5,500,2,20,999,999,999,1,1,1,1e-4,0.001,0.5,1e-5,5
55,5,identity,43.3,52.47365253654748,EIG,0,5,500,2,20,999,999,999,1,1,1,1e-4,0.001,0.5,1e-5,5
55,5,identity,72.65,90.33695694162871,EIG,0,5,500,2,20,999,999,999,1,1,1,1e-4,0.001,0.5,1e-5,5
55,5,identity,43.65,46.35364631089759,EIG,0,5,500,2,20,999,999,999,1,1,1,1e-4,0.001,0.5,1e-5,5
55,5,identity,48.9,62.108478953317935,EIG,0,5,500,2,20,999,999,999,1,1,1,1e-4,0.001,0.5,1e-5,5
55,5,identity,47.95,63.914807608088346,EIG,0,5,500,2,20,999,999,999,1,1,1,1e-4,0.001,0.5,1e-5,5
55,5,identity,26.05,40.498830392468065,EIG,0,5,500,2,20,999,999,999,1,1,1,1e-4,0.001,0.5,1e-5,5
55,5,identity,47.1,58.81451664700692,EIG,0,5,500,2,20,999,999,999,1,1,1,1e-4,0.001,0.5,1e-5,5
55,5,identity,28.45,25.128040533488313,EIG,0,5,500,2,20,999,999,999,1,1,1,1e-4,0.001,0.5,1e-5,5
55,5,identity,31.1,32.81350812987653,EIG,0,5,500,2,20,999,999,999,1,1,1,1e-4,0.001,0.5,1e-5,5
55,5,identity,26.4,25.286568100788003,EIG,0,5,500,2,20,999,999,999,1,1,1,1e-4,0.001,0.5,1e-5,5
55,5,identity,68.15,73.97672108952852,EIG,0,5,500,2,20,999,999,999,1,1,1,1e-4,0.001,0.5,1e-5,5
55,5,identity,35.35,30.009252959010738,EIG,0,5,500,2,20,999,999,999,1,1,1,1e-4,0.001,0.5,1e-5,5
55,5,identity,39.7,36.88973612780318,EIG,0,5,500,2,20,999,999,999,1,1,1,1e-4,0.001,0.5,1e-5,5
55,5,identity,28.65,46.902221920210046,EIG,0,5,500,2,20,999,999,999,1,1,1,1e-4,0.001,0.5,1e-5,5
55,5,identity,20.7,22.576419929698893,EIG,0,5,500,2,20,999,999,999,1,1,1,1e-4,0.001,0.5,1e-5,5
55,5,identity,19.15,33.66127714373548,EIG,0,5,500,2,20,999,999,999,1,1,1,1e-4,0.001,0.5,1e-5,5
55,5,identity,22.85,23.322171515759987,EIG,0,5,500,2,20,999,999,999,1,1,1,1e-4,0.001,0.5,1e-5,5
55,5,identity,26.3,28.565897960956686,EIG,0,5,500,2,20,999,999,999,1,1,1,1e-4,0.001,0.5,1e-5,5
55,5,identity,23.2,21.739123112126915,EIG,0,5,500,2,20,999,999,999,1,1,1,1e-4,0.001,0.5,1e-5,5
55,5,identity,43.65,42.57287869054664,EIG,0,5,500,2,20,999,999,999,1,1,1,1e-4,0.001,0.5,1e-5,5
71,5,identity,44.05,45.79758095197421,EIG,0,5,500,2,20,999,999,999,1,1,10,1e-4,0.001,1,1e-5,5
71,5,identity,33.8,32.2369516646903,EIG,0,5,500,2,20,999,999,999,1,1,10,1e-4,0.001,1,1e-5,5
71,5,identity,36.85,28.74621256517292,EIG,0,5,500,2,20,999,999,999,1,1,10,1e-4,0.001,1,1e-5,5
71,5,identity,42.3,43.23144567021605,EIG,0,5,500,2,20,999,999,999,1,1,10,1e-4,0.001,1,1e-5,5
71,5,identity,52.85,60.804496890487165,EIG,0,5,500,2,20,999,999,999,1,1,10,1e-4,0.001,1,1e-5,5
71,5,identity,73.75,54.33218974148993,EIG,0,5,500,2,20,999,999,999,1,1,10,1e-4,0.001,1,1e-5,5
71,5,identity,51.5,43.02324952859791,EIG,0,5,500,2,20,999,999,999,1,1,10,1e-4,0.001,1,1e-5,5
71,5,identity,63,47.44525931617349,EIG,0,5,500,2,20,999,999,999,1,1,10,1e-4,0.001,1,1e-5,5
71,5,identity,57.2,46.451559375558674,EIG,0,5,500,2,20,999,999,999,1,1,10,1e-4,0.001,1,1e-5,5
71,5,identity,44.65,37.443677001176326,EIG,0,5,500,2,20,999,999,999,1,1,10,1e-4,0.001,1,1e-5,5
83,5,identity,35.25,34.01992450253079,EIG,0,5,500,2,20,999,999,999,1,10,0.1,1e-4,0.001,1,1e-5,5
83,5,identity,57.2,40.89344304666124,EIG,0,5,500,2,20,999,999,999,1,10,0.1,1e-4,0.001,1,1e-5,5
83,5,identity,52.8,52.37476290613337,EIG,0,5,500,2,20,999,999,999,1,10,0.1,1e-4,0.001,1,1e-5,5
83,5,identity,68,48.88331972532575,EIG,0,5,500,2,20,999,999,999,1,10,0.1,1e-4,0.001,1,1e-5,5
83,5,identity,60,53.26300187204109,EIG,0,5,500,2,20,999,999,999,1,10,0.1,1e-4,0.001,1,1e-5,5
55,5,identity,29.35,41.58728930309052,EIG,0,5,500,2,20,999,999,999,1,1,1,1e-4,0.001,0.5,1e-5,5
55,5,identity,42.6,45.45257794784872,EIG,0,5,500,2,20,999,999,999,1,1,1,1e-4,0.001,0.5,1e-5,5
55,5,identity,31.6,32.11394188133706,EIG,0,5,500,2,20,999,999,999,1,1,1,1e-4,0.001,0.5,1e-5,5
55,5,identity,34.4,44.91793686971363,EIG,0,5,500,2,20,999,999,999,1,1,1,1e-4,0.001,0.5,1e-5,5
55,5,identity,41.05,48.442559582946984,EIG,0,5,500,2,20,999,999,999,1,1,1,1e-4,0.001,0.5,1e-5,5
55,5,identity,32.8,37.42585652783521,EIG,0,5,500,2,20,999,999,999,1,1,1,1e-4,0.001,0.5,1e-5,5
55,5,identity,42.8,35.95260037444038,EIG,0,5,500,2,20,999,999,999,1,1,1,1e-4,0.001,0.5,1e-5,5
55,5,identity,44.75,38.07039877855096,EIG,0,5,500,2,20,999,999,999,1,1,1,1e-4,0.001,0.5,1e-5,5
55,5,identity,26.25,30.1467900010668,EIG,0,5,500,2,20,999,999,999,1,1,1,1e-4,0.001,0.5,1e-5,5
55,5,identity,36.75,37.63379640135908,EIG,0,5,500,2,20,999,999,999,1,1,1,1e-4,0.001,0.5,1e-5,5
71,5,identity,29,39.32723711306667,EIG,0,5,500,2,20,999,999,999,1,1,10,1e-4,0.001,1,1e-5,5
71,5,identity,27.3,34.360473006976456,EIG,0,5,500,2,20,999,999,999,1,1,10,1e-4,0.001,1,1e-5,5
71,5,identity,19,28.488224714229226,EIG,0,5,500,2,20,999,999,999,1,1,10,1e-4,0.001,1,1e-5,5
71,5,identity,33.75,37.50491195900386,EIG,0,5,500,2,20,999,999,999,1,1,10,1e-4,0.001,1,1e-5,5
71,5,identity,31.5,40.73340798798683,EIG,0,5,500,2,20,999,999,999,1,1,10,1e-4,0.001,1,1e-5,5
55,5,identity,57.2,77.22462110792877,EIG,0,5,500,2,20,999,999,999,1,1,1,1e-4,0.001,0.5,1e-5,5
55,5,identity,19.2,28.67347940262276,EIG,0,5,500,2,20,999,999,999,1,1,1,1e-4,0.001,0.5,1e-5,5
55,5,identity,13.55,20.656272145461497,EIG,0,5,500,2,20,999,999,999,1,1,1,1e-4,0.001,0.5,1e-5,5
55,5,identity,38.5,62.4166813060672,EIG,0,5,500,2,20,999,999,999,1,1,1,1e-4,0.001,0.5,1e-5,5
55,5,identity,27.2,44.80437008760829,EIG,0,5,500,2,20,999,999,999,1,1,1,1e-4,0.001,0.5,1e-5,5
55,5,identity,33.2,43.053944131323874,EIG,0,5,500,2,20,999,999,999,1,1,1,1e-4,0.001,0.5,1e-5,5
55,5,identity,36.9,81.36008332035273,EIG,0,5,500,2,20,999,999,999,1,1,1,1e-4,0.001,0.5,1e-5,5
55,5,identity,26.75,34.237368012466334,EIG,0,5,500,2,20,999,999,999,1,1,1,1e-4,0.001,0.5,1e-5,5
55,5,identity,22.4,33.12718711746877,EIG,0,5,500,2,20,999,999,999,1,1,1,1e-4,0.001,0.5,1e-5,5
55,5,identity,22.25,25.62251271625671,EIG,0,5,500,2,20,999,999,999,1,1,1,1e-4,0.001,0.5,1e-5,5
55,5,identity,29.6,50.23355976153581,EIG,0,5,500,2,20,999,999,999,1,1,1,1e-4,0.001,0.5,1e-5,5
55,5,identity,13.3,18.218267292964356,EIG,0,5,500,2,20,999,999,999,1,1,1,1e-4,0.001,0.5,1e-5,5
55,5,identity,33.35,58.56375293553801,EIG,0,5,500,2,20,999,999,999,1,1,1,1e-4,0.001,0.5,1e-5,5
55,5,identity,34,44.485361282348286,EIG,0,5,500,2,20,999,999,999,1,1,1,1e-4,0.001,0.5,1e-5,5
55,5,identity,33.9,50.024099455320425,EIG,0,5,500,2,20,999,999,999,1,1,1,1e-4,0.001,0.5,1e-5,5
71,5,identity,37.2,48.42965598625876,EIG,0,5,500,2,20,999,999,999,1,1,10,1e-4,0.001,1,1e-5,5
71,5,identity,38.55,46.68875104009756,EIG,0,5,500,2,20,999,999,999,1,1,10,1e-4,0.001,1,1e-5,5
71,5,identity,58.3,87.20701323801163,EIG,0,5,500,2,20,999,999,999,1,1,10,1e-4,0.001,1,1e-5,5
71,5,identity,49.3,43.47304064771516,EIG,0,5,500,2,20,999,999,999,1,1,10,1e-4,0.001,1,1e-5,5
71,5,identity,20.25,15.545772821946771,EIG,0,5,500,2,20,999,999,999,1,1,10,1e-4,0.001,1,1e-5,5
71,5,identity,23.2,21.5811808856942,EIG,0,5,500,2,20,999,999,999,1,1,10,1e-4,0.001,1,1e-5,5
71,5,identity,28.85,32.96134099213805,EIG,0,5,500,2,20,999,999,999,1,1,10,1e-4,0.001,1,1e-5,5
71,5,identity,31.05,39.47880843933203,EIG,0,5,500,2,20,999,999,999,1,1,10,1e-4,0.001,1,1e-5,5
71,5,identity,37.7,31.375652645759715,EIG,0,5,500,2,20,999,999,999,1,1,10,1e-4,0.001,1,1e-5,5
71,5,identity,41.65,41.69219919462405,EIG,0,5,500,2,20,999,999,999,1,1,10,1e-4,0.001,1,1e-5,5
83,5,identity,32.25,35.55703350363957,EIG,0,5,500,2,20,999,999,999,1,10,0.1,1e-4,0.001,1,1e-5,5
83,5,identity,25.75,37.84160200236327,EIG,0,5,500,2,20,999,999,999,1,10,0.1,1e-4,0.001,1,1e-5,5
83,5,identity,25.05,34.71155578857217,EIG,0,5,500,2,20,999,999,999,1,10,0.1,1e-4,0.001,1,1e-5,5
83,5,identity,31.4,36.35555412573812,EIG,0,5,500,2,20,999,999,999,1,10,0.1,1e-4,0.001,1,1e-5,5
83,5,identity,47.45,53.75624810686025,EIG,0,5,500,2,20,999,999,999,1,10,0.1,1e-4,0.001,1,1e-5,5
83,5,identity,28.5,25.365745654949293,EIG,0,5,500,2,20,999,999,999,1,10,0.1,1e-4,0.001,1,1e-5,5
83,5,identity,22.55,23.908762982814924,EIG,0,5,500,2,20,999,999,999,1,10,0.1,1e-4,0.001,1,1e-5,5
83,5,identity,24.05,24.284443796931313,EIG,0,5,500,2,20,999,999,999,1,10,0.1,1e-4,0.001,1,1e-5,5
83,5,identity,22.05,26.933592798819685,EIG,0,5,500,2,20,999,999,999,1,10,0.1,1e-4,0.001,1,1e-5,5
83,5,identity,39.5,40.59751094262852,EIG,0,5,500,2,20,999,999,999,1,10,0.1,1e-4,0.001,1,1e-5,5
71,5,identity,23.3,30.044002816921015,EIG,0,5,500,2,20,999,999,999,1,1,10,1e-4,0.001,1,1e-5,5
71,5,identity,26.85,27.43082208028042,EIG,0,5,500,2,20,999,999,999,1,1,10,1e-4,0.001,1,1e-5,5
71,5,identity,42.05,50.04153537970128,EIG,0,5,500,2,20,999,999,999,1,1,10,1e-4,0.001,1,1e-5,5
71,5,identity,38.8,36.72744563889374,EIG,0,5,500,2,20,999,999,999,1,1,10,1e-4,0.001,1,1e-5,5
71,5,identity,43.1,42.10750651918441,EIG,0,5,500,2,20,999,999,999,1,1,10,1e-4,0.001,1,1e-5,5
83,5,identity,25.9,29.823868929009475,EIG,0,5,500,2,20,999,999,999,1,10,0.1,1e-4,0.001,1,1e-5,5
83,5,identity,33.05,44.31166532878816,EIG,0,5,500,2,20,999,999,999,1,10,0.1,1e-4,0.001,1,1e-5,5
83,5,identity,37.35,35.179651714262924,EIG,0,5,500,2,20,999,999,999,1,10,0.1,1e-4,0.001,1,1e-5,5
83,5,identity,38.15,47.44778293306399,EIG,0,5,500,2,20,999,999,999,1,10,0.1,1e-4,0.001,1,1e-5,5
83,5,identity,34.45,46.34365340072269,EIG,0,5,500,2,20,999,999,999,1,10,0.1,1e-4,0.001,1,1e-5,5
83,5,identity,33,39.02900405973405,EIG,0,5,500,2,20,999,999,999,1,10,0.1,1e-4,0.001,1,1e-5,5
83,5,identity,32.8,39.57484581211444,EIG,0,5,500,2,20,999,999,999,1,10,0.1,1e-4,0.001,1,1e-5,5
83,5,identity,31.75,53.37639434885247,EIG,0,5,500,2,20,999,999,999,1,10,0.1,1e-4,0.001,1,1e-5,5
83,5,identity,34,44.15761244499192,EIG,0,5,500,2,20,999,999,999,1,10,0.1,1e-4,0.001,1,1e-5,5
83,5,identity,35.85,46.097465394417014,EIG,0,5,500,2,20,999,999,999,1,10,0.1,1e-4,0.001,1,1e-5,5
55,5,identity,40.45,50.28285780933383,EIG,0,5,500,2,20,999,999,999,1,1,1,1e-4,0.001,0.5,1e-5,5
55,5,identity,20.8,22.63578908208019,EIG,0,5,500,2,20,999,999,999,1,1,1,1e-4,0.001,0.5,1e-5,5
55,5,identity,33.45,50.45735562672805,EIG,0,5,500,2,20,999,999,999,1,1,1,1e-4,0.001,0.5,1e-5,5
55,5,identity,33.5,25.70992026436489,EIG,0,5,500,2,20,999,999,999,1,1,1,1e-4,0.001,0.5,1e-5,5
55,5,identity,16.5,15.83633397236275,EIG,0,5,500,2,20,999,999,999,1,1,1,1e-4,0.001,0.5,1e-5,5
83,5,identity,6.25,3.338373382667862,EIG,0,5,500,2,20,999,999,999,1,10,0.1,1e-4,0.001,1,1e-5,5
83,5,identity,11.6,13.019822943254034,EIG,0,5,500,2,20,999,999,999,1,10,0.1,1e-4,0.001,1,1e-5,5
83,5,identity,11.65,11.352138680952542,EIG,0,5,500,2,20,999,999,999,1,10,0.1,1e-4,0.001,1,1e-5,5
83,5,identity,8.5,14.277328365739786,EIG,0,5,500,2,20,999,999,999,1,10,0.1,1e-4,0.001,1,1e-5,5
83,5,identity,20.1,43.100738789613885,EIG,0,5,500,2,20,999,999,999,1,10,0.1,1e-4,0.001,1,1e-5,5
83,5,identity,10.4,17.658753606848034,EIG,0,5,500,2,20,999,999,999,1,10,0.1,1e-4,0.001,1,1e-5,5
83,5,identity,8.35,4.793361637668671,EIG,0,5,500,2,20,999,999,999,1,10,0.1,1e-4,0.001,1,1e-5,5
83,5,identity,19.2,33.5803827444411,EIG,0,5,500,2,20,999,999,999,1,10,0.1,1e-4,0.001,1,1e-5,5
83,5,identity,12.85,34.009712235121754,EIG,0,5,500,2,20,999,999,999,1,10,0.1,1e-4,0.001,1,1e-5,5
83,5,identity,7.4,6.159289090898653,EIG,0,5,500,2,20,999,999,999,1,10,0.1,1e-4,0.001,1,1e-5,5
83,5,identity,13.9,30.336533472990865,EIG,0,5,500,2,20,999,999,999,1,10,0.1,1e-4,0.001,1,1e-5,5
83,5,identity,9.5,7.54983443527075,EIG,0,5,500,2,20,999,999,999,1,10,0.1,1e-4,0.001,1,1e-5,5
83,5,identity,9.05,12.75879469641483,EIG,0,5,500,2,20,999,999,999,1,10,0.1,1e-4,0.001,1,1e-5,5
83,5,identity,6.7,5.867842784820365,EIG,0,5,500,2,20,999,999,999,1,10,0.1,1e-4,0.001,1,1e-5,5
83,5,identity,6.05,3.953346350678252,EIG,0,5,500,2,20,999,999,999,1,10,0.1,1e-4,0.001,1,1e-5,5
83,5,identity,6.35,5.887319111088634,EIG,0,5,500,2,20,999,999,999,1,10,0.1,1e-4,0.001,1,1e-5,5
83,5,identity,10.75,8.515465806092866,EIG,0,5,500,2,20,999,999,999,1,10,0.1,1e-4,0.001,1,1e-5,5
83,5,identity,8.7,8.31675544023218,EIG,0,5,500,2,20,999,999,999,1,10,0.1,1e-4,0.001,1,1e-5,5
83,5,identity,15.9,27.03389685094194,EIG,0,5,500,2,20,999,999,999,1,10,0.1,1e-4,0.001,1,1e-5,5
83,5,identity,9.6,9.075125053509849,EIG,0,5,500,2,20,999,999,999,1,10,0.1,1e-4,0.001,1,1e-5,5
55,5,identity,8.7,6.681474782049087,EIG,0,5,500,2,20,999,999,999,1,1,1,1e-4,0.001,0.5,1e-5,5
55,5,identity,18.05,39.99404560944699,EIG,0,5,500,2,20,999,999,999,1,1,1,1e-4,0.001,0.5,1e-5,5
55,5,identity,17.2,26.357062371252702,EIG,0,5,500,2,20,999,999,999,1,1,1,1e-4,0.001,0.5,1e-5,5
55,5,identity,23.6,40.50652968804438,EIG,0,5,500,2,20,999,999,999,1,1,1,1e-4,0.001,0.5,1e-5,5
55,5,identity,39.9,79.48511942826981,EIG,0,5,500,2,20,999,999,999,1,1,1,1e-4,0.001,0.5,1e-5,5
71,5,identity,8.5,10.40495833219609,EIG,0,5,500,2,20,999,999,999,1,1,10,1e-4,0.001,1,1e-5,5
71,5,identity,7.15,8.29885851377037,EIG,0,5,500,2,20,999,999,999,1,1,10,1e-4,0.001,1,1e-5,5
71,5,identity,6.75,11.285178915635088,EIG,0,5,500,2,20,999,999,999,1,1,10,1e-4,0.001,1,1e-5,5
71,5,identity,8.3,8.392352408435219,EIG,0,5,500,2,20,999,999,999,1,1,10,1e-4,0.001,1,1e-5,5
71,5,identity,10.5,11.900906643922909,EIG,0,5,500,2,20,999,999,999,1,1,10,1e-4,0.001,1,1e-5,5
83,5,identity,6.65,4.659737964171038,EIG,0,5,500,2,20,999,999,999,1,10,0.1,1e-4,0.001,1,1e-5,5
83,5,identity,6.6,5.843574969233528,EIG,0,5,500,2,20,999,999,999,1,10,0.1,1e-4,0.001,1,1e-5,5
83,5,identity,4.75,4.470664615609535,EIG,0,5,500,2,20,999,999,999,1,10,0.1,1e-4,0.001,1,1e-5,5
83,5,identity,6.25,3.823404379951404,EIG,0,5,500,2,20,999,999,999,1,10,0.1,1e-4,0.001,1,1e-5,5
83,5,identity,4.35,3.674592709260084,EIG,0,5,500,2,20,999,999,999,1,10,0.1,1e-4,0.001,1,1e-5,5
55,5,identity,7.45,7.344708084199484,EIG,0,5,500,2,20,999,999,999,1,1,1,1e-4,0.001,0.5,1e-5,5
55,5,identity,7.55,4.593760069806363,EIG,0,5,500,2,20,999,999,999,1,1,1,1e-4,0.001,0.5,1e-5,5
55,5,identity,8.05,4.582288557157071,EIG,0,5,500,2,20,999,999,999,1,1,1,1e-4,0.001,0.5,1e-5,5
55,5,identity,5,4.078183290065373,EIG,0,5,500,2,20,999,999,999,1,1,1,1e-4,0.001,0.5,1e-5,5
55,5,identity,6.4,3.761298767853018,EIG,0,5,500,2,20,999,999,999,1,1,1,1e-4,0.001,0.5,1e-5,5
71,5,identity,2.65,2.412140346794021,EIG,0,5,500,2,20,999,999,999,1,1,10,1e-4,0.001,1,1e-5,5
71,5,identity,2.55,2.0384462607326044,EIG,0,5,500,2,20,999,999,999,1,1,10,1e-4,0.001,1,1e-5,5
71,5,identity,3.35,2.777257261172764,EIG,0,5,500,2,20,999,999,999,1,1,10,1e-4,0.001,1,1e-5,5
71,5,identity,2.1,1.5525869752736796,EIG,0,5,500,2,20,999,999,999,1,1,10,1e-4,0.001,1,1e-5,5
71,5,identity,2.35,2.158825216591069,EIG,0,5,500,2,20,999,999,999,1,1,10,1e-4,0.001,1,1e-5,5
71,5,identity,4.1,6.4310103978179125,EIG,0,5,500,2,20,999,999,999,1,1,10,1e-4,0.001,1,1e-5,5
71,5,identity,2.15,1.8144159564878983,EIG,0,5,500,2,20,999,999,999,1,1,10,1e-4,0.001,1,1e-5,5
71,5,identity,2.35,1.9269556026896009,EIG,0,5,500,2,20,999,999,999,1,1,10,1e-4,0.001,1,1e-5,5
71,5,identity,2.05,1.9861361590045288,EIG,0,5,500,2,20,999,999,999,1,1,10,1e-4,0.001,1,1e-5,5
71,5,identity,2.45,2.372540277512914,EIG,0,5,500,2,20,999,999,999,1,1,10,1e-4,0.001,1,1e-5,5
83,5,identity,3.75,3.446966629860002,EIG,0,5,500,2,20,999,999,999,1,10,0.1,1e-4,0.001,1,1e-5,5
83,5,identity,4.15,5.163383223797114,EIG,0,5,500,2,20,999,999,999,1,10,0.1,1e-4,0.001,1,1e-5,5
83,5,identity,2.25,1.5852942612451617,EIG,0,5,500,2,20,999,999,999,1,10,0.1,1e-4,0.001,1,1e-5,5
83,5,identity,2.6,2.3708759207472134,EIG,0,5,500,2,20,999,999,999,1,10,0.1,1e-4,0.001,1,1e-5,5
83,5,identity,3.15,2.3232237130876205,EIG,0,5,500,2,20,999,999,999,1,10,0.1,1e-4,0.001,1,1e-5,5
83,5,identity,2.65,1.8431951662948316,EIG,0,5,500,2,20,999,999,999,1,10,0.1,1e-4,0.001,1,1e-5,5
83,5,identity,3.8,2.483630619200766,EIG,0,5,500,2,20,999,999,999,1,10,0.1,1e-4,0.001,1,1e-5,5
83,5,identity,2.8,2.3973669767168793,EIG,0,5,500,2,20,999,999,999,1,10,0.1,1e-4,0.001,1,1e-5,5
83,5,identity,2.65,1.9269556026896004,EIG,0,5,500,2,20,999,999,999,1,10,0.1,1e-4,0.001,1,1e-5,5
83,5,identity,2.7,2.1299864096428314,EIG,0,5,500,2,20,999,999,999,1,10,0.1,1e-4,0.001,1,1e-5,5
55,5,identity,5.25,6.025166518773351,EIG,0,5,500,2,20,999,999,999,1,1,1,1e-4,0.001,0.5,1e-5,5
55,5,identity,4.4,4.661149621013435,EIG,0,5,500,2,20,999,999,999,1,1,1,1e-4,0.001,0.5,1e-5,5
55,5,identity,3.1,3.3857285618810087,EIG,0,5,500,2,20,999,999,999,1,1,1,1e-4,0.001,0.5,1e-5,5
55,5,identity,4.25,3.668858993718547,EIG,0,5,500,2,20,999,999,999,1,1,1,1e-4,0.001,0.5,1e-5,5
55,5,identity,2.9,2.3597502097958545,EIG,0,5,500,2,20,999,999,999,1,1,1,1e-4,0.001,0.5,1e-5,5
71,5,identity,21.75,25.25423362110744,EIG,0,5,500,2,20,999,999,999,1,1,10,1e-4,0.001,1,1e-5,5
71,5,identity,27.1,28.28780656042458,EIG,0,5,500,2,20,999,999,999,1,1,10,1e-4,0.001,1,1e-5,5
71,5,identity,20.45,20.280856931962635,EIG,0,5,500,2,20,999,999,999,1,1,10,1e-4,0.001,1,1e-5,5
71,5,identity,12.65,14.999210505539072,EIG,0,5,500,2,20,999,999,999,1,1,10,1e-4,0.001,1,1e-5,5
71,5,identity,24.6,32.11394188133706,EIG,0,5,500,2,20,999,999,999,1,1,10,1e-4,0.001,1,1e-5,5
83,5,identity,10.35,6.6115926897183295,EIG,0,5,500,2,20,999,999,999,1,10,0.1,1e-4,0.001,1,1e-5,5
83,5,identity,17.65,18.25628947138925,EIG,0,5,500,2,20,999,999,999,1,10,0.1,1e-4,0.001,1,1e-5,5
83,5,identity,18.1,18.66575812325311,EIG,0,5,500,2,20,999,999,999,1,10,0.1,1e-4,0.001,1,1e-5,5
83,5,identity,22,29.359836511806396,EIG,0,5,500,2,20,999,999,999,1,10,0.1,1e-4,0.001,1,1e-5,5
83,5,identity,27.5,29.902473053860312,EIG,0,5,500,2,20,999,999,999,1,10,0.1,1e-4,0.001,1,1e-5,5
83,5,identity,30.05,30.207135789935116,EIG,0,5,500,2,20,999,999,999,1,10,0.1,1e-4,0.001,1,1e-5,5
83,5,identity,19.95,26.870988072640724,EIG,0,5,500,2,20,999,999,999,1,10,0.1,1e-4,0.001,1,1e-5,5
83,5,identity,20.9,18.72487790698725,EIG,0,5,500,2,20,999,999,999,1,10,0.1,1e-4,0.001,1,1e-5,5
83,5,identity,13.8,13.809226511362075,EIG,0,5,500,2,20,999,999,999,1,10,0.1,1e-4,0.001,1,1e-5,5
83,5,identity,15.5,15.975309897331869,EIG,0,5,500,2,20,999,999,999,1,10,0.1,1e-4,0.001,1,1e-5,5
83,5,identity,15.15,17.84811651569696,EIG,0,5,500,2,20,999,999,999,1,10,0.1,1e-4,0.001,1,1e-5,5
83,5,identity,17.7,20.31359410008869,EIG,0,5,500,2,20,999,999,999,1,10,0.1,1e-4,0.001,1,1e-5,5
83,5,identity,19.75,21.33658829335187,EIG,0,5,500,2,20,999,999,999,1,10,0.1,1e-4,0.001,1,1e-5,5
83,5,identity,17.05,30.248923425818855,EIG,0,5,500,2,20,999,999,999,1,10,0.1,1e-4,0.001,1,1e-5,5
83,5,identity,19.55,20.704626993678698,EIG,0,5,500,2,20,999,999,999,1,10,0.1,1e-4,0.001,1,1e-5,5
55,5,identity,22.1,26.985181118532445,EIG,0,5,500,2,20,999,999,999,1,1,1,1e-4,0.001,0.5,1e-5,5
55,5,identity,32.15,30.060071435990334,EIG,0,5,500,2,20,999,999,999,1,1,1,1e-4,0.001,0.5,1e-5,5
55,5,identity,32.45,31.744829666046662,EIG,0,5,500,2,20,999,999,999,1,1,1,1e-4,0.001,0.5,1e-5,5
55,5,identity,22.25,25.81691611898557,EIG,0,5,500,2,20,999,999,999,1,1,1,1e-4,0.001,0.5,1e-5,5
55,5,identity,43,59.138552747362965,EIG,0,5,500,2,20,999,999,999,1,1,1,1e-4,0.001,0.5,1e-5,5
71,5,identity,7.35,6.2008063991709985,EIG,0,5,500,2,20,999,999,999,1,1,10,1e-4,0.001,1,1e-5,5
71,5,identity,12.7,11.060122774611214,EIG,0,5,500,2,20,999,999,999,1,1,10,1e-4,0.001,1,1e-5,5
71,5,identity,6.15,5.833433583098469,EIG,0,5,500,2,20,999,999,999,1,1,10,1e-4,0.001,1,1e-5,5
71,5,identity,9.3,9.03268917234566,EIG,0,5,500,2,20,999,999,999,1,1,10,1e-4,0.001,1,1e-5,5
71,5,identity,7.1,5.5526191069952215,EIG,0,5,500,2,20,999,999,999,1,1,10,1e-4,0.001,1,1e-5,5
71,5,identity,28.6,37.31290167728781,EIG,0,5,500,2,20,999,999,999,1,1,10,1e-4,0.001,1,1e-5,5
71,5,identity,20.85,21.084479200537416,EIG,0,5,500,2,20,999,999,999,1,1,10,1e-4,0.001,1,1e-5,5
71,5,identity,33.45,38.75900574467551,EIG,0,5,500,2,20,999,999,999,1,1,10,1e-4,0.001,1,1e-5,5
71,5,identity,29.7,28.090268028175466,EIG,0,5,500,2,20,999,999,999,1,1,10,1e-4,0.001,1,1e-5,5
71,5,identity,17.45,13.076596209298986,EIG,0,5,500,2,20,999,999,999,1,1,10,1e-4,0.001,1,1e-5,5
83,5,identity,20.55,25.754866683691784,EIG,0,5,500,2,20,999,999,999,1,10,0.1,1e-4,0.001,1,1e-5,5
83,5,identity,21.6,22.914945708905904,EIG,0,5,500,2,20,999,999,999,1,10,0.1,1e-4,0.001,1,1e-5,5
83,5,identity,29.9,34.05398191416866,EIG,0,5,500,2,20,999,999,999,1,10,0.1,1e-4,0.001,1,1e-5,5
83,5,identity,25.95,26.68426502641585,EIG,0,5,500,2,20,999,999,999,1,10,0.1,1e-4,0.001,1,1e-5,5
83,5,identity,44.95,42.399695877757374,EIG,0,5,500,2,20,999,999,999,1,10,0.1,1e-4,0.001,1,1e-5,5
71,6,background,30.7,35.60174448712191,EIG,0,5,500,2,20,999,999,999,1,1,10,1e-4,0.001,1,1e-5,5
71,6,background,45.3,29.87183147698637,EIG,0,5,500,2,20,999,999,999,1,1,10,1e-4,0.001,1,1e-5,5
71,6,background,40.25,30.487055061382847,EIG,0,5,500,2,20,999,999,999,1,1,10,1e-4,0.001,1,1e-5,5
71,6,background,29.5,36.24260360114148,EIG,0,5,500,2,20,999,999,999,1,1,10,1e-4,0.001,1,1e-5,5
71,6,background,32.25,25.710687927089985,EIG,0,5,500,2,20,999,999,999,1,1,10,1e-4,0.001,1,1e-5,5
55,6,background,44.3,45.2212106730552,EIG,0,5,500,2,20,999,999,999,1,1,1,1e-4,0.001,0.5,1e-5,5
55,6,background,49.55,62.42677816113009,EIG,0,5,500,2,20,999,999,999,1,1,1,1e-4,0.001,0.5,1e-5,5
55,6,background,42.4,48.03441748536037,EIG,0,5,500,2,20,999,999,999,1,1,1,1e-4,0.001,0.5,1e-5,5
55,6,background,52.75,88.62569129713312,EIG,0,5,500,2,20,999,999,999,1,1,1,1e-4,0.001,0.5,1e-5,5
55,6,background,53.95,48.749062069249895,EIG,0,5,500,2,20,999,999,999,1,1,1,1e-4,0.001,0.5,1e-5,5
83,6,background,41.85,36.998257426959704,EIG,0,5,500,2,20,999,999,999,1,10,0.1,1e-4,0.001,1,1e-5,5
83,6,background,52.15,46.23882510800227,EIG,0,5,500,2,20,999,999,999,1,10,0.1,1e-4,0.001,1,1e-5,5
83,6,background,35.4,25.23447933618645,EIG,0,5,500,2,20,999,999,999,1,10,0.1,1e-4,0.001,1,1e-5,5
83,6,background,44.8,36.23112938954712,EIG,0,5,500,2,20,999,999,999,1,10,0.1,1e-4,0.001,1,1e-5,5
83,6,background,58.55,40.306033243045306,EIG,0,5,500,2,20,999,999,999,1,10,0.1,1e-4,0.001,1,1e-5,5
71,6,background,27.35,27.3404943550578,EIG,0,5,500,2,20,999,999,999,1,1,10,1e-4,0.001,1,1e-5,5
71,6,background,30.3,38.914345886696765,EIG,0,5,500,2,20,999,999,999,1,1,10,1e-4,0.001,1,1e-5,5
71,6,background,36.55,32.840083018037255,EIG,0,5,500,2,20,999,999,999,1,1,10,1e-4,0.001,1,1e-5,5
71,6,background,37,39.88932055997999,EIG,0,5,500,2,20,999,999,999,1,1,10,1e-4,0.001,1,1e-5,5
71,6,background,28.25,22.023611731144612,EIG,0,5,500,2,20,999,999,999,1,1,10,1e-4,0.001,1,1e-5,5
55,6,background,27.35,40.95347167341571,EIG,0,5,500,2,20,999,999,999,1,1,1,1e-4,0.001,0.5,1e-5,5
55,6,background,26.35,52.85658351665034,EIG,0,5,500,2,20,999,999,999,1,1,1,1e-4,0.001,0.5,1e-5,5
55,6,background,20,33.20748171881245,EIG,0,5,500,2,20,999,999,999,1,1,1,1e-4,0.001,0.5,1e-5,5
55,6,background,38.4,52.2840420456527,EIG,0,5,500,2,20,999,999,999,1,1,1,1e-4,0.001,0.5,1e-5,5
55,6,background,38.7,45.63943354969299,EIG,0,5,500,2,20,999,999,999,1,1,1,1e-4,0.001,0.5,1e-5,5
55,6,background,38.4,51.31676652241243,EIG,0,5,500,2,20,999,999,999,1,1,1,1e-4,0.001,0.5,1e-5,5
55,6,background,28.5,29.13218513133397,EIG,0,5,500,2,20,999,999,999,1,1,1,1e-4,0.001,0.5,1e-5,5
55,6,background,28.8,39.63597515283041,EIG,0,5,500,2,20,999,999,999,1,1,1,1e-4,0.001,0.5,1e-5,5
55,6,background,31.25,46.068455927879185,EIG,0,5,500,2,20,999,999,999,1,1,1,1e-4,0.001,0.5,1e-5,5
55,6,background,42.3,54.946960071077925,EIG,0,5,500,2,20,999,999,999,1,1,1,1e-4,0.001,0.5,1e-5,5
71,6,background,37.2,44.67614458228063,EIG,0,5,500,2,20,999,999,999,1,1,10,1e-4,0.001,1,1e-5,5
71,6,background,27,27.834094957538376,EIG,0,5,500,2,20,999,999,999,1,1,10,1e-4,0.001,1,1e-5,5
71,6,background,28.7,26.314094682268067,EIG,0,5,500,2,20,999,999,999,1,1,10,1e-4,0.001,1,1e-5,5
71,6,background,27.55,22.607579073818304,EIG,0,5,500,2,20,999,999,999,1,1,10,1e-4,0.001,1,1e-5,5
71,6,background,40.4,50.96169872406242,EIG,0,5,500,2,20,999,999,999,1,1,10,1e-4,0.001,1,1e-5,5
55,6,background,34.45,37.52258968730843,EIG,0,5,500,2,20,999,999,999,1,1,1,1e-4,0.001,0.5,1e-5,5
55,6,background,39.55,45.638712791479534,EIG,0,5,500,2,20,999,999,999,1,1,1,1e-4,0.001,0.5,1e-5,5
55,6,background,27.2,32.201013387126416,EIG,0,5,500,2,20,999,999,999,1,1,1,1e-4,0.001,0.5,1e-5,5
55,6,background,23.55,21.619861726029416,EIG,0,5,500,2,20,999,999,999,1,1,1,1e-4,0.001,0.5,1e-5,5
83,6,background,45.35,50.80331008693699,EIG,0,5,500,2,20,999,999,999,1,10,0.1,1e-4,0.001,1,1e-5,5
55,6,background,56.6,86.7758152094416,EIG,0,5,500,2,20,999,999,999,1,1,1,1e-4,0.001,0.5,1e-5,5
83,6,background,55.6,37.22251723720045,EIG,0,5,500,2,20,999,999,999,1,10,0.1,1e-4,0.001,1,1e-5,5
83,6,background,65.65,71.27062951580369,EIG,0,5,500,2,20,999,999,999,1,10,0.1,1e-4,0.001,1,1e-5,5
83,6,background,52.85,43.251133237359106,EIG,0,5,500,2,20,999,999,999,1,10,0.1,1e-4,0.001,1,1e-5,5
83,6,background,47.65,37.620368223386095,EIG,0,5,500,2,20,999,999,999,1,10,0.1,1e-4,0.001,1,1e-5,5
83,6,background,36.75,42.82384357980223,EIG,0,5,500,2,20,999,999,999,1,10,0.1,1e-4,0.001,1,1e-5,5
83,6,background,39.45,23.329391897685404,EIG,0,5,500,2,20,999,999,999,1,10,0.1,1e-4,0.001,1,1e-5,5
83,6,background,53.45,44.60643687323967,EIG,0,5,500,2,20,999,999,999,1,10,0.1,1e-4,0.001,1,1e-5,5
83,6,background,56.3,62.29817941075595,EIG,0,5,500,2,20,999,999,999,1,10,0.1,1e-4,0.001,1,1e-5,5
83,6,background,45.4,35.874635519879654,EIG,0,5,500,2,20,999,999,999,1,10,0.1,1e-4,0.001,1,1e-5,5
71,6,background,25.15,25.167387000263908,EIG,0,5,500,2,20,999,999,999,1,1,10,1e-4,0.001,1,1e-5,5
71,6,background,48.55,36.22949510812252,EIG,0,5,500,2,20,999,999,999,1,1,10,1e-4,0.001,1,1e-5,5
71,6,background,44.45,33.0015549872873,EIG,0,5,500,2,20,999,999,999,1,1,10,1e-4,0.001,1,1e-5,5
71,6,background,22.35,23.16139028642279,EIG,0,5,500,2,20,999,999,999,1,1,10,1e-4,0.001,1,1e-5,5
71,6,background,38.8,29.832162086192184,EIG,0,5,500,2,20,999,999,999,1,1,10,1e-4,0.001,1,1e-5,5
83,6,background,47.85,63.14834247939322,EIG,0,5,500,2,20,999,999,999,1,10,0.1,1e-4,0.001,1,1e-5,5
83,6,background,28.7,31.95572595095645,EIG,0,5,500,2,20,999,999,999,1,10,0.1,1e-4,0.001,1,1e-5,5
83,6,background,41.65,38.750585734113,EIG,0,5,500,2,20,999,999,999,1,10,0.1,1e-4,0.001,1,1e-5,5
83,6,background,56.4,47.08715323737464,EIG,0,5,500,2,20,999,999,999,1,10,0.1,1e-4,0.001,1,1e-5,5
83,6,background,23.6,26.01902138213908,EIG,0,5,500,2,20,999,999,999,1,10,0.1,1e-4,0.001,1,1e-5,5
71,6,background,29.7,24.76861341549655,EIG,0,5,500,2,20,999,999,999,1,1,10,1e-4,0.001,1,1e-5,5
71,6,background,50.7,35.929902514992186,EIG,0,5,500,2,20,999,999,999,1,1,10,1e-4,0.001,1,1e-5,5
71,6,background,54.9,33.768406286911066,EIG,0,5,500,2,20,999,999,999,1,1,10,1e-4,0.001,1,1e-5,5
71,6,background,38.25,37.544184496053234,EIG,0,5,500,2,20,999,999,999,1,1,10,1e-4,0.001,1,1e-5,5
71,6,background,40.45,43.423829257314715,EIG,0,5,500,2,20,999,999,999,1,1,10,1e-4,0.001,1,1e-5,5
71,6,background,48.25,37.62400549481254,EIG,0,5,500,2,20,999,999,999,1,1,10,1e-4,0.001,1,1e-5,5
71,6,background,55.25,59.92264750668587,EIG,0,5,500,2,20,999,999,999,1,1,10,1e-4,0.001,1,1e-5,5
71,6,background,44.9,23.728508281456673,EIG,0,5,500,2,20,999,999,999,1,1,10,1e-4,0.001,1,1e-5,5
71,6,background,54.1,40.18758645730243,EIG,0,5,500,2,20,999,999,999,1,1,10,1e-4,0.001,1,1e-5,5
71,6,background,49.9,34.985560931392975,EIG,0,5,500,2,20,999,999,999,1,1,10,1e-4,0.001,1,1e-5,5
83,6,background,39.7,38.11216134129975,EIG,0,5,500,2,20,999,999,999,1,10,0.1,1e-4,0.001,1,1e-5,5
83,6,background,41.2,32.16830738475371,EIG,0,5,500,2,20,999,999,999,1,10,0.1,1e-4,0.001,1,1e-5,5
83,6,background,61.15,39.367733247580205,EIG,0,5,500,2,20,999,999,999,1,10,0.1,1e-4,0.001,1,1e-5,5
83,6,background,60.45,49.520304182383505,EIG,0,5,500,2,20,999,999,999,1,10,0.1,1e-4,0.001,1,1e-5,5
83,6,background,34.35,27.789197068001272,EIG,0,5,500,2,20,999,999,999,1,10,0.1,1e-4,0.001,1,1e-5,5
55,6,background,49.45,54.624531793729915,EIG,0,5,500,2,20,999,999,999,1,1,1,1e-4,0.001,0.5,1e-5,5
55,6,background,76.2,63.53333149242463,EIG,0,5,500,2,20,999,999,999,1,1,1,1e-4,0.001,0.5,1e-5,5
55,6,background,53.05,42.99507315715922,EIG,0,5,500,2,20,999,999,999,1,1,1,1e-4,0.001,0.5,1e-5,5
55,6,background,43.75,47.207130371319295,EIG,0,5,500,2,20,999,999,999,1,1,1,1e-4,0.001,0.5,1e-5,5
55,6,background,50.6,49.54572582340904,EIG,0,5,500,2,20,999,999,999,1,1,1,1e-4,0.001,0.5,1e-5,5
83,6,background,32.25,33.330679718936366,EIG,0,5,500,2,20,999,999,999,1,10,0.1,1e-4,0.001,1,1e-5,5
83,6,background,24.2,27.81631478864612,EIG,0,5,500,2,20,999,999,999,1,10,0.1,1e-4,0.001,1,1e-5,5
83,6,background,37.35,37.15724056379577,EIG,0,5,500,2,20,999,999,999,1,10,0.1,1e-4,0.001,1,1e-5,5
83,6,background,35.4,37.818680986768264,EIG,0,5,500,2,20,999,999,999,1,10,0.1,1e-4,0.001,1,1e-5,5
83,6,background,32.5,36.79030192577214,EIG,0,5,500,2,20,999,999,999,1,10,0.1,1e-4,0.001,1,1e-5,5
83,6,background,30.5,39.11319605022271,EIG,0,5,500,2,20,999,999,999,1,10,0.1,1e-4,0.001,1,1e-5,5
83,6,background,34.4,35.33359814531683,EIG,0,5,500,2,20,999,999,999,1,10,0.1,1e-4,0.001,1,1e-5,5
83,6,background,21,19.8335176167172,EIG,0,5,500,2,20,999,999,999,1,10,0.1,1e-4,0.001,1,1e-5,5
83,6,background,40.1,38.66305185765045,EIG,0,5,500,2,20,999,999,999,1,10,0.1,1e-4,0.001,1,1e-5,5
83,6,background,23.5,32.280840007331705,EIG,0,5,500,2,20,999,999,999,1,10,0.1,1e-4,0.001,1,1e-5,5
71,6,background,29.55,33.57548447743884,EIG,0,5,500,2,20,999,999,999,1,1,10,1e-4,0.001,1,1e-5,5
71,6,background,28.25,26.66729714166971,EIG,0,5,500,2,20,999,999,999,1,1,10,1e-4,0.001,1,1e-5,5
71,6,background,42.8,25.712172010036102,EIG,0,5,500,2,20,999,999,999,1,1,10,1e-4,0.001,1,1e-5,5
71,6,background,31.45,37.01560837211642,EIG,0,5,500,2,20,999,999,999,1,1,10,1e-4,0.001,1,1e-5,5
71,6,background,26.95,29.493041106067892,EIG,0,5,500,2,20,999,999,999,1,1,10,1e-4,0.001,1,1e-5,5
55,6,background,91.9,96.4746489744163,EIG,0,5,500,2,20,999,999,999,1,1,1,1e-4,0.001,0.5,1e-5,5
55,6,background,34,41.89586086828551,EIG,0,5,500,2,20,999,999,999,1,1,1,1e-4,0.001,0.5,1e-5,5
55,6,background,41.05,63.03338714313902,EIG,0,5,500,2,20,999,999,999,1,1,1,1e-4,0.001,0.5,1e-5,5
55,6,background,19.45,25.207507235992843,EIG,0,5,500,2,20,999,999,999,1,1,1,1e-4,0.001,0.5,1e-5,5
55,6,background,37.65,53.764863306027195,EIG,0,5,500,2,20,999,999,999,1,1,1,1e-4,0.001,0.5,1e-5,5
55,6,background,37,42.43136873389284,EIG,0,5,500,2,20,999,999,999,1,1,1,1e-4,0.001,0.5,1e-5,5
55,6,background,57.3,65.34612298731795,EIG,0,5,500,2,20,999,999,999,1,1,1,1e-4,0.001,0.5,1e-5,5
55,6,background,25.35,40.34884071901473,EIG,0,5,500,2,20,999,999,999,1,1,1,1e-4,0.001,0.5,1e-5,5
55,6,background,47.7,66.40791011856787,EIG,0,5,500,2,20,999,999,999,1,1,1,1e-4,0.001,0.5,1e-5,5
55,6,background,29.85,40.9329040208357,EIG,0,5,500,2,20,999,999,999,1,1,1,1e-4,0.001,0.5,1e-5,5
55,6,background,35.85,45.39681764872488,EIG,0,5,500,2,20,999,999,999,1,1,1,1e-4,0.001,0.5,1e-5,5
55,6,background,19.05,39.71805237181861,EIG,0,5,500,2,20,999,999,999,1,1,1,1e-4,0.001,0.5,1e-5,5
55,6,background,36.3,55.567029224551,EIG,0,5,500,2,20,999,999,999,1,1,1,1e-4,0.001,0.5,1e-5,5
55,6,background,21.9,27.828232540278044,EIG,0,5,500,2,20,999,999,999,1,1,1,1e-4,0.001,0.5,1e-5,5
55,6,background,22.85,23.855430806157504,EIG,0,5,500,2,20,999,999,999,1,1,1,1e-4,0.001,0.5,1e-5,5
55,6,background,20.6,22.67945975407796,EIG,0,5,500,2,20,999,999,999,1,1,1,1e-4,0.001,0.5,1e-5,5
55,6,background,17.1,27.24527964910426,EIG,0,5,500,2,20,999,999,999,1,1,1,1e-4,0.001,0.5,1e-5,5
55,6,background,25.1,31.11591232793922,EIG,0,5,500,2,20,999,999,999,1,1,1,1e-4,0.001,0.5,1e-5,5
55,6,background,35.8,78.5390281794244,EIG,0,5,500,2,20,999,999,999,1,1,1,1e-4,0.001,0.5,1e-5,5
55,6,background,20.9,29.859143005997872,EIG,0,5,500,2,20,999,999,999,1,1,1,1e-4,0.001,0.5,1e-5,5
55,6,background,24.65,31.85373645768718,EIG,0,5,500,2,20,999,999,999,1,1,1,1e-4,0.001,0.5,1e-5,5
55,6,background,27.7,36.81690115322467,EIG,0,5,500,2,20,999,999,999,1,1,1,1e-4,0.001,0.5,1e-5,5
55,6,background,27.55,32.02215515939912,EIG,0,5,500,2,20,999,999,999,1,1,1,1e-4,0.001,0.5,1e-5,5
55,6,background,28.4,32.267630839589074,EIG,0,5,500,2,20,999,999,999,1,1,1,1e-4,0.001,0.5,1e-5,5
55,6,background,26.05,40.686833509780925,EIG,0,5,500,2,20,999,999,999,1,1,1,1e-4,0.001,0.5,1e-5,5
83,6,background,33.1,29.818574218447345,EIG,0,5,500,2,20,999,999,999,1,10,0.1,1e-4,0.001,1,1e-5,5
83,6,background,24.8,26.528237190229067,EIG,0,5,500,2,20,999,999,999,1,10,0.1,1e-4,0.001,1,1e-5,5
83,6,background,37.15,42.584003668291366,EIG,0,5,500,2,20,999,999,999,1,10,0.1,1e-4,0.001,1,1e-5,5
83,6,background,38.4,29.238403009164433,EIG,0,5,500,2,20,999,999,999,1,10,0.1,1e-4,0.001,1,1e-5,5
83,6,background,38.75,27.328171314019915,EIG,0,5,500,2,20,999,999,999,1,10,0.1,1e-4,0.001,1,1e-5,5
55,6,background,37.35,44.421752613591885,EIG,0,5,500,2,20,999,999,999,1,1,1,1e-4,0.001,0.5,1e-5,5
55,6,background,49.35,71.56614533349367,EIG,0,5,500,2,20,999,999,999,1,1,1,1e-4,0.001,0.5,1e-5,5
55,6,background,25.2,30.534880831082685,EIG,0,5,500,2,20,999,999,999,1,1,1,1e-4,0.001,0.5,1e-5,5
55,6,background,41.65,43.6134636382656,EIG,0,5,500,2,20,999,999,999,1,1,1,1e-4,0.001,0.5,1e-5,5
55,6,background,52.6,82.69436434689393,EIG,0,5,500,2,20,999,999,999,1,1,1,1e-4,0.001,0.5,1e-5,5
71,6,background,56.9,43.05186590491447,EIG,0,5,500,2,20,999,999,999,1,1,10,1e-4,0.001,1,1e-5,5
71,6,background,38.55,29.99381515193459,EIG,0,5,500,2,20,999,999,999,1,1,10,1e-4,0.001,1,1e-5,5
71,6,background,45.7,38.77886022048611,EIG,0,5,500,2,20,999,999,999,1,1,10,1e-4,0.001,1,1e-5,5
71,6,background,62.35,50.72658910379509,EIG,0,5,500,2,20,999,999,999,1,1,10,1e-4,0.001,1,1e-5,5
71,6,background,53.95,46.037141755897835,EIG,0,5,500,2,20,999,999,999,1,1,10,1e-4,0.001,1,1e-5,5
71,6,background,42.1,39.03830777177989,EIG,0,5,500,2,20,999,999,999,1,1,10,1e-4,0.001,1,1e-5,5
71,6,background,40.2,28.21086017084462,EIG,0,5,500,2,20,999,999,999,1,1,10,1e-4,0.001,1,1e-5,5
71,6,background,62.75,47.99547676056239,EIG,0,5,500,2,20,999,999,999,1,1,10,1e-4,0.001,1,1e-5,5
71,6,background,57.35,52.21138714273373,EIG,0,5,500,2,20,999,999,999,1,1,10,1e-4,0.001,1,1e-5,5
71,6,background,51.85,39.83158624958206,EIG,0,5,500,2,20,999,999,999,1,1,10,1e-4,0.001,1,1e-5,5
71,6,background,48.5,35.314377570019474,EIG,0,5,500,2,20,999,999,999,1,1,10,1e-4,0.001,1,1e-5,5
71,6,background,41.9,44.2325195921924,EIG,0,5,500,2,20,999,999,999,1,1,10,1e-4,0.001,1,1e-5,5
71,6,background,49.45,41.75426231000413,EIG,0,5,500,2,20,999,999,999,1,1,10,1e-4,0.001,1,1e-5,5
71,6,background,49.35,35.038737960930284,EIG,0,5,500,2,20,999,999,999,1,1,10,1e-4,0.001,1,1e-5,5
71,6,background,50.65,39.93979021108227,EIG,0,5,500,2,20,999,999,999,1,1,10,1e-4,0.001,1,1e-5,5
83,6,background,32.95,34.717620279833945,EIG,0,5,500,2,20,999,999,999,1,10,0.1,1e-4,0.001,1,1e-5,5
83,6,background,71.8,43.9025236056809,EIG,0,5,500,2,20,999,999,999,1,10,0.1,1e-4,0.001,1,1e-5,5
83,6,background,38.9,42.232314891000605,EIG,0,5,500,2,20,999,999,999,1,10,0.1,1e-4,0.001,1,1e-5,5
83,6,background,56.6,52.24376064484437,EIG,0,5,500,2,20,999,999,999,1,10,0.1,1e-4,0.001,1,1e-5,5
83,6,background,59.35,53.70021562242313,EIG,0,5,500,2,20,999,999,999,1,10,0.1,1e-4,0.001,1,1e-5,5
55,6,background,91.6,70.64991526049971,EIG,0,5,500,2,20,999,999,999,1,1,1,1e-4,0.001,0.5,1e-5,5
55,6,background,76.45,62.01143782442584,EIG,0,5,500,2,20,999,999,999,1,1,1,1e-4,0.001,0.5,1e-5,5
55,6,background,85.85,89.75831584403694,EIG,0,5,500,2,20,999,999,999,1,1,1,1e-4,0.001,0.5,1e-5,5
55,6,background,74.1,64.85197720477318,EIG,0,5,500,2,20,999,999,999,1,1,1,1e-4,0.001,0.5,1e-5,5
55,6,background,31.55,43.57869469797078,EIG,0,5,500,2,20,999,999,999,1,1,1,1e-4,0.001,0.5,1e-5,5
55,6,background,69.65,61.38513020696718,EIG,0,5,500,2,20,999,999,999,1,1,1,1e-4,0.001,0.5,1e-5,5
55,6,background,70.35,46.86854516961018,EIG,0,5,500,2,20,999,999,999,1,1,1,1e-4,0.001,0.5,1e-5,5
55,6,background,53.85,57.73558147642623,EIG,0,5,500,2,20,999,999,999,1,1,1,1e-4,0.001,0.5,1e-5,5
55,6,background,64,60.01929514309281,EIG,0,5,500,2,20,999,999,999,1,1,1,1e-4,0.001,0.5,1e-5,5
55,6,background,54.7,48.630832758002846,EIG,0,5,500,2,20,999,999,999,1,1,1,1e-4,0.001,0.5,1e-5,5
83,6,background,34.75,31.371920062709783,EIG,0,5,500,2,20,999,999,999,1,10,0.1,1e-4,0.001,1,1e-5,5
83,6,background,36.7,44.45233994196244,EIG,0,5,500,2,20,999,999,999,1,10,0.1,1e-4,0.001,1,1e-5,5
83,6,background,36,36.85961989694642,EIG,0,5,500,2,20,999,999,999,1,10,0.1,1e-4,0.001,1,1e-5,5
83,6,background,32.1,29.19607039167753,EIG,0,5,500,2,20,999,999,999,1,10,0.1,1e-4,0.001,1,1e-5,5
83,6,background,26.2,19.01688999976489,EIG,0,5,500,2,20,999,999,999,1,10,0.1,1e-4,0.001,1,1e-5,5
83,6,background,29.05,27.333178219499967,EIG,0,5,500,2,20,999,999,999,1,10,0.1,1e-4,0.001,1,1e-5,5
83,6,background,40.25,38.37471069666365,EIG,0,5,500,2,20,999,999,999,1,10,0.1,1e-4,0.001,1,1e-5,5
83,6,background,29.8,26.317094704473185,EIG,0,5,500,2,20,999,999,999,1,10,0.1,1e-4,0.001,1,1e-5,5
83,6,background,29.55,29.642563636557625,EIG,0,5,500,2,20,999,999,999,1,10,0.1,1e-4,0.001,1,1e-5,5
83,6,background,41.65,39.885724922979385,EIG,0,5,500,2,20,999,999,999,1,10,0.1,1e-4,0.001,1,1e-5,5
83,6,background,50.3,29.71814969093183,EIG,0,5,500,2,20,999,999,999,1,10,0.1,1e-4,0.001,1,1e-5,5
83,6,background,33.35,29.17691048180321,EIG,0,5,500,2,20,999,999,999,1,10,0.1,1e-4,0.001,1,1e-5,5
83,6,background,29.5,33.117812030449876,EIG,0,5,500,2,20,999,999,999,1,10,0.1,1e-4,0.001,1,1e-5,5
83,6,background,44.65,40.25742821288748,EIG,0,5,500,2,20,999,999,999,1,10,0.1,1e-4,0.001,1,1e-5,5
83,6,background,25.35,25.78101096380414,EIG,0,5,500,2,20,999,999,999,1,10,0.1,1e-4,0.001,1,1e-5,5
83,6,background,54.65,39.1707127436061,EIG,0,5,500,2,20,999,999,999,1,10,0.1,1e-4,0.001,1,1e-5,5
83,6,background,43.35,29.661733277956493,EIG,0,5,500,2,20,999,999,999,1,10,0.1,1e-4,0.001,1,1e-5,5
83,6,background,48.85,34.31782565802701,EIG,0,5,500,2,20,999,999,999,1,10,0.1,1e-4,0.001,1,1e-5,5
83,6,background,43.45,43.929938239021126,EIG,0,5,500,2,20,999,999,999,1,10,0.1,1e-4,0.001,1,1e-5,5
83,6,background,53.15,36.440687208263874,EIG,0,5,500,2,20,999,999,999,1,10,0.1,1e-4,0.001,1,1e-5,5
83,6,background,30.4,28.013906321118824,EIG,0,5,500,2,20,999,999,999,1,10,0.1,1e-4,0.001,1,1e-5,5
83,6,background,39.75,51.91985220155753,EIG,0,5,500,2,20,999,999,999,1,10,0.1,1e-4,0.001,1,1e-5,5
83,6,background,18.5,28.52053738328889,EIG,0,5,500,2,20,999,999,999,1,10,0.1,1e-4,0.001,1,1e-5,5
83,6,background,43.45,41.96047639085343,EIG,0,5,500,2,20,999,999,999,1,10,0.1,1e-4,0.001,1,1e-5,5
83,6,background,28.3,29.609920101564825,EIG,0,5,500,2,20,999,999,999,1,10,0.1,1e-4,0.001,1,1e-5,5
55,6,background,46,67.47943156407385,EIG,0,5,500,2,20,999,999,999,1,1,1,1e-4,0.001,0.5,1e-5,5
55,6,background,16.75,36.777961077969394,EIG,0,5,500,2,20,999,999,999,1,1,1,1e-4,0.001,0.5,1e-5,5
55,6,background,21.5,34.583993863909754,EIG,0,5,500,2,20,999,999,999,1,1,1,1e-4,0.001,0.5,1e-5,5
55,6,background,31,58.59315569874046,EIG,0,5,500,2,20,999,999,999,1,1,1,1e-4,0.001,0.5,1e-5,5
55,6,background,32.6,31.93645005483958,EIG,0,5,500,2,20,999,999,999,1,1,1,1e-4,0.001,0.5,1e-5,5
55,6,background,37.95,41.56982078383307,EIG,0,5,500,2,20,999,999,999,1,1,1,1e-4,0.001,0.5,1e-5,5
55,6,background,51.4,62.52191194840582,EIG,0,5,500,2,20,999,999,999,1,1,1,1e-4,0.001,0.5,1e-5,5
55,6,background,46.45,45.21117118589166,EIG,0,5,500,2,20,999,999,999,1,1,1,1e-4,0.001,0.5,1e-5,5
55,6,background,63.5,55.10134204115941,EIG,0,5,500,2,20,999,999,999,1,1,1,1e-4,0.001,0.5,1e-5,5
55,6,background,55.95,54.313393715013845,EIG,0,5,500,2,20,999,999,999,1,1,1,1e-4,0.001,0.5,1e-5,5
55,6,background,54.5,52.14302193814725,EIG,0,5,500,2,20,999,999,999,1,1,1,1e-4,0.001,0.5,1e-5,5
55,6,background,46.45,50.82112594291141,EIG,0,5,500,2,20,999,999,999,1,1,1,1e-4,0.001,0.5,1e-5,5
55,6,background,65.35,61.5768881796956,EIG,0,5,500,2,20,999,999,999,1,1,1,1e-4,0.001,0.5,1e-5,5
55,6,background,54.25,68.76265433779406,EIG,0,5,500,2,20,999,999,999,1,1,1,1e-4,0.001,0.5,1e-5,5
55,6,background,65.55,63.38144755949364,EIG,0,5,500,2,20,999,999,999,1,1,1,1e-4,0.001,0.5,1e-5,5
71,6,background,24.6,34.27965485301895,EIG,0,5,500,2,20,999,999,999,1,1,10,1e-4,0.001,1,1e-5,5
71,6,background,27.8,27.465959793322735,EIG,0,5,500,2,20,999,999,999,1,1,10,1e-4,0.001,1,1e-5,5
71,6,background,32.4,32.005591616729134,EIG,0,5,500,2,20,999,999,999,1,1,10,1e-4,0.001,1,1e-5,5
71,6,background,32.15,33.586142192404616,EIG,0,5,500,2,20,999,999,999,1,1,10,1e-4,0.001,1,1e-5,5
71,6,background,23,37.96535817100415,EIG,0,5,500,2,20,999,999,999,1,1,10,1e-4,0.001,1,1e-5,5
71,6,background,24.05,20.469425209835585,EIG,0,5,500,2,20,999,999,999,1,1,10,1e-4,0.001,1,1e-5,5
71,6,background,16.3,19.26573178087538,EIG,0,5,500,2,20,999,999,999,1,1,10,1e-4,0.001,1,1e-5,5
71,6,background,19.75,22.107095788694775,EIG,0,5,500,2,20,999,999,999,1,1,10,1e-4,0.001,1,1e-5,5
71,6,background,22.4,22.42507994470289,EIG,0,5,500,2,20,999,999,999,1,1,10,1e-4,0.001,1,1e-5,5
71,6,background,21.85,22.406002485236428,EIG,0,5,500,2,20,999,999,999,1,1,10,1e-4,0.001,1,1e-5,5
83,6,background,1.35,0.6708203932499369,EIG,0,5,500,2,20,999,999,999,1,10,0.1,1e-4,0.001,1,1e-5,5
55,6,background,1.45,0.998683343734455,EIG,0,5,500,2,20,999,999,999,1,1,1,1e-4,0.001,0.5,1e-5,5
83,6,background,4.7,8.436137804269888,EIG,0,5,500,2,20,999,999,999,1,10,0.1,1e-4,0.001,1,1e-5,5
55,6,background,5.5,12.930990925516475,EIG,0,5,500,2,20,999,999,999,1,1,1,1e-4,0.001,0.5,1e-5,5
83,6,background,1.3,0.5712405705774795,EIG,0,5,500,2,20,999,999,999,1,10,0.1,1e-4,0.001,1,1e-5,5
83,6,background,1.8,1.507874069850104,EIG,0,5,500,2,20,999,999,999,1,10,0.1,1e-4,0.001,1,1e-5,5
55,6,background,9.2,17.102169760773506,EIG,0,5,500,2,20,999,999,999,1,1,1,1e-4,0.001,0.5,1e-5,5
83,6,background,2.8,5.053399064517185,EIG,0,5,500,2,20,999,999,999,1,10,0.1,1e-4,0.001,1,1e-5,5
55,6,background,5.4,9.439000839183418,EIG,0,5,500,2,20,999,999,999,1,1,1,1e-4,0.001,0.5,1e-5,5
55,6,background,5.4,10.033627669518454,EIG,0,5,500,2,20,999,999,999,1,1,1,1e-4,0.001,0.5,1e-5,5
55,6,background,2.25,4.203695116392119,EIG,0,5,500,2,20,999,999,999,1,1,1,1e-4,0.001,0.5,1e-5,5
55,6,background,4.6,10.50513658820494,EIG,0,5,500,2,20,999,999,999,1,1,1,1e-4,0.001,0.5,1e-5,5
55,6,background,10.95,18.7517718461062,EIG,0,5,500,2,20,999,999,999,1,1,1,1e-4,0.001,0.5,1e-5,5
55,6,background,6.9,13.760737434339855,EIG,0,5,500,2,20,999,999,999,1,1,1,1e-4,0.001,0.5,1e-5,5
55,6,background,2.3,3.4197568396167095,EIG,0,5,500,2,20,999,999,999,1,1,1,1e-4,0.001,0.5,1e-5,5
71,6,background,48.3,44.26725057742134,EIG,0,5,500,2,20,999,999,999,1,1,10,1e-4,0.001,1,1e-5,5
71,6,background,39.45,33.15747911184793,EIG,0,5,500,2,20,999,999,999,1,1,10,1e-4,0.001,1,1e-5,5
71,6,background,53.65,42.239012897158425,EIG,0,5,500,2,20,999,999,999,1,1,10,1e-4,0.001,1,1e-5,5
71,6,background,43.15,35.69206752501915,EIG,0,5,500,2,20,999,999,999,1,1,10,1e-4,0.001,1,1e-5,5
71,6,background,44.3,24.266285904088154,EIG,0,5,500,2,20,999,999,999,1,1,10,1e-4,0.001,1,1e-5,5
71,6,background,53.85,35.1961047485895,EIG,0,5,500,2,20,999,999,999,1,1,10,1e-4,0.001,1,1e-5,5
71,6,background,41.65,23.81347473485061,EIG,0,5,500,2,20,999,999,999,1,1,10,1e-4,0.001,1,1e-5,5
71,6,background,31.9,25.544388610293343,EIG,0,5,500,2,20,999,999,999,1,1,10,1e-4,0.001,1,1e-5,5
71,6,background,36.75,29.80440624436171,EIG,0,5,500,2,20,999,999,999,1,1,10,1e-4,0.001,1,1e-5,5
71,6,background,31.2,32.228787393293366,EIG,0,5,500,2,20,999,999,999,1,1,10,1e-4,0.001,1,1e-5,5
55,6,background,31.8,48.28381007946114,EIG,0,5,500,2,20,999,999,999,1,1,1,1e-4,0.001,0.5,1e-5,5
55,6,background,24.55,56.05493076579343,EIG,0,5,500,2,20,999,999,999,1,1,1,1e-4,0.001,0.5,1e-5,5
55,6,background,23.15,26.98786276906909,EIG,0,5,500,2,20,999,999,999,1,1,1,1e-4,0.001,0.5,1e-5,5
55,6,background,24.8,40.350569030097105,EIG,0,5,500,2,20,999,999,999,1,1,1,1e-4,0.001,0.5,1e-5,5
55,6,background,32.65,49.73114559413711,EIG,0,5,500,2,20,999,999,999,1,1,1,1e-4,0.001,0.5,1e-5,5
55,6,background,10,17.12185430193944,EIG,0,5,500,2,20,999,999,999,1,1,1,1e-4,0.001,0.5,1e-5,5
55,6,background,29.6,60.06435145566356,EIG,0,5,500,2,20,999,999,999,1,1,1,1e-4,0.001,0.5,1e-5,5
55,6,background,15.65,42.32987622297792,EIG,0,5,500,2,20,999,999,999,1,1,1,1e-4,0.001,0.5,1e-5,5
55,6,background,9.85,16.909278051132944,EIG,0,5,500,2,20,999,999,999,1,1,1,1e-4,0.001,0.5,1e-5,5
55,6,background,15.25,20.318192522181224,EIG,0,5,500,2,20,999,999,999,1,1,1,1e-4,0.001,0.5,1e-5,5
71,6,background,33.55,34.74186765879251,EIG,0,5,500,2,20,999,999,999,1,1,10,1e-4,0.001,1,1e-5,5
71,6,background,41.1,31.445692534071636,EIG,0,5,500,2,20,999,999,999,1,1,10,1e-4,0.001,1,1e-5,5
71,6,background,27.8,29.114293830748466,EIG,0,5,500,2,20,999,999,999,1,1,10,1e-4,0.001,1,1e-5,5
71,6,background,38.65,34.83083177452504,EIG,0,5,500,2,20,999,999,999,1,1,10,1e-4,0.001,1,1e-5,5
71,6,background,40.1,28.56921419990406,EIG,0,5,500,2,20,999,999,999,1,1,10,1e-4,0.001,1,1e-5,5
83,6,background,31.75,24.09602500522921,EIG,0,5,500,2,20,999,999,999,1,10,0.1,1e-4,0.001,1,1e-5,5
83,6,background,51.35,37.641347646326096,EIG,0,5,500,2,20,999,999,999,1,10,0.1,1e-4,0.001,1,1e-5,5
83,6,background,31.3,28.01522142655573,EIG,0,5,500,2,20,999,999,999,1,10,0.1,1e-4,0.001,1,1e-5,5
83,6,background,24.65,23.23625796488166,EIG,0,5,500,2,20,999,999,999,1,10,0.1,1e-4,0.001,1,1e-5,5
83,6,background,40,34.52535300326414,EIG,0,5,500,2,20,999,999,999,1,10,0.1,1e-4,0.001,1,1e-5,5
71,6,background,44.75,40.76101723848154,EIG,0,5,500,2,20,999,999,999,1,1,10,1e-4,0.001,1,1e-5,5
71,6,background,36.9,22.780185295674467,EIG,0,5,500,2,20,999,999,999,1,1,10,1e-4,0.001,1,1e-5,5
71,6,background,44.9,34.725843553847845,EIG,0,5,500,2,20,999,999,999,1,1,10,1e-4,0.001,1,1e-5,5
71,6,background,31.45,22.36885758087981,EIG,0,5,500,2,20,999,999,999,1,1,10,1e-4,0.001,1,1e-5,5
71,6,background,35.4,32.02531893098926,EIG,0,5,500,2,20,999,999,999,1,1,10,1e-4,0.001,1,1e-5,5
71,6,background,44.45,31.33263810352259,EIG,0,5,500,2,20,999,999,999,1,1,10,1e-4,0.001,1,1e-5,5
71,6,background,36.75,35.477012572264755,EIG,0,5,500,2,20,999,999,999,1,1,10,1e-4,0.001,1,1e-5,5
71,6,background,38.45,35.32924090831694,EIG,0,5,500,2,20,999,999,999,1,1,10,1e-4,0.001,1,1e-5,5
71,6,background,47.6,37.076592133184604,EIG,0,5,500,2,20,999,999,999,1,1,10,1e-4,0.001,1,1e-5,5
71,6,background,27.55,22.721367175321767,EIG,0,5,500,2,20,999,999,999,1,1,10,1e-4,0.001,1,1e-5,5
83,6,background,24.4,25.346856962841308,EIG,0,5,500,2,20,999,999,999,1,10,0.1,1e-4,0.001,1,1e-5,5
83,6,background,43.15,28.054974228242813,EIG,0,5,500,2,20,999,999,999,1,10,0.1,1e-4,0.001,1,1e-5,5
83,6,background,39.95,40.029561444933215,EIG,0,5,500,2,20,999,999,999,1,10,0.1,1e-4,0.001,1,1e-5,5
83,6,background,32.85,25.65002308401547,EIG,0,5,500,2,20,999,999,999,1,10,0.1,1e-4,0.001,1,1e-5,5
83,6,background,40.8,35.293655311729296,EIG,0,5,500,2,20,999,999,999,1,10,0.1,1e-4,0.001,1,1e-5,5
83,6,background,33,25.43929823593493,EIG,0,5,500,2,20,999,999,999,1,10,0.1,1e-4,0.001,1,1e-5,5
83,6,background,45.5,36.90884931686081,EIG,0,5,500,2,20,999,999,999,1,10,0.1,1e-4,0.001,1,1e-5,5
83,6,background,45.55,43.92274917098021,EIG,0,5,500,2,20,999,999,999,1,10,0.1,1e-4,0.001,1,1e-5,5
83,6,background,38,41.65522649964638,EIG,0,5,500,2,20,999,999,999,1,10,0.1,1e-4,0.001,1,1e-5,5
83,6,background,37.65,28.55516360347201,EIG,0,5,500,2,20,999,999,999,1,10,0.1,1e-4,0.001,1,1e-5,5
83,6,background,21.95,24.55600473246926,EIG,0,5,500,2,20,999,999,999,1,10,0.1,1e-4,0.001,1,1e-5,5
83,6,background,22.7,21.415931108946857,EIG,0,5,500,2,20,999,999,999,1,10,0.1,1e-4,0.001,1,1e-5,5
83,6,background,26.2,28.801681237477496,EIG,0,5,500,2,20,999,999,999,1,10,0.1,1e-4,0.001,1,1e-5,5
83,6,background,23.6,37.909032391266656,EIG,0,5,500,2,20,999,999,999,1,10,0.1,1e-4,0.001,1,1e-5,5
83,6,background,21.25,20.963313819999676,EIG,0,5,500,2,20,999,999,999,1,10,0.1,1e-4,0.001,1,1e-5,5
71,6,background,48.35,45.669608689967305,EIG,0,5,500,2,20,999,999,999,1,1,10,1e-4,0.001,1,1e-5,5
71,6,background,35.1,30.08041853012302,EIG,0,5,500,2,20,999,999,999,1,1,10,1e-4,0.001,1,1e-5,5
71,6,background,44.8,42.59182031675491,EIG,0,5,500,2,20,999,999,999,1,1,10,1e-4,0.001,1,1e-5,5
71,6,background,30.5,25.130187340914784,EIG,0,5,500,2,20,999,999,999,1,1,10,1e-4,0.001,1,1e-5,5
71,6,background,40.05,31.130413289562146,EIG,0,5,500,2,20,999,999,999,1,1,10,1e-4,0.001,1,1e-5,5
71,6,background,39.6,30.63606405941585,EIG,0,5,500,2,20,999,999,999,1,1,10,1e-4,0.001,1,1e-5,5
71,6,background,33.7,24.305295069615028,EIG,0,5,500,2,20,999,999,999,1,1,10,1e-4,0.001,1,1e-5,5
71,6,background,33.3,34.545317300155475,EIG,0,5,500,2,20,999,999,999,1,1,10,1e-4,0.001,1,1e-5,5
71,6,background,44.25,34.35093655353902,EIG,0,5,500,2,20,999,999,999,1,1,10,1e-4,0.001,1,1e-5,5
71,6,background,44.25,41.586783072459326,EIG,0,5,500,2,20,999,999,999,1,1,10,1e-4,0.001,1,1e-5,5
71,6,background,37.45,32.07142522229833,EIG,0,5,500,2,20,999,999,999,1,1,10,1e-4,0.001,1,1e-5,5
71,6,background,43.15,31.21618170116262,EIG,0,5,500,2,20,999,999,999,1,1,10,1e-4,0.001,1,1e-5,5
71,6,background,45.7,35.76399247699754,EIG,0,5,500,2,20,999,999,999,1,1,10,1e-4,0.001,1,1e-5,5
71,6,background,54.55,33.08119994005182,EIG,0,5,500,2,20,999,999,999,1,1,10,1e-4,0.001,1,1e-5,5
71,6,background,50.35,41.258204925617036,EIG,0,5,500,2,20,999,999,999,1,1,10,1e-4,0.001,1,1e-5,5
83,6,background,29.1,31.655879972638655,EIG,0,5,500,2,20,999,999,999,1,10,0.1,1e-4,0.001,1,1e-5,5
83,6,background,20.8,28.134264555969168,EIG,0,5,500,2,20,999,999,999,1,10,0.1,1e-4,0.001,1,1e-5,5
83,6,background,23.7,22.8198897547962,EIG,0,5,500,2,20,999,999,999,1,10,0.1,1e-4,0.001,1,1e-5,5
83,6,background,33.1,31.790266633540192,EIG,0,5,500,2,20,999,999,999,1,10,0.1,1e-4,0.001,1,1e-5,5
83,6,background,30.65,28.87226861084598,EIG,0,5,500,2,20,999,999,999,1,10,0.1,1e-4,0.001,1,1e-5,5
71,6,identity,17.5,18.916714970183325,EIG,0,5,500,2,20,999,999,999,1,1,10,1e-4,0.001,1,1e-5,5
71,6,identity,18.3,11.747788145680424,EIG,0,5,500,2,20,999,999,999,1,1,10,1e-4,0.001,1,1e-5,5
71,6,identity,24.9,33.59338907394853,EIG,0,5,500,2,20,999,999,999,1,1,10,1e-4,0.001,1,1e-5,5
71,6,identity,23.2,23.89142105442872,EIG,0,5,500,2,20,999,999,999,1,1,10,1e-4,0.001,1,1e-5,5
71,6,identity,28.35,35.97261385232412,EIG,0,5,500,2,20,999,999,999,1,1,10,1e-4,0.001,1,1e-5,5
83,6,identity,12.8,16.155820199413878,EIG,0,5,500,2,20,999,999,999,1,10,0.1,1e-4,0.001,1,1e-5,5
83,6,identity,21.3,27.872076197853424,EIG,0,5,500,2,20,999,999,999,1,10,0.1,1e-4,0.001,1,1e-5,5
83,6,identity,20.25,29.848521077706945,EIG,0,5,500,2,20,999,999,999,1,10,0.1,1e-4,0.001,1,1e-5,5
83,6,identity,12.3,14.6183014349173,EIG,0,5,500,2,20,999,999,999,1,10,0.1,1e-4,0.001,1,1e-5,5
83,6,identity,10.05,13.674698110783016,EIG,0,5,500,2,20,999,999,999,1,10,0.1,1e-4,0.001,1,1e-5,5
83,6,identity,22.15,32.6678257939714,EIG,0,5,500,2,20,999,999,999,1,10,0.1,1e-4,0.001,1,1e-5,5
83,6,identity,18.15,13.152046068558066,EIG,0,5,500,2,20,999,999,999,1,10,0.1,1e-4,0.001,1,1e-5,5
83,6,identity,18.45,18.065596847978323,EIG,0,5,500,2,20,999,999,999,1,10,0.1,1e-4,0.001,1,1e-5,5
83,6,identity,15.75,20.761490160492105,EIG,0,5,500,2,20,999,999,999,1,10,0.1,1e-4,0.001,1,1e-5,5
83,6,identity,21.05,29.240338035341736,EIG,0,5,500,2,20,999,999,999,1,10,0.1,1e-4,0.001,1,1e-5,5
71,6,identity,43.75,58.845806540215094,EIG,0,5,500,2,20,999,999,999,1,1,10,1e-4,0.001,1,1e-5,5
71,6,identity,37.85,41.214809550885825,EIG,0,5,500,2,20,999,999,999,1,1,10,1e-4,0.001,1,1e-5,5
71,6,identity,52.45,71.95354861224523,EIG,0,5,500,2,20,999,999,999,1,1,10,1e-4,0.001,1,1e-5,5
71,6,identity,40.9,53.52903786485278,EIG,0,5,500,2,20,999,999,999,1,1,10,1e-4,0.001,1,1e-5,5
71,6,identity,46.5,58.95627282370518,EIG,0,5,500,2,20,999,999,999,1,1,10,1e-4,0.001,1,1e-5,5
83,6,identity,33.65,40.31621718888136,EIG,0,5,500,2,20,999,999,999,1,10,0.1,1e-4,0.001,1,1e-5,5
83,6,identity,40.8,45.94229790554783,EIG,0,5,500,2,20,999,999,999,1,10,0.1,1e-4,0.001,1,1e-5,5
83,6,identity,17.05,15.915814710367073,EIG,0,5,500,2,20,999,999,999,1,10,0.1,1e-4,0.001,1,1e-5,5
83,6,identity,32.95,31.606919628794145,EIG,0,5,500,2,20,999,999,999,1,10,0.1,1e-4,0.001,1,1e-5,5
83,6,identity,45.7,42.85360637037878,EIG,0,5,500,2,20,999,999,999,1,10,0.1,1e-4,0.001,1,1e-5,5
71,6,identity,42.35,39.69923106772247,EIG,0,5,500,2,20,999,999,999,1,1,10,1e-4,0.001,1,1e-5,5
71,6,identity,37.55,39.883349645527126,EIG,0,5,500,2,20,999,999,999,1,1,10,1e-4,0.001,1,1e-5,5
71,6,identity,34.4,35.94937961546544,EIG,0,5,500,2,20,999,999,999,1,1,10,1e-4,0.001,1,1e-5,5
71,6,identity,35.75,60.89496997635398,EIG,0,5,500,2,20,999,999,999,1,1,10,1e-4,0.001,1,1e-5,5
71,6,identity,37.25,39.405950659366425,EIG,0,5,500,2,20,999,999,999,1,1,10,1e-4,0.001,1,1e-5,5
83,6,identity,50.95,48.7900712505278,EIG,0,5,500,2,20,999,999,999,1,10,0.1,1e-4,0.001,1,1e-5,5
83,6,identity,36.7,40.37208519705038,EIG,0,5,500,2,20,999,999,999,1,10,0.1,1e-4,0.001,1,1e-5,5
83,6,identity,43.15,61.787645673667946,EIG,0,5,500,2,20,999,999,999,1,10,0.1,1e-4,0.001,1,1e-5,5
83,6,identity,50,47.05875386991748,EIG,0,5,500,2,20,999,999,999,1,10,0.1,1e-4,0.001,1,1e-5,5
83,6,identity,50.65,41.31302203269187,EIG,0,5,500,2,20,999,999,999,1,10,0.1,1e-4,0.001,1,1e-5,5
55,6,identity,30,41.914700348006285,EIG,0,5,500,2,20,999,999,999,1,1,1,1e-4,0.001,0.5,1e-5,5
55,6,identity,35.05,42.1332160502476,EIG,0,5,500,2,20,999,999,999,1,1,1,1e-4,0.001,0.5,1e-5,5
55,6,identity,41.45,60.83928353500419,EIG,0,5,500,2,20,999,999,999,1,1,1,1e-4,0.001,0.5,1e-5,5
55,6,identity,36.05,47.163182563029864,EIG,0,5,500,2,20,999,999,999,1,1,1,1e-4,0.001,0.5,1e-5,5
55,6,identity,19.3,23.2041284892876,EIG,0,5,500,2,20,999,999,999,1,1,1,1e-4,0.001,0.5,1e-5,5
71,6,identity,21.45,29.81958911079833,EIG,0,5,500,2,20,999,999,999,1,1,10,1e-4,0.001,1,1e-5,5
71,6,identity,38.3,53.31742087180373,EIG,0,5,500,2,20,999,999,999,1,1,10,1e-4,0.001,1,1e-5,5
71,6,identity,38.6,40.131887833151225,EIG,0,5,500,2,20,999,999,999,1,1,10,1e-4,0.001,1,1e-5,5
71,6,identity,47.2,50.04061508309762,EIG,0,5,500,2,20,999,999,999,1,1,10,1e-4,0.001,1,1e-5,5
71,6,identity,55.2,67.20949181085723,EIG,0,5,500,2,20,999,999,999,1,1,10,1e-4,0.001,1,1e-5,5
55,6,identity,43.3,66.91872525290425,EIG,0,5,500,2,20,999,999,999,1,1,1,1e-4,0.001,0.5,1e-5,5
55,6,identity,43.55,50.181224209438085,EIG,0,5,500,2,20,999,999,999,1,1,1,1e-4,0.001,0.5,1e-5,5
55,6,identity,46,81.1619563459059,EIG,0,5,500,2,20,999,999,999,1,1,1,1e-4,0.001,0.5,1e-5,5
55,6,identity,23.5,33.353765667620294,EIG,0,5,500,2,20,999,999,999,1,1,1,1e-4,0.001,0.5,1e-5,5
55,6,identity,22,25.768197453450252,EIG,0,5,500,2,20,999,999,999,1,1,1,1e-4,0.001,0.5,1e-5,5
71,6,identity,26.4,25.974481404072858,EIG,0,5,500,2,20,999,999,999,1,1,10,1e-4,0.001,1,1e-5,5
71,6,identity,23.6,36.43509008461052,EIG,0,5,500,2,20,999,999,999,1,1,10,1e-4,0.001,1,1e-5,5
71,6,identity,37.55,53.092248418250875,EIG,0,5,500,2,20,999,999,999,1,1,10,1e-4,0.001,1,1e-5,5
71,6,identity,41.05,34.84926186638074,EIG,0,5,500,2,20,999,999,999,1,1,10,1e-4,0.001,1,1e-5,5
71,6,identity,31.55,41.97176369142023,EIG,0,5,500,2,20,999,999,999,1,1,10,1e-4,0.001,1,1e-5,5
83,6,identity,35.1,34.323384693851295,EIG,0,5,500,2,20,999,999,999,1,10,0.1,1e-4,0.001,1,1e-5,5
83,6,identity,38.9,38.951927186969165,EIG,0,5,500,2,20,999,999,999,1,10,0.1,1e-4,0.001,1,1e-5,5
83,6,identity,53.4,55.47061811161121,EIG,0,5,500,2,20,999,999,999,1,10,0.1,1e-4,0.001,1,1e-5,5
83,6,identity,41.5,47.1442355688203,EIG,0,5,500,2,20,999,999,999,1,10,0.1,1e-4,0.001,1,1e-5,5
83,6,identity,40.45,30.974480157907923,EIG,0,5,500,2,20,999,999,999,1,10,0.1,1e-4,0.001,1,1e-5,5
83,6,identity,48,33.06612195363453,EIG,0,5,500,2,20,999,999,999,1,10,0.1,1e-4,0.001,1,1e-5,5
83,6,identity,57.3,70.07822696627564,EIG,0,5,500,2,20,999,999,999,1,10,0.1,1e-4,0.001,1,1e-5,5
83,6,identity,47.2,55.304515852543275,EIG,0,5,500,2,20,999,999,999,1,10,0.1,1e-4,0.001,1,1e-5,5
83,6,identity,34.9,51.47498114822896,EIG,0,5,500,2,20,999,999,999,1,10,0.1,1e-4,0.001,1,1e-5,5
83,6,identity,45.3,38.38187620547792,EIG,0,5,500,2,20,999,999,999,1,10,0.1,1e-4,0.001,1,1e-5,5
55,6,identity,47.35,49.51371420865983,EIG,0,5,500,2,20,999,999,999,1,1,1,1e-4,0.001,0.5,1e-5,5
55,6,identity,47.55,61.86443158016439,EIG,0,5,500,2,20,999,999,999,1,1,1,1e-4,0.001,0.5,1e-5,5
55,6,identity,44.3,53.90156720697851,EIG,0,5,500,2,20,999,999,999,1,1,1,1e-4,0.001,0.5,1e-5,5
55,6,identity,41.95,48.38820539194063,EIG,0,5,500,2,20,999,999,999,1,1,1,1e-4,0.001,0.5,1e-5,5
55,6,identity,42.65,38.865862439393965,EIG,0,5,500,2,20,999,999,999,1,1,1,1e-4,0.001,0.5,1e-5,5
55,6,identity,27.4,24.72033043553636,EIG,0,5,500,2,20,999,999,999,1,1,1,1e-4,0.001,0.5,1e-5,5
55,6,identity,34.85,55.08106466119302,EIG,0,5,500,2,20,999,999,999,1,1,1,1e-4,0.001,0.5,1e-5,5
55,6,identity,29.5,50.93184300198597,EIG,0,5,500,2,20,999,999,999,1,1,1,1e-4,0.001,0.5,1e-5,5
55,6,identity,24.7,28.58063385544392,EIG,0,5,500,2,20,999,999,999,1,1,1,1e-4,0.001,0.5,1e-5,5
55,6,identity,28.4,23.443998221966723,EIG,0,5,500,2,20,999,999,999,1,1,1,1e-4,0.001,0.5,1e-5,5
71,6,identity,55.15,68.1787704262999,EIG,0,5,500,2,20,999,999,999,1,1,10,1e-4,0.001,1,1e-5,5
71,6,identity,60.1,63.37764839270603,EIG,0,5,500,2,20,999,999,999,1,1,10,1e-4,0.001,1,1e-5,5
71,6,identity,48.9,47.40963703943035,EIG,0,5,500,2,20,999,999,999,1,1,10,1e-4,0.001,1,1e-5,5
71,6,identity,61.2,54.40742983318208,EIG,0,5,500,2,20,999,999,999,1,1,10,1e-4,0.001,1,1e-5,5
71,6,identity,71,61.1779113905114,EIG,0,5,500,2,20,999,999,999,1,1,10,1e-4,0.001,1,1e-5,5
71,6,identity,42.05,40.52481371105597,EIG,0,5,500,2,20,999,999,999,1,1,10,1e-4,0.001,1,1e-5,5
71,6,identity,29.95,27.83310221565984,EIG,0,5,500,2,20,999,999,999,1,1,10,1e-4,0.001,1,1e-5,5
71,6,identity,70.5,60.99050832107532,EIG,0,5,500,2,20,999,999,999,1,1,10,1e-4,0.001,1,1e-5,5
71,6,identity,58.65,45.02896728481392,EIG,0,5,500,2,20,999,999,999,1,1,10,1e-4,0.001,1,1e-5,5
71,6,identity,70.1,60.92609846103893,EIG,0,5,500,2,20,999,999,999,1,1,10,1e-4,0.001,1,1e-5,5
83,6,identity,35.8,41.46349059873733,EIG,0,5,500,2,20,999,999,999,1,10,0.1,1e-4,0.001,1,1e-5,5
83,6,identity,70.25,69.23938261757652,EIG,0,5,500,2,20,999,999,999,1,10,0.1,1e-4,0.001,1,1e-5,5
83,6,identity,46.25,46.353192134443475,EIG,0,5,500,2,20,999,999,999,1,10,0.1,1e-4,0.001,1,1e-5,5
83,6,identity,39.5,27.584320489040604,EIG,0,5,500,2,20,999,999,999,1,10,0.1,1e-4,0.001,1,1e-5,5
83,6,identity,53.8,53.746578838490784,EIG,0,5,500,2,20,999,999,999,1,10,0.1,1e-4,0.001,1,1e-5,5
55,6,identity,37.3,38.40243961548605,EIG,0,5,500,2,20,999,999,999,1,1,1,1e-4,0.001,0.5,1e-5,5
55,6,identity,52.35,52.919278150783576,EIG,0,5,500,2,20,999,999,999,1,1,1,1e-4,0.001,0.5,1e-5,5
55,6,identity,31.4,36.474071540435986,EIG,0,5,500,2,20,999,999,999,1,1,1,1e-4,0.001,0.5,1e-5,5
55,6,identity,48.55,55.52948481852255,EIG,0,5,500,2,20,999,999,999,1,1,1,1e-4,0.001,0.5,1e-5,5
55,6,identity,55.45,42.74585236881869,EIG,0,5,500,2,20,999,999,999,1,1,1,1e-4,0.001,0.5,1e-5,5
83,6,identity,42.3,49.28873042966739,EIG,0,5,500,2,20,999,999,999,1,10,0.1,1e-4,0.001,1,1e-5,5
83,6,identity,48.95,38.69649106899269,EIG,0,5,500,2,20,999,999,999,1,10,0.1,1e-4,0.001,1,1e-5,5
83,6,identity,80.15,67.8871160553738,EIG,0,5,500,2,20,999,999,999,1,10,0.1,1e-4,0.001,1,1e-5,5
83,6,identity,47.2,48.89473117670354,EIG,0,5,500,2,20,999,999,999,1,10,0.1,1e-4,0.001,1,1e-5,5
83,6,identity,39.4,40.93435052167774,EIG,0,5,500,2,20,999,999,999,1,10,0.1,1e-4,0.001,1,1e-5,5
83,6,identity,46.5,43.99700946774977,EIG,0,5,500,2,20,999,999,999,1,10,0.1,1e-4,0.001,1,1e-5,5
83,6,identity,22.15,23.795786889367843,EIG,0,5,500,2,20,999,999,999,1,10,0.1,1e-4,0.001,1,1e-5,5
83,6,identity,50.75,37.598817170644864,EIG,0,5,500,2,20,999,999,999,1,10,0.1,1e-4,0.001,1,1e-5,5
83,6,identity,54.65,51.59281365706498,EIG,0,5,500,2,20,999,999,999,1,10,0.1,1e-4,0.001,1,1e-5,5
83,6,identity,46.55,44.38050188279107,EIG,0,5,500,2,20,999,999,999,1,10,0.1,1e-4,0.001,1,1e-5,5
71,6,identity,38.25,46.37249071094675,EIG,0,5,500,2,20,999,999,999,1,1,10,1e-4,0.001,1,1e-5,5
71,6,identity,36.25,54.74426189589477,EIG,0,5,500,2,20,999,999,999,1,1,10,1e-4,0.001,1,1e-5,5
71,6,identity,24.05,30.372208557027573,EIG,0,5,500,2,20,999,999,999,1,1,10,1e-4,0.001,1,1e-5,5
71,6,identity,30.3,44.10167677919789,EIG,0,5,500,2,20,999,999,999,1,1,10,1e-4,0.001,1,1e-5,5
71,6,identity,11.3,16.180234856144704,EIG,0,5,500,2,20,999,999,999,1,1,10,1e-4,0.001,1,1e-5,5
71,6,identity,13.55,18.994389753431488,EIG,0,5,500,2,20,999,999,999,1,1,10,1e-4,0.001,1,1e-5,5
71,6,identity,19.65,36.12736970920057,EIG,0,5,500,2,20,999,999,999,1,1,10,1e-4,0.001,1,1e-5,5
71,6,identity,46.05,37.06818042472546,EIG,0,5,500,2,20,999,999,999,1,1,10,1e-4,0.001,1,1e-5,5
71,6,identity,41.3,64.73923401657322,EIG,0,5,500,2,20,999,999,999,1,1,10,1e-4,0.001,1,1e-5,5
71,6,identity,35.75,39.745075828731025,EIG,0,5,500,2,20,999,999,999,1,1,10,1e-4,0.001,1,1e-5,5
83,6,identity,39.2,44.803195374766226,EIG,0,5,500,2,20,999,999,999,1,10,0.1,1e-4,0.001,1,1e-5,5
83,6,identity,35.75,53.74488959793979,EIG,0,5,500,2,20,999,999,999,1,10,0.1,1e-4,0.001,1,1e-5,5
83,6,identity,21.3,28.024613242084556,EIG,0,5,500,2,20,999,999,999,1,10,0.1,1e-4,0.001,1,1e-5,5
83,6,identity,36.45,44.54149455105997,EIG,0,5,500,2,20,999,999,999,1,10,0.1,1e-4,0.001,1,1e-5,5
83,6,identity,21.15,37.04659228593097,EIG,0,5,500,2,20,999,999,999,1,10,0.1,1e-4,0.001,1,1e-5,5
55,6,identity,26.55,47.694725516615186,EIG,0,5,500,2,20,999,999,999,1,1,1,1e-4,0.001,0.5,1e-5,5
55,6,identity,16.4,30.94885424288545,EIG,0,5,500,2,20,999,999,999,1,1,1,1e-4,0.001,0.5,1e-5,5
55,6,identity,41.35,64.60102247846513,EIG,0,5,500,2,20,999,999,999,1,1,1,1e-4,0.001,0.5,1e-5,5
55,6,identity,13.55,19.43809336545667,EIG,0,5,500,2,20,999,999,999,1,1,1,1e-4,0.001,0.5,1e-5,5
55,6,identity,45.45,59.11672218674902,EIG,0,5,500,2,20,999,999,999,1,1,1,1e-4,0.001,0.5,1e-5,5
71,6,identity,31.6,31.711528702217738,EIG,0,5,500,2,20,999,999,999,1,1,10,1e-4,0.001,1,1e-5,5
71,6,identity,30.85,36.66674242416416,EIG,0,5,500,2,20,999,999,999,1,1,10,1e-4,0.001,1,1e-5,5
71,6,identity,28.55,38.39335880070927,EIG,0,5,500,2,20,999,999,999,1,1,10,1e-4,0.001,1,1e-5,5
71,6,identity,25.05,32.70679150461439,EIG,0,5,500,2,20,999,999,999,1,1,10,1e-4,0.001,1,1e-5,5
71,6,identity,43.85,42.408136011855085,EIG,0,5,500,2,20,999,999,999,1,1,10,1e-4,0.001,1,1e-5,5
71,6,identity,44,48.286426119235834,EIG,0,5,500,2,20,999,999,999,1,1,10,1e-4,0.001,1,1e-5,5
71,6,identity,32.7,39.60475782157067,EIG,0,5,500,2,20,999,999,999,1,1,10,1e-4,0.001,1,1e-5,5
71,6,identity,29.25,27.1232566745142,EIG,0,5,500,2,20,999,999,999,1,1,10,1e-4,0.001,1,1e-5,5
71,6,identity,18.3,15.960807260945566,EIG,0,5,500,2,20,999,999,999,1,1,10,1e-4,0.001,1,1e-5,5
71,6,identity,37.2,36.63848997118223,EIG,0,5,500,2,20,999,999,999,1,1,10,1e-4,0.001,1,1e-5,5
83,6,identity,16.95,23.08445592304826,EIG,0,5,500,2,20,999,999,999,1,10,0.1,1e-4,0.001,1,1e-5,5
83,6,identity,20.65,21.21140457891759,EIG,0,5,500,2,20,999,999,999,1,10,0.1,1e-4,0.001,1,1e-5,5
83,6,identity,33.25,31.942176375114883,EIG,0,5,500,2,20,999,999,999,1,10,0.1,1e-4,0.001,1,1e-5,5
83,6,identity,15.55,14.64483023566948,EIG,0,5,500,2,20,999,999,999,1,10,0.1,1e-4,0.001,1,1e-5,5
83,6,identity,29.85,31.484791650305677,EIG,0,5,500,2,20,999,999,999,1,10,0.1,1e-4,0.001,1,1e-5,5
55,6,identity,25.7,35.81546270008322,EIG,0,5,500,2,20,999,999,999,1,1,1,1e-4,0.001,0.5,1e-5,5
55,6,identity,18,11.378650368586175,EIG,0,5,500,2,20,999,999,999,1,1,1,1e-4,0.001,0.5,1e-5,5
55,6,identity,37.55,46.859785250086354,EIG,0,5,500,2,20,999,999,999,1,1,1,1e-4,0.001,0.5,1e-5,5
55,6,identity,35.1,68.94765367558509,EIG,0,5,500,2,20,999,999,999,1,1,1,1e-4,0.001,0.5,1e-5,5
55,6,identity,36.35,40.24958319496515,EIG,0,5,500,2,20,999,999,999,1,1,1,1e-4,0.001,0.5,1e-5,5
83,6,identity,41,53.426782166171854,EIG,0,5,500,2,20,999,999,999,1,10,0.1,1e-4,0.001,1,1e-5,5
83,6,identity,27.4,48.64306084552094,EIG,0,5,500,2,20,999,999,999,1,10,0.1,1e-4,0.001,1,1e-5,5
83,6,identity,24.3,35.10450563374271,EIG,0,5,500,2,20,999,999,999,1,10,0.1,1e-4,0.001,1,1e-5,5
83,6,identity,29.55,33.72563447961552,EIG,0,5,500,2,20,999,999,999,1,10,0.1,1e-4,0.001,1,1e-5,5
83,6,identity,18.75,31.527556868638953,EIG,0,5,500,2,20,999,999,999,1,10,0.1,1e-4,0.001,1,1e-5,5
55,6,identity,26.45,42.06695790484999,EIG,0,5,500,2,20,999,999,999,1,1,1,1e-4,0.001,0.5,1e-5,5
55,6,identity,17.95,19.980187555096723,EIG,0,5,500,2,20,999,999,999,1,1,1,1e-4,0.001,0.5,1e-5,5
55,6,identity,20.45,37.32429010147343,EIG,0,5,500,2,20,999,999,999,1,1,1,1e-4,0.001,0.5,1e-5,5
55,6,identity,25.9,29.481305405647365,EIG,0,5,500,2,20,999,999,999,1,1,1,1e-4,0.001,0.5,1e-5,5
55,6,identity,26.35,40.10942270182512,EIG,0,5,500,2,20,999,999,999,1,1,1,1e-4,0.001,0.5,1e-5,5
55,6,identity,12.6,16.690369110736633,EIG,0,5,500,2,20,999,999,999,1,1,1,1e-4,0.001,0.5,1e-5,5
55,6,identity,33,48.297324759735595,EIG,0,5,500,2,20,999,999,999,1,1,1,1e-4,0.001,0.5,1e-5,5
55,6,identity,43.65,46.48743463504271,EIG,0,5,500,2,20,999,999,999,1,1,1,1e-4,0.001,0.5,1e-5,5
55,6,identity,22.4,30.839823878260155,EIG,0,5,500,2,20,999,999,999,1,1,1,1e-4,0.001,0.5,1e-5,5
55,6,identity,17.15,36.891412493824,EIG,0,5,500,2,20,999,999,999,1,1,1,1e-4,0.001,0.5,1e-5,5
55,6,identity,27.5,49.6392247278193,EIG,0,5,500,2,20,999,999,999,1,1,1,1e-4,0.001,0.5,1e-5,5
55,6,identity,24.05,60.095953975376126,EIG,0,5,500,2,20,999,999,999,1,1,1,1e-4,0.001,0.5,1e-5,5
55,6,identity,21.9,28.96985729303732,EIG,0,5,500,2,20,999,999,999,1,1,1,1e-4,0.001,0.5,1e-5,5
55,6,identity,22.75,48.11157536612708,EIG,0,5,500,2,20,999,999,999,1,1,1,1e-4,0.001,0.5,1e-5,5
55,6,identity,37.35,59.4122750031728,EIG,0,5,500,2,20,999,999,999,1,1,1,1e-4,0.001,0.5,1e-5,5
71,6,identity,38.5,57.03046277394675,EIG,0,5,500,2,20,999,999,999,1,1,10,1e-4,0.001,1,1e-5,5
71,6,identity,27.4,30.58103987767584,EIG,0,5,500,2,20,999,999,999,1,1,10,1e-4,0.001,1,1e-5,5
71,6,identity,22.1,22.225873968962627,EIG,0,5,500,2,20,999,999,999,1,1,10,1e-4,0.001,1,1e-5,5
71,6,identity,29.85,32.52250233138184,EIG,0,5,500,2,20,999,999,999,1,1,10,1e-4,0.001,1,1e-5,5
71,6,identity,28.7,35.37781047046596,EIG,0,5,500,2,20,999,999,999,1,1,10,1e-4,0.001,1,1e-5,5
71,6,identity,29.95,27.38704073097347,EIG,0,5,500,2,20,999,999,999,1,1,10,1e-4,0.001,1,1e-5,5
71,6,identity,28.8,35.42315626818141,EIG,0,5,500,2,20,999,999,999,1,1,10,1e-4,0.001,1,1e-5,5
71,6,identity,20.1,26.06045602864717,EIG,0,5,500,2,20,999,999,999,1,1,10,1e-4,0.001,1,1e-5,5
71,6,identity,18.85,28.38508689249932,EIG,0,5,500,2,20,999,999,999,1,1,10,1e-4,0.001,1,1e-5,5
71,6,identity,25.1,28.28780656042458,EIG,0,5,500,2,20,999,999,999,1,1,10,1e-4,0.001,1,1e-5,5
83,6,identity,7,5.419263884757005,EIG,0,5,500,2,20,999,999,999,1,10,0.1,1e-4,0.001,1,1e-5,5
83,6,identity,18.8,41.01681298404864,EIG,0,5,500,2,20,999,999,999,1,10,0.1,1e-4,0.001,1,1e-5,5
83,6,identity,8,6.569466853317863,EIG,0,5,500,2,20,999,999,999,1,10,0.1,1e-4,0.001,1,1e-5,5
83,6,identity,10.95,11.975743027162514,EIG,0,5,500,2,20,999,999,999,1,10,0.1,1e-4,0.001,1,1e-5,5
83,6,identity,5.3,3.908156113888788,EIG,0,5,500,2,20,999,999,999,1,10,0.1,1e-4,0.001,1,1e-5,5
83,6,identity,6.8,3.664911860791255,EIG,0,5,500,2,20,999,999,999,1,10,0.1,1e-4,0.001,1,1e-5,5
83,6,identity,6.95,6.778254704723426,EIG,0,5,500,2,20,999,999,999,1,10,0.1,1e-4,0.001,1,1e-5,5
83,6,identity,7.05,6.030405415366715,EIG,0,5,500,2,20,999,999,999,1,10,0.1,1e-4,0.001,1,1e-5,5
83,6,identity,9.05,7.625959818796237,EIG,0,5,500,2,20,999,999,999,1,10,0.1,1e-4,0.001,1,1e-5,5
83,6,identity,7.85,6.335156708899613,EIG,0,5,500,2,20,999,999,999,1,10,0.1,1e-4,0.001,1,1e-5,5
83,6,identity,19.45,50.15499660263697,EIG,0,5,500,2,20,999,999,999,1,10,0.1,1e-4,0.001,1,1e-5,5
83,6,identity,6,4.984185516527038,EIG,0,5,500,2,20,999,999,999,1,10,0.1,1e-4,0.001,1,1e-5,5
83,6,identity,7.85,3.703128122916738,EIG,0,5,500,2,20,999,999,999,1,10,0.1,1e-4,0.001,1,1e-5,5
83,6,identity,11.65,25.094086113957943,EIG,0,5,500,2,20,999,999,999,1,10,0.1,1e-4,0.001,1,1e-5,5
83,6,identity,9.5,9.150783688038045,EIG,0,5,500,2,20,999,999,999,1,10,0.1,1e-4,0.001,1,1e-5,5
55,6,identity,24.55,45.72627368661433,EIG,0,5,500,2,20,999,999,999,1,1,1,1e-4,0.001,0.5,1e-5,5
55,6,identity,17.15,28.157966059919502,EIG,0,5,500,2,20,999,999,999,1,1,1,1e-4,0.001,0.5,1e-5,5
55,6,identity,11.6,16.78784021091958,EIG,0,5,500,2,20,999,999,999,1,1,1,1e-4,0.001,0.5,1e-5,5
55,6,identity,9.3,9.679604167635434,EIG,0,5,500,2,20,999,999,999,1,1,1,1e-4,0.001,0.5,1e-5,5
55,6,identity,24.05,49.726065387755824,EIG,0,5,500,2,20,999,999,999,1,1,1,1e-4,0.001,0.5,1e-5,5
71,6,identity,6.95,6.984757841562094,EIG,0,5,500,2,20,999,999,999,1,1,10,1e-4,0.001,1,1e-5,5
71,6,identity,8.4,13.315602245407256,EIG,0,5,500,2,20,999,999,999,1,1,10,1e-4,0.001,1,1e-5,5
71,6,identity,12.25,11.163262115198746,EIG,0,5,500,2,20,999,999,999,1,1,10,1e-4,0.001,1,1e-5,5
71,6,identity,6.15,7.32174123667602,EIG,0,5,500,2,20,999,999,999,1,1,10,1e-4,0.001,1,1e-5,5
71,6,identity,5.95,5.155222186237339,EIG,0,5,500,2,20,999,999,999,1,1,10,1e-4,0.001,1,1e-5,5
71,6,identity,7.8,8.010519399678873,EIG,0,5,500,2,20,999,999,999,1,1,10,1e-4,0.001,1,1e-5,5
71,6,identity,7.45,7.451421623457253,EIG,0,5,500,2,20,999,999,999,1,1,10,1e-4,0.001,1,1e-5,5
71,6,identity,4.7,8.202053658110652,EIG,0,5,500,2,20,999,999,999,1,1,10,1e-4,0.001,1,1e-5,5
71,6,identity,6.35,9.985647595160607,EIG,0,5,500,2,20,999,999,999,1,1,10,1e-4,0.001,1,1e-5,5
71,6,identity,7,7.041231949625083,EIG,0,5,500,2,20,999,999,999,1,1,10,1e-4,0.001,1,1e-5,5
55,6,identity,4.8,5.643813566990619,EIG,0,5,500,2,20,999,999,999,1,1,1,1e-4,0.001,0.5,1e-5,5
55,6,identity,4.75,5.757146588554547,EIG,0,5,500,2,20,999,999,999,1,1,1,1e-4,0.001,0.5,1e-5,5
55,6,identity,8.55,14.173641213998536,EIG,0,5,500,2,20,999,999,999,1,1,1,1e-4,0.001,0.5,1e-5,5
55,6,identity,8.5,15.353724046799302,EIG,0,5,500,2,20,999,999,999,1,1,1,1e-4,0.001,0.5,1e-5,5
55,6,identity,7.35,9.62056459662814,EIG,0,5,500,2,20,999,999,999,1,1,1,1e-4,0.001,0.5,1e-5,5
55,6,identity,3.4,6.3195602778407896,EIG,0,5,500,2,20,999,999,999,1,1,1,1e-4,0.001,0.5,1e-5,5
55,6,identity,7.55,8.95882393597449,EIG,0,5,500,2,20,999,999,999,1,1,1,1e-4,0.001,0.5,1e-5,5
55,6,identity,10.35,12.852503340021476,EIG,0,5,500,2,20,999,999,999,1,1,1,1e-4,0.001,0.5,1e-5,5
55,6,identity,5.3,6.98946575776342,EIG,0,5,500,2,20,999,999,999,1,1,1,1e-4,0.001,0.5,1e-5,5
55,6,identity,9.25,13.017700500310704,EIG,0,5,500,2,20,999,999,999,1,1,1,1e-4,0.001,0.5,1e-5,5
83,6,identity,6.75,4.6665100224336475,EIG,0,5,500,2,20,999,999,999,1,10,0.1,1e-4,0.001,1,1e-5,5
83,6,identity,9.55,10.081118359012608,EIG,0,5,500,2,20,999,999,999,1,10,0.1,1e-4,0.001,1,1e-5,5
83,6,identity,6.4,6.777672322063317,EIG,0,5,500,2,20,999,999,999,1,10,0.1,1e-4,0.001,1,1e-5,5
83,6,identity,6.25,5.981330603592623,EIG,0,5,500,2,20,999,999,999,1,10,0.1,1e-4,0.001,1,1e-5,5
83,6,identity,7.1,4.789242331023056,EIG,0,5,500,2,20,999,999,999,1,10,0.1,1e-4,0.001,1,1e-5,5
83,6,identity,6.95,5.529585498884495,EIG,0,5,500,2,20,999,999,999,1,10,0.1,1e-4,0.001,1,1e-5,5
71,6,identity,2.95,2.6650762801367187,EIG,0,5,500,2,20,999,999,999,1,1,10,1e-4,0.001,1,1e-5,5
83,6,identity,6.15,4.416178390752278,EIG,0,5,500,2,20,999,999,999,1,10,0.1,1e-4,0.001,1,1e-5,5
71,6,identity,6.45,7.408920654397501,EIG,0,5,500,2,20,999,999,999,1,1,10,1e-4,0.001,1,1e-5,5
83,6,identity,6.7,7.85459972513592,EIG,0,5,500,2,20,999,999,999,1,10,0.1,1e-4,0.001,1,1e-5,5
71,6,identity,7.8,7.431086907820346,EIG,0,5,500,2,20,999,999,999,1,1,10,1e-4,0.001,1,1e-5,5
83,6,identity,8.25,8.613789434450592,EIG,0,5,500,2,20,999,999,999,1,10,0.1,1e-4,0.001,1,1e-5,5
71,6,identity,5.75,4.9083709378120455,EIG,0,5,500,2,20,999,999,999,1,1,10,1e-4,0.001,1,1e-5,5
83,6,identity,6.15,3.963982580024393,EIG,0,5,500,2,20,999,999,999,1,10,0.1,1e-4,0.001,1,1e-5,5
71,6,identity,6.2,4.595191995301634,EIG,0,5,500,2,20,999,999,999,1,1,10,1e-4,0.001,1,1e-5,5
83,6,identity,6.5,3.677813996040812,EIG,0,5,500,2,20,999,999,999,1,10,0.1,1e-4,0.001,1,1e-5,5
83,6,identity,6.15,4.081730799034825,EIG,0,5,500,2,20,999,999,999,1,10,0.1,1e-4,0.001,1,1e-5,5
83,6,identity,4.95,3.663116303454147,EIG,0,5,500,2,20,999,999,999,1,10,0.1,1e-4,0.001,1,1e-5,5
83,6,identity,6.55,5.47217843661053,EIG,0,5,500,2,20,999,999,999,1,10,0.1,1e-4,0.001,1,1e-5,5
83,6,identity,7.45,6.047835628509896,EIG,0,5,500,2,20,999,999,999,1,10,0.1,1e-4,0.001,1,1e-5,5
55,6,identity,6.9,5.389072764693189,EIG,0,5,500,2,20,999,999,999,1,1,1,1e-4,0.001,0.5,1e-5,5
55,6,identity,5.85,3.990449123911532,EIG,0,5,500,2,20,999,999,999,1,1,1,1e-4,0.001,0.5,1e-5,5
55,6,identity,7.8,8.269156387952826,EIG,0,5,500,2,20,999,999,999,1,1,1,1e-4,0.001,0.5,1e-5,5
55,6,identity,8,6.104355649430728,EIG,0,5,500,2,20,999,999,999,1,1,1,1e-4,0.001,0.5,1e-5,5
55,6,identity,8.5,11.980246900188398,EIG,0,5,500,2,20,999,999,999,1,1,1,1e-4,0.001,0.5,1e-5,5
55,6,identity,5.1,2.9540338165758504,EIG,0,5,500,2,20,999,999,999,1,1,1,1e-4,0.001,0.5,1e-5,5
55,6,identity,7.55,7.735597823323711,EIG,0,5,500,2,20,999,999,999,1,1,1,1e-4,0.001,0.5,1e-5,5
55,6,identity,7.35,4.568484719420537,EIG,0,5,500,2,20,999,999,999,1,1,1,1e-4,0.001,0.5,1e-5,5
55,6,identity,6.2,4.572227373818447,EIG,0,5,500,2,20,999,999,999,1,1,1,1e-4,0.001,0.5,1e-5,5
55,6,identity,6.25,3.5075107382511845,EIG,0,5,500,2,20,999,999,999,1,1,1,1e-4,0.001,0.5,1e-5,5
55,6,identity,4,6.257626925348147,EIG,0,5,500,2,20,999,999,999,1,1,1,1e-4,0.001,0.5,1e-5,5
55,6,identity,3.35,4.5453851669346435,EIG,0,5,500,2,20,999,999,999,1,1,1,1e-4,0.001,0.5,1e-5,5
55,6,identity,2.25,2.1490511982341367,EIG,0,5,500,2,20,999,999,999,1,1,1,1e-4,0.001,0.5,1e-5,5
55,6,identity,2.6,2.326053807586891,EIG,0,5,500,2,20,999,999,999,1,1,1,1e-4,0.001,0.5,1e-5,5
55,6,identity,2.5,2.5026301953618404,EIG,0,5,500,2,20,999,999,999,1,1,1,1e-4,0.001,0.5,1e-5,5
55,6,identity,7.15,7.198501306010271,EIG,0,5,500,2,20,999,999,999,1,1,1,1e-4,0.001,0.5,1e-5,5
55,6,identity,5,6.095727580596274,EIG,0,5,500,2,20,999,999,999,1,1,1,1e-4,0.001,0.5,1e-5,5
55,6,identity,5.15,5.402484808425022,EIG,0,5,500,2,20,999,999,999,1,1,1,1e-4,0.001,0.5,1e-5,5
55,6,identity,2.55,2.0894471693929497,EIG,0,5,500,2,20,999,999,999,1,1,1,1e-4,0.001,0.5,1e-5,5
55,6,identity,3.05,5.623961892511457,EIG,0,5,500,2,20,999,999,999,1,1,1,1e-4,0.001,0.5,1e-5,5
55,6,identity,17.75,29.6219602038047,EIG,0,5,500,2,20,999,999,999,1,1,1,1e-4,0.001,0.5,1e-5,5
55,6,identity,18.8,15.34720958693349,EIG,0,5,500,2,20,999,999,999,1,1,1,1e-4,0.001,0.5,1e-5,5
55,6,identity,26.95,42.7261475470294,EIG,0,5,500,2,20,999,999,999,1,1,1,1e-4,0.001,0.5,1e-5,5
55,6,identity,14.75,18.57523818647315,EIG,0,5,500,2,20,999,999,999,1,1,1,1e-4,0.001,0.5,1e-5,5
55,6,identity,12.9,12.785271131060805,EIG,0,5,500,2,20,999,999,999,1,1,1,1e-4,0.001,0.5,1e-5,5
71,6,identity,34,45.7360850279537,EIG,0,5,500,2,20,999,999,999,1,1,10,1e-4,0.001,1,1e-5,5
83,6,identity,21.4,24.737357217481076,EIG,0,5,500,2,20,999,999,999,1,10,0.1,1e-4,0.001,1,1e-5,5
71,6,identity,24.8,35.90865604485036,EIG,0,5,500,2,20,999,999,999,1,1,10,1e-4,0.001,1,1e-5,5
71,6,identity,14.2,18.90586096815928,EIG,0,5,500,2,20,999,999,999,1,1,10,1e-4,0.001,1,1e-5,5
83,6,identity,26,45.521539147043235,EIG,0,5,500,2,20,999,999,999,1,10,0.1,1e-4,0.001,1,1e-5,5
71,6,identity,37.25,57.36574716124964,EIG,0,5,500,2,20,999,999,999,1,1,10,1e-4,0.001,1,1e-5,5
83,6,identity,39.5,49.50544892922608,EIG,0,5,500,2,20,999,999,999,1,10,0.1,1e-4,0.001,1,1e-5,5
83,6,identity,16.5,18.173143863810047,EIG,0,5,500,2,20,999,999,999,1,10,0.1,1e-4,0.001,1,1e-5,5
71,6,identity,24.8,31.23864004048427,EIG,0,5,500,2,20,999,999,999,1,1,10,1e-4,0.001,1,1e-5,5
83,6,identity,30.1,44.3632137794604,EIG,0,5,500,2,20,999,999,999,1,10,0.1,1e-4,0.001,1,1e-5,5
83,6,identity,25.9,25.88212144562953,EIG,0,5,500,2,20,999,999,999,1,10,0.1,1e-4,0.001,1,1e-5,5
83,6,identity,41.55,63.08680319085843,EIG,0,5,500,2,20,999,999,999,1,10,0.1,1e-4,0.001,1,1e-5,5
83,6,identity,33.2,27.462127030742383,EIG,0,5,500,2,20,999,999,999,1,10,0.1,1e-4,0.001,1,1e-5,5
83,6,identity,15.75,13.325381400683591,EIG,0,5,500,2,20,999,999,999,1,10,0.1,1e-4,0.001,1,1e-5,5
83,6,identity,36.6,52.32026879055372,EIG,0,5,500,2,20,999,999,999,1,10,0.1,1e-4,0.001,1,1e-5,5
71,6,identity,6.35,6.00241179597177,EIG,0,5,500,2,20,999,999,999,1,1,10,1e-4,0.001,1,1e-5,5
71,6,identity,8.4,8.394233609730959,EIG,0,5,500,2,20,999,999,999,1,1,10,1e-4,0.001,1,1e-5,5
71,6,identity,8.3,6.3170612754582915,EIG,0,5,500,2,20,999,999,999,1,1,10,1e-4,0.001,1,1e-5,5
71,6,identity,6.15,4.416178390752277,EIG,0,5,500,2,20,999,999,999,1,1,10,1e-4,0.001,1,1e-5,5
71,6,identity,8,7.240238437481112,EIG,0,5,500,2,20,999,999,999,1,1,10,1e-4,0.001,1,1e-5,5
71,6,identity,7.4,6.410517673488255,EIG,0,5,500,2,20,999,999,999,1,1,10,1e-4,0.001,1,1e-5,5
71,6,identity,6.4,4.417667877249738,EIG,0,5,500,2,20,999,999,999,1,1,10,1e-4,0.001,1,1e-5,5
71,6,identity,9.1,8.783357468590962,EIG,0,5,500,2,20,999,999,999,1,1,10,1e-4,0.001,1,1e-5,5
71,6,identity,7.8,7.452304482860531,EIG,0,5,500,2,20,999,999,999,1,1,10,1e-4,0.001,1,1e-5,5
71,6,identity,14.35,13.592858031837316,EIG,0,5,500,2,20,999,999,999,1,1,10,1e-4,0.001,1,1e-5,5
55,6,identity,8.4,8.975991368792172,EIG,0,5,500,2,20,999,999,999,1,1,1,1e-4,0.001,0.5,1e-5,5
55,6,identity,9.2,9.687756787768125,EIG,0,5,500,2,20,999,999,999,1,1,1,1e-4,0.001,0.5,1e-5,5
55,6,identity,7.95,8.617454746953388,EIG,0,5,500,2,20,999,999,999,1,1,1,1e-4,0.001,0.5,1e-5,5
55,6,identity,9.9,9.978397719705884,EIG,0,5,500,2,20,999,999,999,1,1,1,1e-4,0.001,0.5,1e-5,5
55,6,identity,12.15,12.654414665495825,EIG,0,5,500,2,20,999,999,999,1,1,1,1e-4,0.001,0.5,1e-5,5
71,6,identity,23,34.95410524794206,EIG,0,5,500,2,20,999,999,999,1,1,10,1e-4,0.001,1,1e-5,5
71,6,identity,21.3,20.06856667580055,EIG,0,5,500,2,20,999,999,999,1,1,10,1e-4,0.001,1,1e-5,5
71,6,identity,36.85,31.96095479767379,EIG,0,5,500,2,20,999,999,999,1,1,10,1e-4,0.001,1,1e-5,5
71,6,identity,22.05,20.187215860799785,EIG,0,5,500,2,20,999,999,999,1,1,10,1e-4,0.001,1,1e-5,5
71,6,identity,25,40.49431409079811,EIG,0,5,500,2,20,999,999,999,1,1,10,1e-4,0.001,1,1e-5,5
55,6,identity,23.8,39.055426201610885,EIG,0,5,500,2,20,999,999,999,1,1,1,1e-4,0.001,0.5,1e-5,5
55,6,identity,40.9,60.892398626809864,EIG,0,5,500,2,20,999,999,999,1,1,1,1e-4,0.001,0.5,1e-5,5
55,6,identity,39.5,49.69221055128947,EIG,0,5,500,2,20,999,999,999,1,1,1,1e-4,0.001,0.5,1e-5,5
55,6,identity,20.15,30.145742476735983,EIG,0,5,500,2,20,999,999,999,1,1,1,1e-4,0.001,0.5,1e-5,5
55,6,identity,19.4,24.662778261561435,EIG,0,5,500,2,20,999,999,999,1,1,1,1e-4,0.001,0.5,1e-5,5
71,7,background,43.55,36.117461879699945,EIG,0,5,500,2,20,999,999,999,1,1,10,1e-4,0.001,1,1e-5,5
71,7,background,32.1,33.64974387952893,EIG,0,5,500,2,20,999,999,999,1,1,10,1e-4,0.001,1,1e-5,5
71,7,background,33.05,22.716733920174356,EIG,0,5,500,2,20,999,999,999,1,1,10,1e-4,0.001,1,1e-5,5
71,7,background,36.7,35.12249241845189,EIG,0,5,500,2,20,999,999,999,1,1,10,1e-4,0.001,1,1e-5,5
71,7,background,54.2,48.06311639807324,EIG,0,5,500,2,20,999,999,999,1,1,10,1e-4,0.001,1,1e-5,5
71,7,background,52.15,44.389751069362845,EIG,0,5,500,2,20,999,999,999,1,1,10,1e-4,0.001,1,1e-5,5
71,7,background,38.65,31.479776298275592,EIG,0,5,500,2,20,999,999,999,1,1,10,1e-4,0.001,1,1e-5,5
71,7,background,39,37.505087374213225,EIG,0,5,500,2,20,999,999,999,1,1,10,1e-4,0.001,1,1e-5,5
71,7,background,66.05,35.05555740910645,EIG,0,5,500,2,20,999,999,999,1,1,10,1e-4,0.001,1,1e-5,5
71,7,background,40.95,39.662357867113094,EIG,0,5,500,2,20,999,999,999,1,1,10,1e-4,0.001,1,1e-5,5
83,7,background,27.2,41.5066259770654,EIG,0,5,500,2,20,999,999,999,1,10,0.1,1e-4,0.001,1,1e-5,5
83,7,background,28.25,26.928511597229157,EIG,0,5,500,2,20,999,999,999,1,10,0.1,1e-4,0.001,1,1e-5,5
83,7,background,22.95,25.56410929820412,EIG,0,5,500,2,20,999,999,999,1,10,0.1,1e-4,0.001,1,1e-5,5
55,7,background,31.2,35.69697023853041,EIG,0,5,500,2,20,999,999,999,1,1,1,1e-4,0.001,0.5,1e-5,5
83,7,background,37.3,35.09700841952203,EIG,0,5,500,2,20,999,999,999,1,10,0.1,1e-4,0.001,1,1e-5,5
55,7,background,27.8,34.371959195649126,EIG,0,5,500,2,20,999,999,999,1,1,1,1e-4,0.001,0.5,1e-5,5
83,7,background,23.9,28.87340790780552,EIG,0,5,500,2,20,999,999,999,1,10,0.1,1e-4,0.001,1,1e-5,5
55,7,background,44.45,46.75859054199221,EIG,0,5,500,2,20,999,999,999,1,1,1,1e-4,0.001,0.5,1e-5,5
55,7,background,32.45,46.26408747045255,EIG,0,5,500,2,20,999,999,999,1,1,1,1e-4,0.001,0.5,1e-5,5
55,7,background,22.7,34.22387593786721,EIG,0,5,500,2,20,999,999,999,1,1,1,1e-4,0.001,0.5,1e-5,5
55,7,background,25.95,39.50413036366544,EIG,0,5,500,2,20,999,999,999,1,1,1,1e-4,0.001,0.5,1e-5,5
55,7,background,37.55,58.951786723514466,EIG,0,5,500,2,20,999,999,999,1,1,1,1e-4,0.001,0.5,1e-5,5
55,7,background,18.3,33.13465350894581,EIG,0,5,500,2,20,999,999,999,1,1,1,1e-4,0.001,0.5,1e-5,5
55,7,background,26.4,31.990788147774506,EIG,0,5,500,2,20,999,999,999,1,1,1,1e-4,0.001,0.5,1e-5,5
55,7,background,21.25,32.47164755193124,EIG,0,5,500,2,20,999,999,999,1,1,1,1e-4,0.001,0.5,1e-5,5
83,7,background,50.2,45.9411522894693,EIG,0,5,500,2,20,999,999,999,1,10,0.1,1e-4,0.001,1,1e-5,5
83,7,background,51.35,46.60954837798797,EIG,0,5,500,2,20,999,999,999,1,10,0.1,1e-4,0.001,1,1e-5,5
83,7,background,49.05,31.28220445859712,EIG,0,5,500,2,20,999,999,999,1,10,0.1,1e-4,0.001,1,1e-5,5
83,7,background,69.4,64.4191864194773,EIG,0,5,500,2,20,999,999,999,1,10,0.1,1e-4,0.001,1,1e-5,5
83,7,background,61.95,50.597976868229566,EIG,0,5,500,2,20,999,999,999,1,10,0.1,1e-4,0.001,1,1e-5,5
55,7,background,62.15,63.98624440990587,EIG,0,5,500,2,20,999,999,999,1,1,1,1e-4,0.001,0.5,1e-5,5
55,7,background,52.75,67.12978396164286,EIG,0,5,500,2,20,999,999,999,1,1,1,1e-4,0.001,0.5,1e-5,5
55,7,background,42.2,44.70323195663174,EIG,0,5,500,2,20,999,999,999,1,1,1,1e-4,0.001,0.5,1e-5,5
55,7,background,36.75,57.591917378816454,EIG,0,5,500,2,20,999,999,999,1,1,1,1e-4,0.001,0.5,1e-5,5
55,7,background,30.25,35.99396879303092,EIG,0,5,500,2,20,999,999,999,1,1,1,1e-4,0.001,0.5,1e-5,5
83,7,background,30,29.199855803537258,EIG,0,5,500,2,20,999,999,999,1,10,0.1,1e-4,0.001,1,1e-5,5
83,7,background,28.5,30.01140134226184,EIG,0,5,500,2,20,999,999,999,1,10,0.1,1e-4,0.001,1,1e-5,5
83,7,background,49.45,48.4012559645653,EIG,0,5,500,2,20,999,999,999,1,10,0.1,1e-4,0.001,1,1e-5,5
83,7,background,31.8,34.54607906763614,EIG,0,5,500,2,20,999,999,999,1,10,0.1,1e-4,0.001,1,1e-5,5
83,7,background,37.35,30.060071435990334,EIG,0,5,500,2,20,999,999,999,1,10,0.1,1e-4,0.001,1,1e-5,5
71,7,background,35.85,30.653024234760952,EIG,0,5,500,2,20,999,999,999,1,1,10,1e-4,0.001,1,1e-5,5
71,7,background,47.75,38.4733332117332,EIG,0,5,500,2,20,999,999,999,1,1,10,1e-4,0.001,1,1e-5,5
71,7,background,33.55,38.543857453145776,EIG,0,5,500,2,20,999,999,999,1,1,10,1e-4,0.001,1,1e-5,5
71,7,background,34.5,24.182420757323086,EIG,0,5,500,2,20,999,999,999,1,1,10,1e-4,0.001,1,1e-5,5
71,7,background,42.45,40.17000058959946,EIG,0,5,500,2,20,999,999,999,1,1,10,1e-4,0.001,1,1e-5,5
55,7,background,45.45,40.66483674341286,EIG,0,5,500,2,20,999,999,999,1,1,1,1e-4,0.001,0.5,1e-5,5
55,7,background,42.8,53.51694271812186,EIG,0,5,500,2,20,999,999,999,1,1,1,1e-4,0.001,0.5,1e-5,5
55,7,background,56.9,53.799726080304445,EIG,0,5,500,2,20,999,999,999,1,1,1,1e-4,0.001,0.5,1e-5,5
55,7,background,39.15,33.10632790522713,EIG,0,5,500,2,20,999,999,999,1,1,1,1e-4,0.001,0.5,1e-5,5
55,7,background,77.9,90.29186592728924,EIG,0,5,500,2,20,999,999,999,1,1,1,1e-4,0.001,0.5,1e-5,5
71,7,background,26.55,35.78661172767503,EIG,0,5,500,2,20,999,999,999,1,1,10,1e-4,0.001,1,1e-5,5
71,7,background,28.7,33.83255983905382,EIG,0,5,500,2,20,999,999,999,1,1,10,1e-4,0.001,1,1e-5,5
71,7,background,33.15,32.74667520286762,EIG,0,5,500,2,20,999,999,999,1,1,10,1e-4,0.001,1,1e-5,5
71,7,background,22.15,27.463420647912933,EIG,0,5,500,2,20,999,999,999,1,1,10,1e-4,0.001,1,1e-5,5
71,7,background,17.25,18.031770208221523,EIG,0,5,500,2,20,999,999,999,1,1,10,1e-4,0.001,1,1e-5,5
71,7,background,25.4,27.61845302272415,EIG,0,5,500,2,20,999,999,999,1,1,10,1e-4,0.001,1,1e-5,5
71,7,background,18.8,20.89976076418101,EIG,0,5,500,2,20,999,999,999,1,1,10,1e-4,0.001,1,1e-5,5
71,7,background,12.4,14.460108465779406,EIG,0,5,500,2,20,999,999,999,1,1,10,1e-4,0.001,1,1e-5,5
71,7,background,29.35,31.437950582728913,EIG,0,5,500,2,20,999,999,999,1,1,10,1e-4,0.001,1,1e-5,5
71,7,background,13.4,19.09367489648422,EIG,0,5,500,2,20,999,999,999,1,1,10,1e-4,0.001,1,1e-5,5
83,7,background,48.15,42.7000246517863,EIG,0,5,500,2,20,999,999,999,1,10,0.1,1e-4,0.001,1,1e-5,5
83,7,background,31.35,29.187731741444495,EIG,0,5,500,2,20,999,999,999,1,10,0.1,1e-4,0.001,1,1e-5,5
83,7,background,33.25,39.8284148765545,EIG,0,5,500,2,20,999,999,999,1,10,0.1,1e-4,0.001,1,1e-5,5
83,7,background,34.2,38.61905719910014,EIG,0,5,500,2,20,999,999,999,1,10,0.1,1e-4,0.001,1,1e-5,5
83,7,background,25.35,34.5958242080107,EIG,0,5,500,2,20,999,999,999,1,10,0.1,1e-4,0.001,1,1e-5,5
71,7,background,29.7,23.927742102113665,EIG,0,5,500,2,20,999,999,999,1,1,10,1e-4,0.001,1,1e-5,5
71,7,background,20.25,17.799689530113188,EIG,0,5,500,2,20,999,999,999,1,1,10,1e-4,0.001,1,1e-5,5
71,7,background,24.3,25.491174943497604,EIG,0,5,500,2,20,999,999,999,1,1,10,1e-4,0.001,1,1e-5,5
71,7,background,22.95,28.394727086481915,EIG,0,5,500,2,20,999,999,999,1,1,10,1e-4,0.001,1,1e-5,5
71,7,background,34.85,31.0403387800286,EIG,0,5,500,2,20,999,999,999,1,1,10,1e-4,0.001,1,1e-5,5
83,7,background,33.7,35.10600488445486,EIG,0,5,500,2,20,999,999,999,1,10,0.1,1e-4,0.001,1,1e-5,5
83,7,background,25.8,32.621594397770195,EIG,0,5,500,2,20,999,999,999,1,10,0.1,1e-4,0.001,1,1e-5,5
83,7,background,26.4,35.785030683969396,EIG,0,5,500,2,20,999,999,999,1,10,0.1,1e-4,0.001,1,1e-5,5
83,7,background,39.1,38.85045552804809,EIG,0,5,500,2,20,999,999,999,1,10,0.1,1e-4,0.001,1,1e-5,5
83,7,background,14.7,15.400273408372708,EIG,0,5,500,2,20,999,999,999,1,10,0.1,1e-4,0.001,1,1e-5,5
55,7,background,25.25,34.6939627692136,EIG,0,5,500,2,20,999,999,999,1,1,1,1e-4,0.001,0.5,1e-5,5
55,7,background,30.35,35.37360746747719,EIG,0,5,500,2,20,999,999,999,1,1,1,1e-4,0.001,0.5,1e-5,5
55,7,background,21.05,22.47214650230486,EIG,0,5,500,2,20,999,999,999,1,1,1,1e-4,0.001,0.5,1e-5,5
55,7,background,25.35,30.843023607667877,EIG,0,5,500,2,20,999,999,999,1,1,1,1e-4,0.001,0.5,1e-5,5
55,7,background,12.55,14.8588977419344,EIG,0,5,500,2,20,999,999,999,1,1,1,1e-4,0.001,0.5,1e-5,5
55,7,background,34.6,35.158887474165795,EIG,0,5,500,2,20,999,999,999,1,1,1,1e-4,0.001,0.5,1e-5,5
55,7,background,32.5,49.886713767558554,EIG,0,5,500,2,20,999,999,999,1,1,1,1e-4,0.001,0.5,1e-5,5
55,7,background,37.85,72.6152622785973,EIG,0,5,500,2,20,999,999,999,1,1,1,1e-4,0.001,0.5,1e-5,5
55,7,background,17.85,30.75929470137955,EIG,0,5,500,2,20,999,999,999,1,1,1,1e-4,0.001,0.5,1e-5,5
55,7,background,44.65,48.91267729331527,EIG,0,5,500,2,20,999,999,999,1,1,1,1e-4,0.001,0.5,1e-5,5
71,7,background,26.25,29.006124580127807,EIG,0,5,500,2,20,999,999,999,1,1,10,1e-4,0.001,1,1e-5,5
71,7,background,36.85,32.71934081178737,EIG,0,5,500,2,20,999,999,999,1,1,10,1e-4,0.001,1,1e-5,5
71,7,background,44.55,40.56116239380773,EIG,0,5,500,2,20,999,999,999,1,1,10,1e-4,0.001,1,1e-5,5
71,7,background,24.65,21.019477183142104,EIG,0,5,500,2,20,999,999,999,1,1,10,1e-4,0.001,1,1e-5,5
71,7,background,31.55,32.865715619135614,EIG,0,5,500,2,20,999,999,999,1,1,10,1e-4,0.001,1,1e-5,5
83,7,background,28.1,22.874715989033557,EIG,0,5,500,2,20,999,999,999,1,10,0.1,1e-4,0.001,1,1e-5,5
83,7,background,19.2,17.105246963555086,EIG,0,5,500,2,20,999,999,999,1,10,0.1,1e-4,0.001,1,1e-5,5
83,7,background,25.1,30.715845387922126,EIG,0,5,500,2,20,999,999,999,1,10,0.1,1e-4,0.001,1,1e-5,5
83,7,background,37.15,34.365335962121385,EIG,0,5,500,2,20,999,999,999,1,10,0.1,1e-4,0.001,1,1e-5,5
83,7,background,47.95,39.129306556326135,EIG,0,5,500,2,20,999,999,999,1,10,0.1,1e-4,0.001,1,1e-5,5
55,7,background,50.2,56.39391531194236,EIG,0,5,500,2,20,999,999,999,1,1,1,1e-4,0.001,0.5,1e-5,5
55,7,background,44,60.6395736688249,EIG,0,5,500,2,20,999,999,999,1,1,1,1e-4,0.001,0.5,1e-5,5
55,7,background,29.45,34.22445263104637,EIG,0,5,500,2,20,999,999,999,1,1,1,1e-4,0.001,0.5,1e-5,5
55,7,background,48.15,65.65081071371793,EIG,0,5,500,2,20,999,999,999,1,1,1,1e-4,0.001,0.5,1e-5,5
55,7,background,30.9,44.61755613869358,EIG,0,5,500,2,20,999,999,999,1,1,1,1e-4,0.001,0.5,1e-5,5
71,7,background,59.7,38.29676363954477,EIG,0,5,500,2,20,999,999,999,1,1,10,1e-4,0.001,1,1e-5,5
71,7,background,41.9,46.30209725839981,EIG,0,5,500,2,20,999,999,999,1,1,10,1e-4,0.001,1,1e-5,5
71,7,background,60.85,43.277896388219624,EIG,0,5,500,2,20,999,999,999,1,1,10,1e-4,0.001,1,1e-5,5
71,7,background,58.05,38.95945936077926,EIG,0,5,500,2,20,999,999,999,1,1,10,1e-4,0.001,1,1e-5,5
71,7,background,36.95,32.643972603965054,EIG,0,5,500,2,20,999,999,999,1,1,10,1e-4,0.001,1,1e-5,5
71,7,background,41.25,32.914362566482964,EIG,0,5,500,2,20,999,999,999,1,1,10,1e-4,0.001,1,1e-5,5
71,7,background,40.9,46.01246970573361,EIG,0,5,500,2,20,999,999,999,1,1,10,1e-4,0.001,1,1e-5,5
71,7,background,39.9,39.72656541912477,EIG,0,5,500,2,20,999,999,999,1,1,10,1e-4,0.001,1,1e-5,5
71,7,background,40.1,29.668164756182676,EIG,0,5,500,2,20,999,999,999,1,1,10,1e-4,0.001,1,1e-5,5
71,7,background,40.15,35.32596331610118,EIG,0,5,500,2,20,999,999,999,1,1,10,1e-4,0.001,1,1e-5,5
83,7,background,36.15,30.281616796159906,EIG,0,5,500,2,20,999,999,999,1,10,0.1,1e-4,0.001,1,1e-5,5
83,7,background,60.4,47.31351203464642,EIG,0,5,500,2,20,999,999,999,1,10,0.1,1e-4,0.001,1,1e-5,5
83,7,background,38.65,44.13767337010771,EIG,0,5,500,2,20,999,999,999,1,10,0.1,1e-4,0.001,1,1e-5,5
83,7,background,59.2,50.4126132921848,EIG,0,5,500,2,20,999,999,999,1,10,0.1,1e-4,0.001,1,1e-5,5
83,7,background,40.35,37.72235830100597,EIG,0,5,500,2,20,999,999,999,1,10,0.1,1e-4,0.001,1,1e-5,5
83,7,background,37.9,33.19622679890307,EIG,0,5,500,2,20,999,999,999,1,10,0.1,1e-4,0.001,1,1e-5,5
83,7,background,29.25,29.985742225966415,EIG,0,5,500,2,20,999,999,999,1,10,0.1,1e-4,0.001,1,1e-5,5
83,7,background,16.9,22.33689419111939,EIG,0,5,500,2,20,999,999,999,1,10,0.1,1e-4,0.001,1,1e-5,5
83,7,background,30.45,25.974633374647823,EIG,0,5,500,2,20,999,999,999,1,10,0.1,1e-4,0.001,1,1e-5,5
83,7,background,29.35,28.66553955352553,EIG,0,5,500,2,20,999,999,999,1,10,0.1,1e-4,0.001,1,1e-5,5
55,7,background,26.25,37.86523888462178,EIG,0,5,500,2,20,999,999,999,1,1,1,1e-4,0.001,0.5,1e-5,5
55,7,background,44.75,49.33865251077442,EIG,0,5,500,2,20,999,999,999,1,1,1,1e-4,0.001,0.5,1e-5,5
55,7,background,64.25,66.23631934218568,EIG,0,5,500,2,20,999,999,999,1,1,1,1e-4,0.001,0.5,1e-5,5
55,7,background,39.95,47.66933804316653,EIG,0,5,500,2,20,999,999,999,1,1,1,1e-4,0.001,0.5,1e-5,5
55,7,background,31.5,31.27383301705992,EIG,0,5,500,2,20,999,999,999,1,1,1,1e-4,0.001,0.5,1e-5,5
83,7,background,51.4,37.53370415198081,EIG,0,5,500,2,20,999,999,999,1,10,0.1,1e-4,0.001,1,1e-5,5
83,7,background,57.15,54.11418240019991,EIG,0,5,500,2,20,999,999,999,1,10,0.1,1e-4,0.001,1,1e-5,5
83,7,background,50.85,39.0913572356642,EIG,0,5,500,2,20,999,999,999,1,10,0.1,1e-4,0.001,1,1e-5,5
83,7,background,64.35,45.61887305652529,EIG,0,5,500,2,20,999,999,999,1,10,0.1,1e-4,0.001,1,1e-5,5
83,7,background,50.85,44.36128587192357,EIG,0,5,500,2,20,999,999,999,1,10,0.1,1e-4,0.001,1,1e-5,5
71,7,background,35.1,28.92440237293727,EIG,0,5,500,2,20,999,999,999,1,1,10,1e-4,0.001,1,1e-5,5
71,7,background,39.05,41.42777481733468,EIG,0,5,500,2,20,999,999,999,1,1,10,1e-4,0.001,1,1e-5,5
71,7,background,55.3,52.43150920863081,EIG,0,5,500,2,20,999,999,999,1,1,10,1e-4,0.001,1,1e-5,5
71,7,background,40.9,40.02223066457467,EIG,0,5,500,2,20,999,999,999,1,1,10,1e-4,0.001,1,1e-5,5
71,7,background,47.85,40.41791551696898,EIG,0,5,500,2,20,999,999,999,1,1,10,1e-4,0.001,1,1e-5,5
83,7,background,48.6,47.35909849782104,EIG,0,5,500,2,20,999,999,999,1,10,0.1,1e-4,0.001,1,1e-5,5
83,7,background,56.85,37.904693501909286,EIG,0,5,500,2,20,999,999,999,1,10,0.1,1e-4,0.001,1,1e-5,5
83,7,background,65.55,50.90080652861168,EIG,0,5,500,2,20,999,999,999,1,10,0.1,1e-4,0.001,1,1e-5,5
83,7,background,49.85,37.51248914835249,EIG,0,5,500,2,20,999,999,999,1,10,0.1,1e-4,0.001,1,1e-5,5
83,7,background,50.1,52.94972789552867,EIG,0,5,500,2,20,999,999,999,1,10,0.1,1e-4,0.001,1,1e-5,5
71,7,background,23.4,24.90698485840552,EIG,0,5,500,2,20,999,999,999,1,1,10,1e-4,0.001,1,1e-5,5
71,7,background,21.25,25.166550481897488,EIG,0,5,500,2,20,999,999,999,1,1,10,1e-4,0.001,1,1e-5,5
71,7,background,25.15,26.876471807923473,EIG,0,5,500,2,20,999,999,999,1,1,10,1e-4,0.001,1,1e-5,5
71,7,background,28.9,33.18829850858186,EIG,0,5,500,2,20,999,999,999,1,1,10,1e-4,0.001,1,1e-5,5
71,7,background,28.45,33.22407972667129,EIG,0,5,500,2,20,999,999,999,1,1,10,1e-4,0.001,1,1e-5,5
55,7,background,46.55,35.461580396402624,EIG,0,5,500,2,20,999,999,999,1,1,1,1e-4,0.001,0.5,1e-5,5
55,7,background,49.4,44.387527883167216,EIG,0,5,500,2,20,999,999,999,1,1,1,1e-4,0.001,0.5,1e-5,5
55,7,background,44,35.92096587612427,EIG,0,5,500,2,20,999,999,999,1,1,1,1e-4,0.001,0.5,1e-5,5
55,7,background,46.3,52.425485967679585,EIG,0,5,500,2,20,999,999,999,1,1,1,1e-4,0.001,0.5,1e-5,5
55,7,background,34,44.83184958087392,EIG,0,5,500,2,20,999,999,999,1,1,1,1e-4,0.001,0.5,1e-5,5
71,7,background,16.95,19.345814180741776,EIG,0,5,500,2,20,999,999,999,1,1,10,1e-4,0.001,1,1e-5,5
71,7,background,19.45,24.856376921913032,EIG,0,5,500,2,20,999,999,999,1,1,10,1e-4,0.001,1,1e-5,5
71,7,background,25.7,23.18824566115568,EIG,0,5,500,2,20,999,999,999,1,1,10,1e-4,0.001,1,1e-5,5
71,7,background,35.45,37.25654304951011,EIG,0,5,500,2,20,999,999,999,1,1,10,1e-4,0.001,1,1e-5,5
71,7,background,25.1,22.682940494426298,EIG,0,5,500,2,20,999,999,999,1,1,10,1e-4,0.001,1,1e-5,5
83,7,background,22.7,28.22857827767717,EIG,0,5,500,2,20,999,999,999,1,10,0.1,1e-4,0.001,1,1e-5,5
83,7,background,30.55,37.012764512288264,EIG,0,5,500,2,20,999,999,999,1,10,0.1,1e-4,0.001,1,1e-5,5
83,7,background,22.85,24.986891300081837,EIG,0,5,500,2,20,999,999,999,1,10,0.1,1e-4,0.001,1,1e-5,5
83,7,background,30.55,36.955841358658255,EIG,0,5,500,2,20,999,999,999,1,10,0.1,1e-4,0.001,1,1e-5,5
83,7,background,32.9,36.92367661456321,EIG,0,5,500,2,20,999,999,999,1,10,0.1,1e-4,0.001,1,1e-5,5
71,7,background,2.6,6.6917073582472995,EIG,0,5,500,2,20,999,999,999,1,1,10,1e-4,0.001,1,1e-5,5
71,7,background,1.25,0.5501196042201808,EIG,0,5,500,2,20,999,999,999,1,1,10,1e-4,0.001,1,1e-5,5
71,7,background,2.3,3.9616583449491536,EIG,0,5,500,2,20,999,999,999,1,1,10,1e-4,0.001,1,1e-5,5
71,7,background,2.65,3.674592709260085,EIG,0,5,500,2,20,999,999,999,1,1,10,1e-4,0.001,1,1e-5,5
71,7,background,1.15,0.3663475485325232,EIG,0,5,500,2,20,999,999,999,1,1,10,1e-4,0.001,1,1e-5,5
71,7,background,1.2,0.4103913408340617,EIG,0,5,500,2,20,999,999,999,1,1,10,1e-4,0.001,1,1e-5,5
71,7,background,4,7.684571008127088,EIG,0,5,500,2,20,999,999,999,1,1,10,1e-4,0.001,1,1e-5,5
71,7,background,5.5,12.58026859390279,EIG,0,5,500,2,20,999,999,999,1,1,10,1e-4,0.001,1,1e-5,5
71,7,background,1.7,1.080935267549162,EIG,0,5,500,2,20,999,999,999,1,1,10,1e-4,0.001,1,1e-5,5
71,7,background,1.35,0.5871429486123998,EIG,0,5,500,2,20,999,999,999,1,1,10,1e-4,0.001,1,1e-5,5
55,7,background,7.85,11.041905823295464,EIG,0,5,500,2,20,999,999,999,1,1,1,1e-4,0.001,0.5,1e-5,5
55,7,background,2.55,3.886210439354432,EIG,0,5,500,2,20,999,999,999,1,1,1,1e-4,0.001,0.5,1e-5,5
55,7,background,1.65,1.3484884325167863,EIG,0,5,500,2,20,999,999,999,1,1,1,1e-4,0.001,0.5,1e-5,5
55,7,background,2.2,4.007886961322243,EIG,0,5,500,2,20,999,999,999,1,1,1,1e-4,0.001,0.5,1e-5,5
55,7,background,7.45,16.978236843553265,EIG,0,5,500,2,20,999,999,999,1,1,1,1e-4,0.001,0.5,1e-5,5
71,7,background,21.75,16.09143283012162,EIG,0,5,500,2,20,999,999,999,1,1,10,1e-4,0.001,1,1e-5,5
71,7,background,22.7,20.67569129500428,EIG,0,5,500,2,20,999,999,999,1,1,10,1e-4,0.001,1,1e-5,5
71,7,background,37.3,28.002067592834717,EIG,0,5,500,2,20,999,999,999,1,1,10,1e-4,0.001,1,1e-5,5
71,7,background,35.8,34.84945064884547,EIG,0,5,500,2,20,999,999,999,1,1,10,1e-4,0.001,1,1e-5,5
71,7,background,38.05,38.33848554239213,EIG,0,5,500,2,20,999,999,999,1,1,10,1e-4,0.001,1,1e-5,5
55,7,background,43.75,55.11889063890127,EIG,0,5,500,2,20,999,999,999,1,1,1,1e-4,0.001,0.5,1e-5,5
55,7,background,35.3,42.17894211445727,EIG,0,5,500,2,20,999,999,999,1,1,1,1e-4,0.001,0.5,1e-5,5
55,7,background,41.2,53.820950724063806,EIG,0,5,500,2,20,999,999,999,1,1,1,1e-4,0.001,0.5,1e-5,5
55,7,background,41.4,45.69970632175591,EIG,0,5,500,2,20,999,999,999,1,1,1,1e-4,0.001,0.5,1e-5,5
55,7,background,40.75,55.94534456902887,EIG,0,5,500,2,20,999,999,999,1,1,1,1e-4,0.001,0.5,1e-5,5
55,7,background,46.4,56.222677574838166,EIG,0,5,500,2,20,999,999,999,1,1,1,1e-4,0.001,0.5,1e-5,5
55,7,background,43.65,50.44358495545191,EIG,0,5,500,2,20,999,999,999,1,1,1,1e-4,0.001,0.5,1e-5,5
55,7,background,38.85,39.46254053229668,EIG,0,5,500,2,20,999,999,999,1,1,1,1e-4,0.001,0.5,1e-5,5
55,7,background,53.15,54.81094301035342,EIG,0,5,500,2,20,999,999,999,1,1,1,1e-4,0.001,0.5,1e-5,5
55,7,background,45.6,45.62363191892644,EIG,0,5,500,2,20,999,999,999,1,1,1,1e-4,0.001,0.5,1e-5,5
55,7,background,42.9,49.09164362377991,EIG,0,5,500,2,20,999,999,999,1,1,1,1e-4,0.001,0.5,1e-5,5
55,7,background,29.05,35.8600716234938,EIG,0,5,500,2,20,999,999,999,1,1,1,1e-4,0.001,0.5,1e-5,5
55,7,background,37.25,33.54003891658917,EIG,0,5,500,2,20,999,999,999,1,1,1,1e-4,0.001,0.5,1e-5,5
55,7,background,49.3,42.46249118804427,EIG,0,5,500,2,20,999,999,999,1,1,1,1e-4,0.001,0.5,1e-5,5
55,7,background,44.55,55.4384200807764,EIG,0,5,500,2,20,999,999,999,1,1,1,1e-4,0.001,0.5,1e-5,5
83,7,background,3.4,4.805698371944005,EIG,0,5,500,2,20,999,999,999,1,10,0.1,1e-4,0.001,1,1e-5,5
83,7,background,3.2,5.791100249975228,EIG,0,5,500,2,20,999,999,999,1,10,0.1,1e-4,0.001,1,1e-5,5
83,7,background,4.2,7.16423867479816,EIG,0,5,500,2,20,999,999,999,1,10,0.1,1e-4,0.001,1,1e-5,5
83,7,background,5.45,7.16332031216927,EIG,0,5,500,2,20,999,999,999,1,10,0.1,1e-4,0.001,1,1e-5,5
83,7,background,8.55,11.403946685248927,EIG,0,5,500,2,20,999,999,999,1,10,0.1,1e-4,0.001,1,1e-5,5
55,7,background,13,18.46476017772916,EIG,0,5,500,2,20,999,999,999,1,1,1,1e-4,0.001,0.5,1e-5,5
55,7,background,5.4,10.117207852804157,EIG,0,5,500,2,20,999,999,999,1,1,1,1e-4,0.001,0.5,1e-5,5
55,7,background,5.15,12.70422639994473,EIG,0,5,500,2,20,999,999,999,1,1,1,1e-4,0.001,0.5,1e-5,5
55,7,background,11.4,19.669372397875733,EIG,0,5,500,2,20,999,999,999,1,1,1,1e-4,0.001,0.5,1e-5,5
55,7,background,16.1,30.568129257705476,EIG,0,5,500,2,20,999,999,999,1,1,1,1e-4,0.001,0.5,1e-5,5
71,7,background,31.55,31.595261137008972,EIG,0,5,500,2,20,999,999,999,1,1,10,1e-4,0.001,1,1e-5,5
71,7,background,39.05,44.1271786401175,EIG,0,5,500,2,20,999,999,999,1,1,10,1e-4,0.001,1,1e-5,5
71,7,background,26.4,23.23880602060179,EIG,0,5,500,2,20,999,999,999,1,1,10,1e-4,0.001,1,1e-5,5
71,7,background,22.6,22.997482699772075,EIG,0,5,500,2,20,999,999,999,1,1,10,1e-4,0.001,1,1e-5,5
71,7,background,45.25,43.45581543058238,EIG,0,5,500,2,20,999,999,999,1,1,10,1e-4,0.001,1,1e-5,5
71,7,background,41.2,43.35119739741307,EIG,0,5,500,2,20,999,999,999,1,1,10,1e-4,0.001,1,1e-5,5
71,7,background,25.95,23.15275361593087,EIG,0,5,500,2,20,999,999,999,1,1,10,1e-4,0.001,1,1e-5,5
71,7,background,36.35,29.86509139799385,EIG,0,5,500,2,20,999,999,999,1,1,10,1e-4,0.001,1,1e-5,5
83,7,background,33.05,35.005976933270006,EIG,0,5,500,2,20,999,999,999,1,10,0.1,1e-4,0.001,1,1e-5,5
71,7,background,33.45,30.9166536624553,EIG,0,5,500,2,20,999,999,999,1,1,10,1e-4,0.001,1,1e-5,5
83,7,background,26.2,25.836734354505083,EIG,0,5,500,2,20,999,999,999,1,10,0.1,1e-4,0.001,1,1e-5,5
71,7,background,26.35,37.00110240178485,EIG,0,5,500,2,20,999,999,999,1,1,10,1e-4,0.001,1,1e-5,5
83,7,background,30.95,30.644781473832495,EIG,0,5,500,2,20,999,999,999,1,10,0.1,1e-4,0.001,1,1e-5,5
83,7,background,34.45,31.59692689920468,EIG,0,5,500,2,20,999,999,999,1,10,0.1,1e-4,0.001,1,1e-5,5
83,7,background,36.8,33.431154710287196,EIG,0,5,500,2,20,999,999,999,1,10,0.1,1e-4,0.001,1,1e-5,5
55,7,background,46.9,62.981116635318394,EIG,0,5,500,2,20,999,999,999,1,1,1,1e-4,0.001,0.5,1e-5,5
55,7,background,17.3,31.797219342180487,EIG,0,5,500,2,20,999,999,999,1,1,1,1e-4,0.001,0.5,1e-5,5
55,7,background,28.4,34.52596277098088,EIG,0,5,500,2,20,999,999,999,1,1,1,1e-4,0.001,0.5,1e-5,5
55,7,background,26.75,29.573948350746665,EIG,0,5,500,2,20,999,999,999,1,1,1,1e-4,0.001,0.5,1e-5,5
55,7,background,31.95,43.712547879359114,EIG,0,5,500,2,20,999,999,999,1,1,1,1e-4,0.001,0.5,1e-5,5
71,7,background,41.45,39.852986416525795,EIG,0,5,500,2,20,999,999,999,1,1,10,1e-4,0.001,1,1e-5,5
71,7,background,40.45,49.9088379474333,EIG,0,5,500,2,20,999,999,999,1,1,10,1e-4,0.001,1,1e-5,5
71,7,background,42.1,32.43114162912587,EIG,0,5,500,2,20,999,999,999,1,1,10,1e-4,0.001,1,1e-5,5
71,7,background,38.65,37.93939072284968,EIG,0,5,500,2,20,999,999,999,1,1,10,1e-4,0.001,1,1e-5,5
71,7,background,42.75,31.64586112457345,EIG,0,5,500,2,20,999,999,999,1,1,10,1e-4,0.001,1,1e-5,5
83,7,background,41.8,37.12085525330528,EIG,0,5,500,2,20,999,999,999,1,10,0.1,1e-4,0.001,1,1e-5,5
83,7,background,38.95,32.62945875964491,EIG,0,5,500,2,20,999,999,999,1,10,0.1,1e-4,0.001,1,1e-5,5
83,7,background,42.9,37.661791331743494,EIG,0,5,500,2,20,999,999,999,1,10,0.1,1e-4,0.001,1,1e-5,5
83,7,background,37.5,58.74879618027571,EIG,0,5,500,2,20,999,999,999,1,10,0.1,1e-4,0.001,1,1e-5,5
83,7,background,59.45,42.11072497469899,EIG,0,5,500,2,20,999,999,999,1,10,0.1,1e-4,0.001,1,1e-5,5
55,7,background,40.8,34.39032911796724,EIG,0,5,500,2,20,999,999,999,1,1,1,1e-4,0.001,0.5,1e-5,5
55,7,background,56.1,50.702330476906816,EIG,0,5,500,2,20,999,999,999,1,1,1,1e-4,0.001,0.5,1e-5,5
55,7,background,38.15,33.50769746601047,EIG,0,5,500,2,20,999,999,999,1,1,1,1e-4,0.001,0.5,1e-5,5
55,7,background,33.85,43.15367277166812,EIG,0,5,500,2,20,999,999,999,1,1,1,1e-4,0.001,0.5,1e-5,5
55,7,background,61.7,94.03700279537222,EIG,0,5,500,2,20,999,999,999,1,1,1,1e-4,0.001,0.5,1e-5,5
71,7,background,26.15,26.760684044439447,EIG,0,5,500,2,20,999,999,999,1,1,10,1e-4,0.001,1,1e-5,5
71,7,background,20.05,15.295252101292911,EIG,0,5,500,2,20,999,999,999,1,1,10,1e-4,0.001,1,1e-5,5
71,7,background,25.1,27.746787391089367,EIG,0,5,500,2,20,999,999,999,1,1,10,1e-4,0.001,1,1e-5,5
71,7,background,35.15,31.454687542893392,EIG,0,5,500,2,20,999,999,999,1,1,10,1e-4,0.001,1,1e-5,5
71,7,background,32.3,31.82534574170322,EIG,0,5,500,2,20,999,999,999,1,1,10,1e-4,0.001,1,1e-5,5
83,7,background,25.35,24.127457605937593,EIG,0,5,500,2,20,999,999,999,1,10,0.1,1e-4,0.001,1,1e-5,5
83,7,background,34.8,33.42958034593409,EIG,0,5,500,2,20,999,999,999,1,10,0.1,1e-4,0.001,1,1e-5,5
83,7,background,17.25,21.22777475508518,EIG,0,5,500,2,20,999,999,999,1,10,0.1,1e-4,0.001,1,1e-5,5
83,7,background,30.9,43.99509542042877,EIG,0,5,500,2,20,999,999,999,1,10,0.1,1e-4,0.001,1,1e-5,5
83,7,background,20.8,24.7462915882041,EIG,0,5,500,2,20,999,999,999,1,10,0.1,1e-4,0.001,1,1e-5,5
83,7,background,28.55,39.991413552095615,EIG,0,5,500,2,20,999,999,999,1,10,0.1,1e-4,0.001,1,1e-5,5
83,7,background,20.2,20.99273057136935,EIG,0,5,500,2,20,999,999,999,1,10,0.1,1e-4,0.001,1,1e-5,5
83,7,background,29.75,32.372624887476505,EIG,0,5,500,2,20,999,999,999,1,10,0.1,1e-4,0.001,1,1e-5,5
83,7,background,22.95,26.941408160751553,EIG,0,5,500,2,20,999,999,999,1,10,0.1,1e-4,0.001,1,1e-5,5
83,7,background,22.5,27.450433799659223,EIG,0,5,500,2,20,999,999,999,1,10,0.1,1e-4,0.001,1,1e-5,5
83,7,background,29.15,36.485433286522216,EIG,0,5,500,2,20,999,999,999,1,10,0.1,1e-4,0.001,1,1e-5,5
83,7,background,22.75,24.954432155641733,EIG,0,5,500,2,20,999,999,999,1,10,0.1,1e-4,0.001,1,1e-5,5
83,7,background,24.9,24.04360074618827,EIG,0,5,500,2,20,999,999,999,1,10,0.1,1e-4,0.001,1,1e-5,5
83,7,background,17.25,21.834002936029076,EIG,0,5,500,2,20,999,999,999,1,10,0.1,1e-4,0.001,1,1e-5,5
83,7,background,29.2,28.201530380273223,EIG,0,5,500,2,20,999,999,999,1,10,0.1,1e-4,0.001,1,1e-5,5
55,7,background,61.9,96.73506956740418,EIG,0,5,500,2,20,999,999,999,1,1,1,1e-4,0.001,0.5,1e-5,5
55,7,background,45.35,42.127969206617166,EIG,0,5,500,2,20,999,999,999,1,1,1,1e-4,0.001,0.5,1e-5,5
55,7,background,49.4,47.2767885631216,EIG,0,5,500,2,20,999,999,999,1,1,1,1e-4,0.001,0.5,1e-5,5
55,7,background,53.85,52.49388435557844,EIG,0,5,500,2,20,999,999,999,1,1,1,1e-4,0.001,0.5,1e-5,5
55,7,background,38.5,40.929335766852965,EIG,0,5,500,2,20,999,999,999,1,1,1,1e-4,0.001,0.5,1e-5,5
83,7,background,39.95,30.095418430822917,EIG,0,5,500,2,20,999,999,999,1,10,0.1,1e-4,0.001,1,1e-5,5
83,7,background,26.6,33.090625163091296,EIG,0,5,500,2,20,999,999,999,1,10,0.1,1e-4,0.001,1,1e-5,5
83,7,background,40.85,34.56995196622883,EIG,0,5,500,2,20,999,999,999,1,10,0.1,1e-4,0.001,1,1e-5,5
83,7,background,36.05,39.413429450539205,EIG,0,5,500,2,20,999,999,999,1,10,0.1,1e-4,0.001,1,1e-5,5
83,7,background,35.55,25.96247291765559,EIG,0,5,500,2,20,999,999,999,1,10,0.1,1e-4,0.001,1,1e-5,5
55,7,background,55.6,56.84549697483336,EIG,0,5,500,2,20,999,999,999,1,1,1,1e-4,0.001,0.5,1e-5,5
55,7,background,31.55,40.8984300303492,EIG,0,5,500,2,20,999,999,999,1,1,1,1e-4,0.001,0.5,1e-5,5
55,7,background,19.6,24.60936920425997,EIG,0,5,500,2,20,999,999,999,1,1,1,1e-4,0.001,0.5,1e-5,5
55,7,background,20.65,29.455184513712386,EIG,0,5,500,2,20,999,999,999,1,1,1,1e-4,0.001,0.5,1e-5,5
55,7,background,17.75,29.339886628417993,EIG,0,5,500,2,20,999,999,999,1,1,1,1e-4,0.001,0.5,1e-5,5
71,7,background,23.85,24.923620164519903,EIG,0,5,500,2,20,999,999,999,1,1,10,1e-4,0.001,1,1e-5,5
71,7,background,30.5,36.005116595459484,EIG,0,5,500,2,20,999,999,999,1,1,10,1e-4,0.001,1,1e-5,5
71,7,background,11.55,13.504287818085196,EIG,0,5,500,2,20,999,999,999,1,1,10,1e-4,0.001,1,1e-5,5
71,7,background,21.2,25.78575698244856,EIG,0,5,500,2,20,999,999,999,1,1,10,1e-4,0.001,1,1e-5,5
71,7,background,22.95,20.189822866197243,EIG,0,5,500,2,20,999,999,999,1,1,10,1e-4,0.001,1,1e-5,5
55,7,background,31.05,37.10649680666659,EIG,0,5,500,2,20,999,999,999,1,1,1,1e-4,0.001,0.5,1e-5,5
55,7,background,51.65,84.82010374905232,EIG,0,5,500,2,20,999,999,999,1,1,1,1e-4,0.001,0.5,1e-5,5
55,7,background,20.8,33.802211076854284,EIG,0,5,500,2,20,999,999,999,1,1,1,1e-4,0.001,0.5,1e-5,5
55,7,background,25.9,44.53845174914061,EIG,0,5,500,2,20,999,999,999,1,1,1,1e-4,0.001,0.5,1e-5,5
55,7,background,32.2,36.48013157871008,EIG,0,5,500,2,20,999,999,999,1,1,1,1e-4,0.001,0.5,1e-5,5
83,7,background,28.7,31.070547909047583,EIG,0,5,500,2,20,999,999,999,1,10,0.1,1e-4,0.001,1,1e-5,5
83,7,background,26.15,33.67847196183655,EIG,0,5,500,2,20,999,999,999,1,10,0.1,1e-4,0.001,1,1e-5,5
83,7,background,32.05,35.895278974143366,EIG,0,5,500,2,20,999,999,999,1,10,0.1,1e-4,0.001,1,1e-5,5
83,7,background,25.6,32.7340157859326,EIG,0,5,500,2,20,999,999,999,1,10,0.1,1e-4,0.001,1,1e-5,5
83,7,background,27.5,36.857477995795186,EIG,0,5,500,2,20,999,999,999,1,10,0.1,1e-4,0.001,1,1e-5,5
83,7,background,31.3,33.20288509975253,EIG,0,5,500,2,20,999,999,999,1,10,0.1,1e-4,0.001,1,1e-5,5
83,7,background,25.15,31.202690504776054,EIG,0,5,500,2,20,999,999,999,1,10,0.1,1e-4,0.001,1,1e-5,5
55,7,background,28.1,34.56633592018929,EIG,0,5,500,2,20,999,999,999,1,1,1,1e-4,0.001,0.5,1e-5,5
83,7,background,25.45,31.20471455607816,EIG,0,5,500,2,20,999,999,999,1,10,0.1,1e-4,0.001,1,1e-5,5
55,7,background,28.65,37.478801025590315,EIG,0,5,500,2,20,999,999,999,1,1,1,1e-4,0.001,0.5,1e-5,5
83,7,background,25.8,27.626455665386736,EIG,0,5,500,2,20,999,999,999,1,10,0.1,1e-4,0.001,1,1e-5,5
55,7,background,13.4,15.7058487262079,EIG,0,5,500,2,20,999,999,999,1,1,1,1e-4,0.001,0.5,1e-5,5
83,7,background,19.75,29.70712301611748,EIG,0,5,500,2,20,999,999,999,1,10,0.1,1e-4,0.001,1,1e-5,5
55,7,background,17.5,23.623137631968948,EIG,0,5,500,2,20,999,999,999,1,1,1,1e-4,0.001,0.5,1e-5,5
55,7,background,14.55,18.71243605621392,EIG,0,5,500,2,20,999,999,999,1,1,1,1e-4,0.001,0.5,1e-5,5
71,7,identity,16.2,14.500816673916209,EIG,0,5,500,2,20,999,999,999,1,1,10,1e-4,0.001,1,1e-5,5
71,7,identity,21.2,37.95925793739776,EIG,0,5,500,2,20,999,999,999,1,1,10,1e-4,0.001,1,1e-5,5
71,7,identity,11.65,13.600599831973357,EIG,0,5,500,2,20,999,999,999,1,1,10,1e-4,0.001,1,1e-5,5
71,7,identity,18.75,25.289637986212536,EIG,0,5,500,2,20,999,999,999,1,1,10,1e-4,0.001,1,1e-5,5
71,7,identity,12.95,11.259966345654108,EIG,0,5,500,2,20,999,999,999,1,1,10,1e-4,0.001,1,1e-5,5
71,7,identity,12.7,16.75237610797817,EIG,0,5,500,2,20,999,999,999,1,1,10,1e-4,0.001,1,1e-5,5
71,7,identity,13.2,15.521123128108185,EIG,0,5,500,2,20,999,999,999,1,1,10,1e-4,0.001,1,1e-5,5
71,7,identity,14,13.46730934717962,EIG,0,5,500,2,20,999,999,999,1,1,10,1e-4,0.001,1,1e-5,5
71,7,identity,8.55,10.251957451089394,EIG,0,5,500,2,20,999,999,999,1,1,10,1e-4,0.001,1,1e-5,5
71,7,identity,26.65,35.67731846189647,EIG,0,5,500,2,20,999,999,999,1,1,10,1e-4,0.001,1,1e-5,5
55,7,identity,22.3,26.107268598691256,EIG,0,5,500,2,20,999,999,999,1,1,1,1e-4,0.001,0.5,1e-5,5
55,7,identity,15.85,18.963330264930843,EIG,0,5,500,2,20,999,999,999,1,1,1,1e-4,0.001,0.5,1e-5,5
55,7,identity,10.55,9.561298084079985,EIG,0,5,500,2,20,999,999,999,1,1,1,1e-4,0.001,0.5,1e-5,5
55,7,identity,11.6,16.3204747092982,EIG,0,5,500,2,20,999,999,999,1,1,1,1e-4,0.001,0.5,1e-5,5
55,7,identity,13.05,15.856179270323342,EIG,0,5,500,2,20,999,999,999,1,1,1,1e-4,0.001,0.5,1e-5,5
71,7,identity,22.15,29.158866124803456,EIG,0,5,500,2,20,999,999,999,1,1,10,1e-4,0.001,1,1e-5,5
71,7,identity,21.1,22.119055847367157,EIG,0,5,500,2,20,999,999,999,1,1,10,1e-4,0.001,1,1e-5,5
71,7,identity,20.7,25.420878282065296,EIG,0,5,500,2,20,999,999,999,1,1,10,1e-4,0.001,1,1e-5,5
71,7,identity,13.55,13.22865709061402,EIG,0,5,500,2,20,999,999,999,1,1,10,1e-4,0.001,1,1e-5,5
71,7,identity,17.2,15.869865518615692,EIG,0,5,500,2,20,999,999,999,1,1,10,1e-4,0.001,1,1e-5,5
83,7,identity,24.6,26.951027712071433,EIG,0,5,500,2,20,999,999,999,1,10,0.1,1e-4,0.001,1,1e-5,5
83,7,identity,10.7,12.105240274577914,EIG,0,5,500,2,20,999,999,999,1,10,0.1,1e-4,0.001,1,1e-5,5
83,7,identity,11.2,7.251860015486408,EIG,0,5,500,2,20,999,999,999,1,10,0.1,1e-4,0.001,1,1e-5,5
83,7,identity,18.45,15.48335269010933,EIG,0,5,500,2,20,999,999,999,1,10,0.1,1e-4,0.001,1,1e-5,5
83,7,identity,17.2,18.32341039274765,EIG,0,5,500,2,20,999,999,999,1,10,0.1,1e-4,0.001,1,1e-5,5
83,7,identity,22.15,29.690109996073563,EIG,0,5,500,2,20,999,999,999,1,10,0.1,1e-4,0.001,1,1e-5,5
83,7,identity,28.45,27.427368198859135,EIG,0,5,500,2,20,999,999,999,1,10,0.1,1e-4,0.001,1,1e-5,5
83,7,identity,29.25,25.33745926696801,EIG,0,5,500,2,20,999,999,999,1,10,0.1,1e-4,0.001,1,1e-5,5
83,7,identity,26.05,26.262791369660533,EIG,0,5,500,2,20,999,999,999,1,10,0.1,1e-4,0.001,1,1e-5,5
83,7,identity,27,35.110352349488934,EIG,0,5,500,2,20,999,999,999,1,10,0.1,1e-4,0.001,1,1e-5,5
71,7,identity,42.75,51.2556800446751,EIG,0,5,500,2,20,999,999,999,1,1,10,1e-4,0.001,1,1e-5,5
71,7,identity,40.5,48.361032595305595,EIG,0,5,500,2,20,999,999,999,1,1,10,1e-4,0.001,1,1e-5,5
71,7,identity,32,53.275846210770645,EIG,0,5,500,2,20,999,999,999,1,1,10,1e-4,0.001,1,1e-5,5
71,7,identity,34.55,64.77692490385753,EIG,0,5,500,2,20,999,999,999,1,1,10,1e-4,0.001,1,1e-5,5
71,7,identity,25,34.009286657431794,EIG,0,5,500,2,20,999,999,999,1,1,10,1e-4,0.001,1,1e-5,5
71,7,identity,17.2,22.46775467197379,EIG,0,5,500,2,20,999,999,999,1,1,10,1e-4,0.001,1,1e-5,5
71,7,identity,27.1,38.64262713091525,EIG,0,5,500,2,20,999,999,999,1,1,10,1e-4,0.001,1,1e-5,5
71,7,identity,32.7,33.678198476634385,EIG,0,5,500,2,20,999,999,999,1,1,10,1e-4,0.001,1,1e-5,5
71,7,identity,30,40.969822013153454,EIG,0,5,500,2,20,999,999,999,1,1,10,1e-4,0.001,1,1e-5,5
71,7,identity,39.75,72.78582496468302,EIG,0,5,500,2,20,999,999,999,1,1,10,1e-4,0.001,1,1e-5,5
83,7,identity,17.6,19.69343999781065,EIG,0,5,500,2,20,999,999,999,1,10,0.1,1e-4,0.001,1,1e-5,5
83,7,identity,64.05,108.48598017595104,EIG,0,5,500,2,20,999,999,999,1,10,0.1,1e-4,0.001,1,1e-5,5
83,7,identity,28.5,37.01280006188471,EIG,0,5,500,2,20,999,999,999,1,10,0.1,1e-4,0.001,1,1e-5,5
83,7,identity,39.6,39.79076856706709,EIG,0,5,500,2,20,999,999,999,1,10,0.1,1e-4,0.001,1,1e-5,5
83,7,identity,36,49.30250340606715,EIG,0,5,500,2,20,999,999,999,1,10,0.1,1e-4,0.001,1,1e-5,5
71,7,identity,20,24.318067790279542,EIG,0,5,500,2,20,999,999,999,1,1,10,1e-4,0.001,1,1e-5,5
71,7,identity,49.65,58.084579890472064,EIG,0,5,500,2,20,999,999,999,1,1,10,1e-4,0.001,1,1e-5,5
71,7,identity,30.7,28.628473128761343,EIG,0,5,500,2,20,999,999,999,1,1,10,1e-4,0.001,1,1e-5,5
71,7,identity,21.85,28.49427458649415,EIG,0,5,500,2,20,999,999,999,1,1,10,1e-4,0.001,1,1e-5,5
71,7,identity,29.35,37.06789645189515,EIG,0,5,500,2,20,999,999,999,1,1,10,1e-4,0.001,1,1e-5,5
71,7,identity,27.8,29.224358981759323,EIG,0,5,500,2,20,999,999,999,1,1,10,1e-4,0.001,1,1e-5,5
71,7,identity,60.8,92.60930952407708,EIG,0,5,500,2,20,999,999,999,1,1,10,1e-4,0.001,1,1e-5,5
83,7,identity,34.75,40.97993732496299,EIG,0,5,500,2,20,999,999,999,1,10,0.1,1e-4,0.001,1,1e-5,5
71,7,identity,33.6,37.408695864942814,EIG,0,5,500,2,20,999,999,999,1,1,10,1e-4,0.001,1,1e-5,5
83,7,identity,42.2,42.58934880435421,EIG,0,5,500,2,20,999,999,999,1,10,0.1,1e-4,0.001,1,1e-5,5
83,7,identity,13.4,21.5000611994233,EIG,0,5,500,2,20,999,999,999,1,10,0.1,1e-4,0.001,1,1e-5,5
71,7,identity,44.35,41.01382950330675,EIG,0,5,500,2,20,999,999,999,1,1,10,1e-4,0.001,1,1e-5,5
83,7,identity,38.8,34.327524632114404,EIG,0,5,500,2,20,999,999,999,1,10,0.1,1e-4,0.001,1,1e-5,5
71,7,identity,39.85,44.877933858060146,EIG,0,5,500,2,20,999,999,999,1,1,10,1e-4,0.001,1,1e-5,5
83,7,identity,22.75,20.271512290066465,EIG,0,5,500,2,20,999,999,999,1,10,0.1,1e-4,0.001,1,1e-5,5
71,7,identity,40.35,55.787449069519305,EIG,0,5,500,2,20,999,999,999,1,1,10,1e-4,0.001,1,1e-5,5
71,7,identity,15.4,23.58947133563482,EIG,0,5,500,2,20,999,999,999,1,1,10,1e-4,0.001,1,1e-5,5
71,7,identity,41.15,60.81055569726794,EIG,0,5,500,2,20,999,999,999,1,1,10,1e-4,0.001,1,1e-5,5
71,7,identity,27.25,29.45268283732043,EIG,0,5,500,2,20,999,999,999,1,1,10,1e-4,0.001,1,1e-5,5
71,7,identity,29.35,30.95884364765584,EIG,0,5,500,2,20,999,999,999,1,1,10,1e-4,0.001,1,1e-5,5
83,7,identity,27.4,15.782735404298752,EIG,0,5,500,2,20,999,999,999,1,10,0.1,1e-4,0.001,1,1e-5,5
83,7,identity,32.35,28.639823213215028,EIG,0,5,500,2,20,999,999,999,1,10,0.1,1e-4,0.001,1,1e-5,5
83,7,identity,33.55,43.88798540782995,EIG,0,5,500,2,20,999,999,999,1,10,0.1,1e-4,0.001,1,1e-5,5
83,7,identity,35.35,45.387541763885174,EIG,0,5,500,2,20,999,999,999,1,10,0.1,1e-4,0.001,1,1e-5,5
83,7,identity,33.95,36.320901623401944,EIG,0,5,500,2,20,999,999,999,1,10,0.1,1e-4,0.001,1,1e-5,5
55,7,identity,21.8,27.27366186596415,EIG,0,5,500,2,20,999,999,999,1,1,1,1e-4,0.001,0.5,1e-5,5
55,7,identity,24.8,25.79187958702465,EIG,0,5,500,2,20,999,999,999,1,1,1,1e-4,0.001,0.5,1e-5,5
55,7,identity,36,56.70514689347454,EIG,0,5,500,2,20,999,999,999,1,1,1,1e-4,0.001,0.5,1e-5,5
55,7,identity,46.05,73.31078401321035,EIG,0,5,500,2,20,999,999,999,1,1,1,1e-4,0.001,0.5,1e-5,5
55,7,identity,27.4,23.831425515593125,EIG,0,5,500,2,20,999,999,999,1,1,1,1e-4,0.001,0.5,1e-5,5
55,7,identity,20.75,19.349622599338783,EIG,0,5,500,2,20,999,999,999,1,1,1,1e-4,0.001,0.5,1e-5,5
55,7,identity,28.1,38.76637175371675,EIG,0,5,500,2,20,999,999,999,1,1,1,1e-4,0.001,0.5,1e-5,5
55,7,identity,25.95,39.868830986254494,EIG,0,5,500,2,20,999,999,999,1,1,1,1e-4,0.001,0.5,1e-5,5
55,7,identity,25,31.2005398063964,EIG,0,5,500,2,20,999,999,999,1,1,1,1e-4,0.001,0.5,1e-5,5
55,7,identity,21.1,33.29279991703596,EIG,0,5,500,2,20,999,999,999,1,1,1,1e-4,0.001,0.5,1e-5,5
55,7,identity,26.05,27.58618075089505,EIG,0,5,500,2,20,999,999,999,1,1,1,1e-4,0.001,0.5,1e-5,5
55,7,identity,35.2,46.97883061886268,EIG,0,5,500,2,20,999,999,999,1,1,1,1e-4,0.001,0.5,1e-5,5
55,7,identity,31.6,31.16577069731943,EIG,0,5,500,2,20,999,999,999,1,1,1,1e-4,0.001,0.5,1e-5,5
55,7,identity,20.1,25.79249176754637,EIG,0,5,500,2,20,999,999,999,1,1,1,1e-4,0.001,0.5,1e-5,5
55,7,identity,33.65,30.953743077797817,EIG,0,5,500,2,20,999,999,999,1,1,1,1e-4,0.001,0.5,1e-5,5
71,7,identity,40.5,53.91757842446093,EIG,0,5,500,2,20,999,999,999,1,1,10,1e-4,0.001,1,1e-5,5
71,7,identity,52.95,55.44221743116171,EIG,0,5,500,2,20,999,999,999,1,1,10,1e-4,0.001,1,1e-5,5
71,7,identity,29.25,41.667701741529406,EIG,0,5,500,2,20,999,999,999,1,1,10,1e-4,0.001,1,1e-5,5
71,7,identity,30.95,36.14368256657979,EIG,0,5,500,2,20,999,999,999,1,1,10,1e-4,0.001,1,1e-5,5
71,7,identity,36.05,37.16318920086041,EIG,0,5,500,2,20,999,999,999,1,1,10,1e-4,0.001,1,1e-5,5
55,7,identity,40.65,67.89641878781623,EIG,0,5,500,2,20,999,999,999,1,1,1,1e-4,0.001,0.5,1e-5,5
55,7,identity,39.2,55.800962074332126,EIG,0,5,500,2,20,999,999,999,1,1,1,1e-4,0.001,0.5,1e-5,5
55,7,identity,22.5,41.937924050723,EIG,0,5,500,2,20,999,999,999,1,1,1,1e-4,0.001,0.5,1e-5,5
55,7,identity,38.8,52.30739104461947,EIG,0,5,500,2,20,999,999,999,1,1,1,1e-4,0.001,0.5,1e-5,5
55,7,identity,26.65,39.981936710943536,EIG,0,5,500,2,20,999,999,999,1,1,1,1e-4,0.001,0.5,1e-5,5
55,7,identity,28.4,30.10053330529474,EIG,0,5,500,2,20,999,999,999,1,1,1,1e-4,0.001,0.5,1e-5,5
55,7,identity,50.05,49.08046561783168,EIG,0,5,500,2,20,999,999,999,1,1,1,1e-4,0.001,0.5,1e-5,5
55,7,identity,34.9,50.630654330106545,EIG,0,5,500,2,20,999,999,999,1,1,1,1e-4,0.001,0.5,1e-5,5
55,7,identity,39.15,65.61953736662981,EIG,0,5,500,2,20,999,999,999,1,1,1,1e-4,0.001,0.5,1e-5,5
55,7,identity,18.9,23.23087781833752,EIG,0,5,500,2,20,999,999,999,1,1,1,1e-4,0.001,0.5,1e-5,5
55,7,identity,28.1,56.24280070888137,EIG,0,5,500,2,20,999,999,999,1,1,1,1e-4,0.001,0.5,1e-5,5
55,7,identity,23.5,37.15047637294631,EIG,0,5,500,2,20,999,999,999,1,1,1,1e-4,0.001,0.5,1e-5,5
55,7,identity,39.45,59.81944323941576,EIG,0,5,500,2,20,999,999,999,1,1,1,1e-4,0.001,0.5,1e-5,5
55,7,identity,52.85,82.54840685127854,EIG,0,5,500,2,20,999,999,999,1,1,1,1e-4,0.001,0.5,1e-5,5
55,7,identity,30.05,46.08627492911643,EIG,0,5,500,2,20,999,999,999,1,1,1,1e-4,0.001,0.5,1e-5,5
55,7,identity,31.85,35.4657358735531,EIG,0,5,500,2,20,999,999,999,1,1,1,1e-4,0.001,0.5,1e-5,5
55,7,identity,36.2,40.7335371976407,EIG,0,5,500,2,20,999,999,999,1,1,1,1e-4,0.001,0.5,1e-5,5
55,7,identity,49.2,60.89386798270198,EIG,0,5,500,2,20,999,999,999,1,1,1,1e-4,0.001,0.5,1e-5,5
55,7,identity,43.1,48.67496925092966,EIG,0,5,500,2,20,999,999,999,1,1,1,1e-4,0.001,0.5,1e-5,5
55,7,identity,50,54.95548437742947,EIG,0,5,500,2,20,999,999,999,1,1,1,1e-4,0.001,0.5,1e-5,5
83,7,identity,37.85,41.26585819574795,EIG,0,5,500,2,20,999,999,999,1,10,0.1,1e-4,0.001,1,1e-5,5
83,7,identity,42.05,36.009465129981706,EIG,0,5,500,2,20,999,999,999,1,10,0.1,1e-4,0.001,1,1e-5,5
83,7,identity,42,52.17884225380407,EIG,0,5,500,2,20,999,999,999,1,10,0.1,1e-4,0.001,1,1e-5,5
83,7,identity,41.4,36.8573351979594,EIG,0,5,500,2,20,999,999,999,1,10,0.1,1e-4,0.001,1,1e-5,5
83,7,identity,31.1,25.428744613755097,EIG,0,5,500,2,20,999,999,999,1,10,0.1,1e-4,0.001,1,1e-5,5
83,7,identity,39.45,32.8625126373822,EIG,0,5,500,2,20,999,999,999,1,10,0.1,1e-4,0.001,1,1e-5,5
83,7,identity,30.15,42.1054753284128,EIG,0,5,500,2,20,999,999,999,1,10,0.1,1e-4,0.001,1,1e-5,5
83,7,identity,36.3,30.64757224007354,EIG,0,5,500,2,20,999,999,999,1,10,0.1,1e-4,0.001,1,1e-5,5
83,7,identity,42.2,47.83040213526385,EIG,0,5,500,2,20,999,999,999,1,10,0.1,1e-4,0.001,1,1e-5,5
83,7,identity,42.45,41.32601449068384,EIG,0,5,500,2,20,999,999,999,1,10,0.1,1e-4,0.001,1,1e-5,5
55,7,identity,36.75,45.55606724858824,EIG,0,5,500,2,20,999,999,999,1,1,1,1e-4,0.001,0.5,1e-5,5
55,7,identity,40.15,37.87691284035421,EIG,0,5,500,2,20,999,999,999,1,1,1,1e-4,0.001,0.5,1e-5,5
55,7,identity,34.95,30.42588060395813,EIG,0,5,500,2,20,999,999,999,1,1,1,1e-4,0.001,0.5,1e-5,5
55,7,identity,26.45,25.87718971156685,EIG,0,5,500,2,20,999,999,999,1,1,1,1e-4,0.001,0.5,1e-5,5
55,7,identity,21.4,23.18665677995815,EIG,0,5,500,2,20,999,999,999,1,1,1,1e-4,0.001,0.5,1e-5,5
55,7,identity,27.25,29.09128102334009,EIG,0,5,500,2,20,999,999,999,1,1,1,1e-4,0.001,0.5,1e-5,5
55,7,identity,22.45,19.824161228688908,EIG,0,5,500,2,20,999,999,999,1,1,1,1e-4,0.001,0.5,1e-5,5
55,7,identity,22.85,33.88102247882325,EIG,0,5,500,2,20,999,999,999,1,1,1,1e-4,0.001,0.5,1e-5,5
55,7,identity,50,49.604753592245245,EIG,0,5,500,2,20,999,999,999,1,1,1,1e-4,0.001,0.5,1e-5,5
55,7,identity,38,41.88455311297572,EIG,0,5,500,2,20,999,999,999,1,1,1,1e-4,0.001,0.5,1e-5,5
71,7,identity,45.9,64.33129712258011,EIG,0,5,500,2,20,999,999,999,1,1,10,1e-4,0.001,1,1e-5,5
71,7,identity,65.45,57.87688839706499,EIG,0,5,500,2,20,999,999,999,1,1,10,1e-4,0.001,1,1e-5,5
71,7,identity,60.75,50.2947888898411,EIG,0,5,500,2,20,999,999,999,1,1,10,1e-4,0.001,1,1e-5,5
71,7,identity,42.75,45.523706952936536,EIG,0,5,500,2,20,999,999,999,1,1,10,1e-4,0.001,1,1e-5,5
71,7,identity,43,64.23968276778197,EIG,0,5,500,2,20,999,999,999,1,1,10,1e-4,0.001,1,1e-5,5
71,7,identity,60.55,60.299668324129286,EIG,0,5,500,2,20,999,999,999,1,1,10,1e-4,0.001,1,1e-5,5
71,7,identity,32.4,39.29965849590472,EIG,0,5,500,2,20,999,999,999,1,1,10,1e-4,0.001,1,1e-5,5
71,7,identity,77.65,78.12087462792248,EIG,0,5,500,2,20,999,999,999,1,1,10,1e-4,0.001,1,1e-5,5
71,7,identity,45.2,50.27147354744616,EIG,0,5,500,2,20,999,999,999,1,1,10,1e-4,0.001,1,1e-5,5
71,7,identity,25.95,35.19191743329112,EIG,0,5,500,2,20,999,999,999,1,1,10,1e-4,0.001,1,1e-5,5
71,7,identity,28.2,30.9491943607414,EIG,0,5,500,2,20,999,999,999,1,1,10,1e-4,0.001,1,1e-5,5
71,7,identity,44.35,33.963254137066244,EIG,0,5,500,2,20,999,999,999,1,1,10,1e-4,0.001,1,1e-5,5
71,7,identity,50.65,46.988548436938615,EIG,0,5,500,2,20,999,999,999,1,1,10,1e-4,0.001,1,1e-5,5
71,7,identity,50.45,43.285435741926186,EIG,0,5,500,2,20,999,999,999,1,1,10,1e-4,0.001,1,1e-5,5
71,7,identity,67.4,51.71928277273686,EIG,0,5,500,2,20,999,999,999,1,1,10,1e-4,0.001,1,1e-5,5
55,7,identity,47.15,54.33935764686296,EIG,0,5,500,2,20,999,999,999,1,1,1,1e-4,0.001,0.5,1e-5,5
83,7,identity,80.4,76.17113695661341,EIG,0,5,500,2,20,999,999,999,1,10,0.1,1e-4,0.001,1,1e-5,5
55,7,identity,32.45,48.038882278070496,EIG,0,5,500,2,20,999,999,999,1,1,1,1e-4,0.001,0.5,1e-5,5
83,7,identity,42.75,26.130995912295823,EIG,0,5,500,2,20,999,999,999,1,10,0.1,1e-4,0.001,1,1e-5,5
55,7,identity,39.05,50.11405412708726,EIG,0,5,500,2,20,999,999,999,1,1,1,1e-4,0.001,0.5,1e-5,5
83,7,identity,45.35,54.44192946810873,EIG,0,5,500,2,20,999,999,999,1,10,0.1,1e-4,0.001,1,1e-5,5
55,7,identity,29.1,37.61424702087452,EIG,0,5,500,2,20,999,999,999,1,1,1,1e-4,0.001,0.5,1e-5,5
83,7,identity,36.15,32.775592651914174,EIG,0,5,500,2,20,999,999,999,1,10,0.1,1e-4,0.001,1,1e-5,5
55,7,identity,18.05,20.730031609390178,EIG,0,5,500,2,20,999,999,999,1,1,1,1e-4,0.001,0.5,1e-5,5
83,7,identity,54.35,73.87704935264154,EIG,0,5,500,2,20,999,999,999,1,10,0.1,1e-4,0.001,1,1e-5,5
55,7,identity,32.45,26.98435219081412,EIG,0,5,500,2,20,999,999,999,1,1,1,1e-4,0.001,0.5,1e-5,5
55,7,identity,43.55,41.52928579866705,EIG,0,5,500,2,20,999,999,999,1,1,1,1e-4,0.001,0.5,1e-5,5
55,7,identity,23.2,28.14735661142137,EIG,0,5,500,2,20,999,999,999,1,1,1,1e-4,0.001,0.5,1e-5,5
55,7,identity,23.75,28.578377914264596,EIG,0,5,500,2,20,999,999,999,1,1,1,1e-4,0.001,0.5,1e-5,5
55,7,identity,29.9,41.92085274343596,EIG,0,5,500,2,20,999,999,999,1,1,1,1e-4,0.001,0.5,1e-5,5
71,7,identity,21.9,41.69172579781269,EIG,0,5,500,2,20,999,999,999,1,1,10,1e-4,0.001,1,1e-5,5
71,7,identity,18.05,19.118673704274737,EIG,0,5,500,2,20,999,999,999,1,1,10,1e-4,0.001,1,1e-5,5
71,7,identity,12.35,20.87374326503842,EIG,0,5,500,2,20,999,999,999,1,1,10,1e-4,0.001,1,1e-5,5
71,7,identity,18.95,29.180878742946145,EIG,0,5,500,2,20,999,999,999,1,1,10,1e-4,0.001,1,1e-5,5
71,7,identity,29.3,54.90383938257295,EIG,0,5,500,2,20,999,999,999,1,1,10,1e-4,0.001,1,1e-5,5
55,7,identity,16.4,24.37081947955922,EIG,0,5,500,2,20,999,999,999,1,1,1,1e-4,0.001,0.5,1e-5,5
55,7,identity,14.5,16.28205340729156,EIG,0,5,500,2,20,999,999,999,1,1,1,1e-4,0.001,0.5,1e-5,5
55,7,identity,26.25,37.13542074198448,EIG,0,5,500,2,20,999,999,999,1,1,1,1e-4,0.001,0.5,1e-5,5
55,7,identity,17.25,21.145797143690405,EIG,0,5,500,2,20,999,999,999,1,1,1,1e-4,0.001,0.5,1e-5,5
55,7,identity,13.9,18.73611766784031,EIG,0,5,500,2,20,999,999,999,1,1,1,1e-4,0.001,0.5,1e-5,5
83,7,identity,25.15,35.69501660633198,EIG,0,5,500,2,20,999,999,999,1,10,0.1,1e-4,0.001,1,1e-5,5
83,7,identity,32.45,41.44682706413376,EIG,0,5,500,2,20,999,999,999,1,10,0.1,1e-4,0.001,1,1e-5,5
83,7,identity,19.25,23.592762047980553,EIG,0,5,500,2,20,999,999,999,1,10,0.1,1e-4,0.001,1,1e-5,5
83,7,identity,42.15,50.14953953716299,EIG,0,5,500,2,20,999,999,999,1,10,0.1,1e-4,0.001,1,1e-5,5
83,7,identity,26.3,34.128395339087554,EIG,0,5,500,2,20,999,999,999,1,10,0.1,1e-4,0.001,1,1e-5,5
55,7,identity,28.15,47.834445857836755,EIG,0,5,500,2,20,999,999,999,1,1,1,1e-4,0.001,0.5,1e-5,5
55,7,identity,19.8,26.779017709275372,EIG,0,5,500,2,20,999,999,999,1,1,1,1e-4,0.001,0.5,1e-5,5
55,7,identity,10.25,14.0857337308655,EIG,0,5,500,2,20,999,999,999,1,1,1,1e-4,0.001,0.5,1e-5,5
55,7,identity,23.65,46.3366116472425,EIG,0,5,500,2,20,999,999,999,1,1,1,1e-4,0.001,0.5,1e-5,5
55,7,identity,20.5,31.746529027015814,EIG,0,5,500,2,20,999,999,999,1,1,1,1e-4,0.001,0.5,1e-5,5
71,7,identity,28.9,40.943992554656774,EIG,0,5,500,2,20,999,999,999,1,1,10,1e-4,0.001,1,1e-5,5
71,7,identity,16.8,12.634955689006508,EIG,0,5,500,2,20,999,999,999,1,1,10,1e-4,0.001,1,1e-5,5
71,7,identity,21.15,38.64994723221019,EIG,0,5,500,2,20,999,999,999,1,1,10,1e-4,0.001,1,1e-5,5
71,7,identity,28.9,29.463447470418416,EIG,0,5,500,2,20,999,999,999,1,1,10,1e-4,0.001,1,1e-5,5
71,7,identity,20.7,18.578708810157707,EIG,0,5,500,2,20,999,999,999,1,1,10,1e-4,0.001,1,1e-5,5
71,7,identity,23.55,32.05172628572035,EIG,0,5,500,2,20,999,999,999,1,1,10,1e-4,0.001,1,1e-5,5
71,7,identity,35.9,39.34048403630192,EIG,0,5,500,2,20,999,999,999,1,1,10,1e-4,0.001,1,1e-5,5
71,7,identity,26.35,27.925229113699885,EIG,0,5,500,2,20,999,999,999,1,1,10,1e-4,0.001,1,1e-5,5
71,7,identity,30.7,43.83713878484892,EIG,0,5,500,2,20,999,999,999,1,1,10,1e-4,0.001,1,1e-5,5
71,7,identity,17.9,16.247752881066678,EIG,0,5,500,2,20,999,999,999,1,1,10,1e-4,0.001,1,1e-5,5
83,7,identity,27.85,28.42029482420506,EIG,0,5,500,2,20,999,999,999,1,10,0.1,1e-4,0.001,1,1e-5,5
83,7,identity,35.7,48.965186343811766,EIG,0,5,500,2,20,999,999,999,1,10,0.1,1e-4,0.001,1,1e-5,5
83,7,identity,19.05,16.563990747210774,EIG,0,5,500,2,20,999,999,999,1,10,0.1,1e-4,0.001,1,1e-5,5
83,7,identity,33.55,38.44952261698036,EIG,0,5,500,2,20,999,999,999,1,10,0.1,1e-4,0.001,1,1e-5,5
83,7,identity,12.1,10.39179838546777,EIG,0,5,500,2,20,999,999,999,1,10,0.1,1e-4,0.001,1,1e-5,5
55,7,identity,24.6,24.95132102820673,EIG,0,5,500,2,20,999,999,999,1,1,1,1e-4,0.001,0.5,1e-5,5
55,7,identity,15.4,13.895853224689198,EIG,0,5,500,2,20,999,999,999,1,1,1,1e-4,0.001,0.5,1e-5,5
55,7,identity,20.2,25.95664401306634,EIG,0,5,500,2,20,999,999,999,1,1,1,1e-4,0.001,0.5,1e-5,5
55,7,identity,19.35,35.134740642275986,EIG,0,5,500,2,20,999,999,999,1,1,1,1e-4,0.001,0.5,1e-5,5
55,7,identity,17.3,37.12156416849631,EIG,0,5,500,2,20,999,999,999,1,1,1,1e-4,0.001,0.5,1e-5,5
71,7,identity,5.55,4.695742752749558,EIG,0,5,500,2,20,999,999,999,1,1,10,1e-4,0.001,1,1e-5,5
71,7,identity,4.75,3.4008512866169567,EIG,0,5,500,2,20,999,999,999,1,1,10,1e-4,0.001,1,1e-5,5
71,7,identity,5.4,4.284611386910381,EIG,0,5,500,2,20,999,999,999,1,1,10,1e-4,0.001,1,1e-5,5
71,7,identity,4.85,2.9607075967890193,EIG,0,5,500,2,20,999,999,999,1,1,10,1e-4,0.001,1,1e-5,5
71,7,identity,7.35,6.799961300199474,EIG,0,5,500,2,20,999,999,999,1,1,10,1e-4,0.001,1,1e-5,5
83,7,identity,20.15,58.84974176037783,EIG,0,5,500,2,20,999,999,999,1,10,0.1,1e-4,0.001,1,1e-5,5
83,7,identity,6.05,5.915857369904436,EIG,0,5,500,2,20,999,999,999,1,10,0.1,1e-4,0.001,1,1e-5,5
83,7,identity,8.95,13.612977554331634,EIG,0,5,500,2,20,999,999,999,1,10,0.1,1e-4,0.001,1,1e-5,5
83,7,identity,16.45,37.37642797835358,EIG,0,5,500,2,20,999,999,999,1,10,0.1,1e-4,0.001,1,1e-5,5
83,7,identity,5.7,4.5317592726515334,EIG,0,5,500,2,20,999,999,999,1,10,0.1,1e-4,0.001,1,1e-5,5
83,7,identity,8.5,6.460405722960684,EIG,0,5,500,2,20,999,999,999,1,10,0.1,1e-4,0.001,1,1e-5,5
83,7,identity,12,23.226572803806555,EIG,0,5,500,2,20,999,999,999,1,10,0.1,1e-4,0.001,1,1e-5,5
83,7,identity,8.2,6.040216099306034,EIG,0,5,500,2,20,999,999,999,1,10,0.1,1e-4,0.001,1,1e-5,5
83,7,identity,5.35,4.556949579892695,EIG,0,5,500,2,20,999,999,999,1,10,0.1,1e-4,0.001,1,1e-5,5
83,7,identity,14.4,26.4722297392649,EIG,0,5,500,2,20,999,999,999,1,10,0.1,1e-4,0.001,1,1e-5,5
83,7,identity,4.95,4.828370107472794,EIG,0,5,500,2,20,999,999,999,1,10,0.1,1e-4,0.001,1,1e-5,5
83,7,identity,12.3,17.97688574399447,EIG,0,5,500,2,20,999,999,999,1,10,0.1,1e-4,0.001,1,1e-5,5
83,7,identity,5.3,4.2932014799410965,EIG,0,5,500,2,20,999,999,999,1,10,0.1,1e-4,0.001,1,1e-5,5
83,7,identity,6.35,7.915840215402877,EIG,0,5,500,2,20,999,999,999,1,10,0.1,1e-4,0.001,1,1e-5,5
83,7,identity,5.95,6.236353522945752,EIG,0,5,500,2,20,999,999,999,1,10,0.1,1e-4,0.001,1,1e-5,5
83,7,identity,6.95,7.4302015273370685,EIG,0,5,500,2,20,999,999,999,1,10,0.1,1e-4,0.001,1,1e-5,5
83,7,identity,7.1,5.72069189779293,EIG,0,5,500,2,20,999,999,999,1,10,0.1,1e-4,0.001,1,1e-5,5
83,7,identity,5.85,5.4219340111304035,EIG,0,5,500,2,20,999,999,999,1,10,0.1,1e-4,0.001,1,1e-5,5
83,7,identity,6.55,4.4777226354476225,EIG,0,5,500,2,20,999,999,999,1,10,0.1,1e-4,0.001,1,1e-5,5
83,7,identity,6.55,4.978638579497729,EIG,0,5,500,2,20,999,999,999,1,10,0.1,1e-4,0.001,1,1e-5,5
83,7,identity,4.5,3.6490806340343056,EIG,0,5,500,2,20,999,999,999,1,10,0.1,1e-4,0.001,1,1e-5,5
83,7,identity,5.75,4.423323351698834,EIG,0,5,500,2,20,999,999,999,1,10,0.1,1e-4,0.001,1,1e-5,5
83,7,identity,5.65,6.899847443012208,EIG,0,5,500,2,20,999,999,999,1,10,0.1,1e-4,0.001,1,1e-5,5
83,7,identity,5.65,4.659737964171037,EIG,0,5,500,2,20,999,999,999,1,10,0.1,1e-4,0.001,1,1e-5,5
83,7,identity,5.9,5.280550210566678,EIG,0,5,500,2,20,999,999,999,1,10,0.1,1e-4,0.001,1,1e-5,5
71,7,identity,2.15,2.2307657406087453,EIG,0,5,500,2,20,999,999,999,1,1,10,1e-4,0.001,1,1e-5,5
71,7,identity,2.75,2.788604631258021,EIG,0,5,500,2,20,999,999,999,1,1,10,1e-4,0.001,1,1e-5,5
71,7,identity,3,2.635786110641877,EIG,0,5,500,2,20,999,999,999,1,1,10,1e-4,0.001,1,1e-5,5
71,7,identity,2.3,1.4903196407411892,EIG,0,5,500,2,20,999,999,999,1,1,10,1e-4,0.001,1,1e-5,5
71,7,identity,2.7,2.473012226755907,EIG,0,5,500,2,20,999,999,999,1,1,10,1e-4,0.001,1,1e-5,5
55,7,identity,2.4,3.74727971509439,EIG,0,5,500,2,20,999,999,999,1,1,1,1e-4,0.001,0.5,1e-5,5
55,7,identity,2.5,2.417044737516849,EIG,0,5,500,2,20,999,999,999,1,1,1,1e-4,0.001,0.5,1e-5,5
55,7,identity,3,2.2941573387056176,EIG,0,5,500,2,20,999,999,999,1,1,1,1e-4,0.001,0.5,1e-5,5
55,7,identity,3.2,4.175114243630756,EIG,0,5,500,2,20,999,999,999,1,1,1,1e-4,0.001,0.5,1e-5,5
55,7,identity,3,3.713418059444765,EIG,0,5,500,2,20,999,999,999,1,1,1,1e-4,0.001,0.5,1e-5,5
71,7,identity,29.2,43.37061823764782,EIG,0,5,500,2,20,999,999,999,1,1,10,1e-4,0.001,1,1e-5,5
71,7,identity,12.3,13.211239234275608,EIG,0,5,500,2,20,999,999,999,1,1,10,1e-4,0.001,1,1e-5,5
71,7,identity,17.9,23.124150055504177,EIG,0,5,500,2,20,999,999,999,1,1,10,1e-4,0.001,1,1e-5,5
71,7,identity,8.1,9.256008006183135,EIG,0,5,500,2,20,999,999,999,1,1,10,1e-4,0.001,1,1e-5,5
71,7,identity,20.7,21.4060984915883,EIG,0,5,500,2,20,999,999,999,1,1,10,1e-4,0.001,1,1e-5,5
83,7,identity,17.15,19.685086527088153,EIG,0,5,500,2,20,999,999,999,1,10,0.1,1e-4,0.001,1,1e-5,5
83,7,identity,20,29.919189406413437,EIG,0,5,500,2,20,999,999,999,1,10,0.1,1e-4,0.001,1,1e-5,5
83,7,identity,16.2,14.944106389793726,EIG,0,5,500,2,20,999,999,999,1,10,0.1,1e-4,0.001,1,1e-5,5
83,7,identity,22.45,29.099602095308164,EIG,0,5,500,2,20,999,999,999,1,10,0.1,1e-4,0.001,1,1e-5,5
83,7,identity,25.3,37.12298195826521,EIG,0,5,500,2,20,999,999,999,1,10,0.1,1e-4,0.001,1,1e-5,5
83,7,identity,8.2,6.41215950157856,EIG,0,5,500,2,20,999,999,999,1,10,0.1,1e-4,0.001,1,1e-5,5
83,7,identity,17.4,12.054263277276414,EIG,0,5,500,2,20,999,999,999,1,10,0.1,1e-4,0.001,1,1e-5,5
83,7,identity,17.95,21.73155600309811,EIG,0,5,500,2,20,999,999,999,1,10,0.1,1e-4,0.001,1,1e-5,5
83,7,identity,25.35,40.4101016552727,EIG,0,5,500,2,20,999,999,999,1,10,0.1,1e-4,0.001,1,1e-5,5
83,7,identity,16.45,17.34927573188727,EIG,0,5,500,2,20,999,999,999,1,10,0.1,1e-4,0.001,1,1e-5,5
71,7,identity,20.45,38.11544099318888,EIG,0,5,500,2,20,999,999,999,1,1,10,1e-4,0.001,1,1e-5,5
71,7,identity,15,18.29006057369613,EIG,0,5,500,2,20,999,999,999,1,1,10,1e-4,0.001,1,1e-5,5
71,7,identity,13.2,13.173338305276426,EIG,0,5,500,2,20,999,999,999,1,1,10,1e-4,0.001,1,1e-5,5
71,7,identity,22,29.250281150245733,EIG,0,5,500,2,20,999,999,999,1,1,10,1e-4,0.001,1,1e-5,5
71,7,identity,18.3,22.74365151444522,EIG,0,5,500,2,20,999,999,999,1,1,10,1e-4,0.001,1,1e-5,5
83,7,identity,24.95,32.33944145597153,EIG,0,5,500,2,20,999,999,999,1,10,0.1,1e-4,0.001,1,1e-5,5
83,7,identity,11.2,15.810056759444038,EIG,0,5,500,2,20,999,999,999,1,10,0.1,1e-4,0.001,1,1e-5,5
83,7,identity,27.6,36.998435244295344,EIG,0,5,500,2,20,999,999,999,1,10,0.1,1e-4,0.001,1,1e-5,5
83,7,identity,18.5,24.95996794869737,EIG,0,5,500,2,20,999,999,999,1,10,0.1,1e-4,0.001,1,1e-5,5
83,7,identity,28.45,27.207729164996287,EIG,0,5,500,2,20,999,999,999,1,10,0.1,1e-4,0.001,1,1e-5,5
55,7,identity,17.5,17.884129983400307,EIG,0,5,500,2,20,999,999,999,1,1,1,1e-4,0.001,0.5,1e-5,5
55,7,identity,19.55,21.5247104021108,EIG,0,5,500,2,20,999,999,999,1,1,1,1e-4,0.001,0.5,1e-5,5
55,7,identity,19.7,35.799294318243355,EIG,0,5,500,2,20,999,999,999,1,1,1,1e-4,0.001,0.5,1e-5,5
55,7,identity,17.95,21.216862707711872,EIG,0,5,500,2,20,999,999,999,1,1,1,1e-4,0.001,0.5,1e-5,5
55,7,identity,11.4,10.429714635042563,EIG,0,5,500,2,20,999,999,999,1,1,1,1e-4,0.001,0.5,1e-5,5
55,7,identity,46.6,69.09825193919619,EIG,0,5,500,2,20,999,999,999,1,1,1,1e-4,0.001,0.5,1e-5,5
55,7,identity,31.85,47.66690896760892,EIG,0,5,500,2,20,999,999,999,1,1,1,1e-4,0.001,0.5,1e-5,5
55,7,identity,36.85,36.995412233353875,EIG,0,5,500,2,20,999,999,999,1,1,1,1e-4,0.001,0.5,1e-5,5
55,7,identity,24.8,30.086891707711835,EIG,0,5,500,2,20,999,999,999,1,1,1,1e-4,0.001,0.5,1e-5,5
55,7,identity,18.9,20.42418586923485,EIG,0,5,500,2,20,999,999,999,1,1,1,1e-4,0.001,0.5,1e-5,5
55,7,identity,35.55,44.2760182206314,EIG,0,5,500,2,20,999,999,999,1,1,1,1e-4,0.001,0.5,1e-5,5
55,7,identity,19.55,22.871437024790275,EIG,0,5,500,2,20,999,999,999,1,1,1,1e-4,0.001,0.5,1e-5,5
55,7,identity,26.9,37.43190308307945,EIG,0,5,500,2,20,999,999,999,1,1,1,1e-4,0.001,0.5,1e-5,5
55,7,identity,19.65,29.050364614071995,EIG,0,5,500,2,20,999,999,999,1,1,1,1e-4,0.001,0.5,1e-5,5
55,7,identity,23.35,25.524549586211062,EIG,0,5,500,2,20,999,999,999,1,1,1,1e-4,0.001,0.5,1e-5,5
71,7,identity,9.6,12.840724688518003,EIG,0,5,500,2,20,999,999,999,1,1,10,1e-4,0.001,1,1e-5,5
71,7,identity,7.35,5.5181518645285585,EIG,0,5,500,2,20,999,999,999,1,1,10,1e-4,0.001,1,1e-5,5
71,7,identity,9.65,10.683361387050228,EIG,0,5,500,2,20,999,999,999,1,1,10,1e-4,0.001,1,1e-5,5
71,7,identity,5.45,7.044781569958081,EIG,0,5,500,2,20,999,999,999,1,1,10,1e-4,0.001,1,1e-5,5
71,7,identity,8.3,8.903577045801667,EIG,0,5,500,2,20,999,999,999,1,1,10,1e-4,0.001,1,1e-5,5
83,7,identity,7.95,10.133191942688562,EIG,0,5,500,2,20,999,999,999,1,10,0.1,1e-4,0.001,1,1e-5,5
83,7,identity,5.7,5.420234991992603,EIG,0,5,500,2,20,999,999,999,1,10,0.1,1e-4,0.001,1,1e-5,5
83,7,identity,7.05,3.979883626968322,EIG,0,5,500,2,20,999,999,999,1,10,0.1,1e-4,0.001,1,1e-5,5
83,7,identity,10.25,12.895837761810878,EIG,0,5,500,2,20,999,999,999,1,10,0.1,1e-4,0.001,1,1e-5,5
83,7,identity,9.45,10.520531305374668,EIG,0,5,500,2,20,999,999,999,1,10,0.1,1e-4,0.001,1,1e-5,5
55,7,identity,8,8.497677701336377,EIG,0,5,500,2,20,999,999,999,1,1,1,1e-4,0.001,0.5,1e-5,5
55,7,identity,6.8,5.854373084329894,EIG,0,5,500,2,20,999,999,999,1,1,1,1e-4,0.001,0.5,1e-5,5
55,7,identity,6.65,7.013333166566604,EIG,0,5,500,2,20,999,999,999,1,1,1,1e-4,0.001,0.5,1e-5,5
55,7,identity,14.9,13.50594411049407,EIG,0,5,500,2,20,999,999,999,1,1,1,1e-4,0.001,0.5,1e-5,5
55,7,identity,7.9,7.524696182011533,EIG,0,5,500,2,20,999,999,999,1,1,1,1e-4,0.001,0.5,1e-5,5
83,7,identity,22.3,24.285798319182348,EIG,0,5,500,2,20,999,999,999,1,10,0.1,1e-4,0.001,1,1e-5,5
83,7,identity,12.65,13.5812370570578,EIG,0,5,500,2,20,999,999,999,1,10,0.1,1e-4,0.001,1,1e-5,5
83,7,identity,24.65,22.420092022910826,EIG,0,5,500,2,20,999,999,999,1,10,0.1,1e-4,0.001,1,1e-5,5
83,7,identity,42.85,39.917381783141195,EIG,0,5,500,2,20,999,999,999,1,10,0.1,1e-4,0.001,1,1e-5,5
83,7,identity,22.1,28.269194689998734,EIG,0,5,500,2,20,999,999,999,1,10,0.1,1e-4,0.001,1,1e-5,5
55,8,background,59.75,49.35785011952053,EIG,0,5,500,2,20,999,999,999,1,1,1,1e-4,0.001,0.5,1e-5,5
55,8,background,45.05,61.21616143676955,EIG,0,5,500,2,20,999,999,999,1,1,1,1e-4,0.001,0.5,1e-5,5
55,8,background,44.9,47.71725937336786,EIG,0,5,500,2,20,999,999,999,1,1,1,1e-4,0.001,0.5,1e-5,5
55,8,background,17.4,22.584111788227535,EIG,0,5,500,2,20,999,999,999,1,1,1,1e-4,0.001,0.5,1e-5,5
55,8,background,39.55,64.64272255209683,EIG,0,5,500,2,20,999,999,999,1,1,1,1e-4,0.001,0.5,1e-5,5
55,8,background,47.95,51.989346074586834,EIG,0,5,500,2,20,999,999,999,1,1,1,1e-4,0.001,0.5,1e-5,5
55,8,background,30.45,28.096590915138293,EIG,0,5,500,2,20,999,999,999,1,1,1,1e-4,0.001,0.5,1e-5,5
55,8,background,43.65,46.02204849165692,EIG,0,5,500,2,20,999,999,999,1,1,1,1e-4,0.001,0.5,1e-5,5
55,8,background,30.9,39.51135746112822,EIG,0,5,500,2,20,999,999,999,1,1,1,1e-4,0.001,0.5,1e-5,5
55,8,background,62,99.86411820700744,EIG,0,5,500,2,20,999,999,999,1,1,1,1e-4,0.001,0.5,1e-5,5
83,8,background,33.05,36.275952597307565,EIG,0,5,500,2,20,999,999,999,1,10,0.1,1e-4,0.001,1,1e-5,5
83,8,background,36.4,37.93540215737939,EIG,0,5,500,2,20,999,999,999,1,10,0.1,1e-4,0.001,1,1e-5,5
83,8,background,58.15,57.570345985082504,EIG,0,5,500,2,20,999,999,999,1,10,0.1,1e-4,0.001,1,1e-5,5
83,8,background,37.05,36.49004911219669,EIG,0,5,500,2,20,999,999,999,1,10,0.1,1e-4,0.001,1,1e-5,5
83,8,background,48.9,48.32662990417123,EIG,0,5,500,2,20,999,999,999,1,10,0.1,1e-4,0.001,1,1e-5,5
55,8,background,45.55,65.43657033220877,EIG,0,5,500,2,20,999,999,999,1,1,1,1e-4,0.001,0.5,1e-5,5
55,8,background,40.3,39.24565011095598,EIG,0,5,500,2,20,999,999,999,1,1,1,1e-4,0.001,0.5,1e-5,5
55,8,background,33.95,38.95405525811955,EIG,0,5,500,2,20,999,999,999,1,1,1,1e-4,0.001,0.5,1e-5,5
55,8,background,54.55,56.01266304196428,EIG,0,5,500,2,20,999,999,999,1,1,1,1e-4,0.001,0.5,1e-5,5
55,8,background,44,65.22915073234633,EIG,0,5,500,2,20,999,999,999,1,1,1,1e-4,0.001,0.5,1e-5,5
71,8,background,38.6,42.322570810384384,EIG,0,5,500,2,20,999,999,999,1,1,10,1e-4,0.001,1,1e-5,5
71,8,background,27.85,29.480189601618378,EIG,0,5,500,2,20,999,999,999,1,1,10,1e-4,0.001,1,1e-5,5
71,8,background,26.1,25.73120162064153,EIG,0,5,500,2,20,999,999,999,1,1,10,1e-4,0.001,1,1e-5,5
71,8,background,30.45,27.103068383293316,EIG,0,5,500,2,20,999,999,999,1,1,10,1e-4,0.001,1,1e-5,5
71,8,background,41.9,42.610722643608455,EIG,0,5,500,2,20,999,999,999,1,1,10,1e-4,0.001,1,1e-5,5
83,8,background,30.8,27.92395689047404,EIG,0,5,500,2,20,999,999,999,1,10,0.1,1e-4,0.001,1,1e-5,5
83,8,background,36.95,31.802805238730617,EIG,0,5,500,2,20,999,999,999,1,10,0.1,1e-4,0.001,1,1e-5,5
83,8,background,16.4,21.04731511818575,EIG,0,5,500,2,20,999,999,999,1,10,0.1,1e-4,0.001,1,1e-5,5
83,8,background,27.8,34.053518250882064,EIG,0,5,500,2,20,999,999,999,1,10,0.1,1e-4,0.001,1,1e-5,5
83,8,background,44.25,28.069228328320115,EIG,0,5,500,2,20,999,999,999,1,10,0.1,1e-4,0.001,1,1e-5,5
71,8,background,39.5,40.956331044559874,EIG,0,5,500,2,20,999,999,999,1,1,10,1e-4,0.001,1,1e-5,5
71,8,background,26.65,29.670603917718044,EIG,0,5,500,2,20,999,999,999,1,1,10,1e-4,0.001,1,1e-5,5
71,8,background,30.35,35.80249182742217,EIG,0,5,500,2,20,999,999,999,1,1,10,1e-4,0.001,1,1e-5,5
71,8,background,23.7,28.83181722005268,EIG,0,5,500,2,20,999,999,999,1,1,10,1e-4,0.001,1,1e-5,5
71,8,background,18.6,16.566929645976554,EIG,0,5,500,2,20,999,999,999,1,1,10,1e-4,0.001,1,1e-5,5
83,8,background,29.9,32.66561043763239,EIG,0,5,500,2,20,999,999,999,1,10,0.1,1e-4,0.001,1,1e-5,5
83,8,background,31.95,30.80750933748049,EIG,0,5,500,2,20,999,999,999,1,10,0.1,1e-4,0.001,1,1e-5,5
83,8,background,34.4,36.51156990382782,EIG,0,5,500,2,20,999,999,999,1,10,0.1,1e-4,0.001,1,1e-5,5
83,8,background,49.35,43.74360103579662,EIG,0,5,500,2,20,999,999,999,1,10,0.1,1e-4,0.001,1,1e-5,5
83,8,background,23.1,19.13085135806064,EIG,0,5,500,2,20,999,999,999,1,10,0.1,1e-4,0.001,1,1e-5,5
83,8,background,42.85,55.97205599789576,EIG,0,5,500,2,20,999,999,999,1,10,0.1,1e-4,0.001,1,1e-5,5
83,8,background,27.05,37.12776659902369,EIG,0,5,500,2,20,999,999,999,1,10,0.1,1e-4,0.001,1,1e-5,5
83,8,background,19.55,20.11408252417877,EIG,0,5,500,2,20,999,999,999,1,10,0.1,1e-4,0.001,1,1e-5,5
83,8,background,38.75,44.68824760140199,EIG,0,5,500,2,20,999,999,999,1,10,0.1,1e-4,0.001,1,1e-5,5
83,8,background,32.95,41.60019610277665,EIG,0,5,500,2,20,999,999,999,1,10,0.1,1e-4,0.001,1,1e-5,5
71,8,background,59.35,54.46802538621796,EIG,0,5,500,2,20,999,999,999,1,1,10,1e-4,0.001,1,1e-5,5
71,8,background,41.7,43.23144567021605,EIG,0,5,500,2,20,999,999,999,1,1,10,1e-4,0.001,1,1e-5,5
71,8,background,29,33.7358157328068,EIG,0,5,500,2,20,999,999,999,1,1,10,1e-4,0.001,1,1e-5,5
71,8,background,34.3,28.15203086999698,EIG,0,5,500,2,20,999,999,999,1,1,10,1e-4,0.001,1,1e-5,5
71,8,background,25.8,24.79940576537651,EIG,0,5,500,2,20,999,999,999,1,1,10,1e-4,0.001,1,1e-5,5
71,8,background,32,23.708759207472134,EIG,0,5,500,2,20,999,999,999,1,1,10,1e-4,0.001,1,1e-5,5
71,8,background,33.9,38.74056761261208,EIG,0,5,500,2,20,999,999,999,1,1,10,1e-4,0.001,1,1e-5,5
71,8,background,36.75,30.381564701052028,EIG,0,5,500,2,20,999,999,999,1,1,10,1e-4,0.001,1,1e-5,5
71,8,background,26.2,27.49660266096044,EIG,0,5,500,2,20,999,999,999,1,1,10,1e-4,0.001,1,1e-5,5
71,8,background,42.8,20.474888342347047,EIG,0,5,500,2,20,999,999,999,1,1,10,1e-4,0.001,1,1e-5,5
83,8,background,47.15,41.89871873433539,EIG,0,5,500,2,20,999,999,999,1,10,0.1,1e-4,0.001,1,1e-5,5
83,8,background,47.5,31.605296025225037,EIG,0,5,500,2,20,999,999,999,1,10,0.1,1e-4,0.001,1,1e-5,5
83,8,background,30.3,37.51364663973,EIG,0,5,500,2,20,999,999,999,1,10,0.1,1e-4,0.001,1,1e-5,5
83,8,background,34.35,28.888670152118365,EIG,0,5,500,2,20,999,999,999,1,10,0.1,1e-4,0.001,1,1e-5,5
83,8,background,31.8,27.091657290332797,EIG,0,5,500,2,20,999,999,999,1,10,0.1,1e-4,0.001,1,1e-5,5
55,8,background,59.8,55.397700883320915,EIG,0,5,500,2,20,999,999,999,1,1,1,1e-4,0.001,0.5,1e-5,5
55,8,background,40.75,38.87073720070557,EIG,0,5,500,2,20,999,999,999,1,1,1,1e-4,0.001,0.5,1e-5,5
55,8,background,35.4,36.22502769604114,EIG,0,5,500,2,20,999,999,999,1,1,1,1e-4,0.001,0.5,1e-5,5
55,8,background,36,46.725401634386586,EIG,0,5,500,2,20,999,999,999,1,1,1,1e-4,0.001,0.5,1e-5,5
55,8,background,77.2,75.45971389458506,EIG,0,5,500,2,20,999,999,999,1,1,1,1e-4,0.001,0.5,1e-5,5
55,8,background,27.8,34.74357191587653,EIG,0,5,500,2,20,999,999,999,1,1,1,1e-4,0.001,0.5,1e-5,5
55,8,background,33.7,33.77962637292983,EIG,0,5,500,2,20,999,999,999,1,1,1,1e-4,0.001,0.5,1e-5,5
55,8,background,19.8,23.05508278244221,EIG,0,5,500,2,20,999,999,999,1,1,1,1e-4,0.001,0.5,1e-5,5
55,8,background,14.8,28.346725421206298,EIG,0,5,500,2,20,999,999,999,1,1,1,1e-4,0.001,0.5,1e-5,5
55,8,background,31.45,42.32142048158293,EIG,0,5,500,2,20,999,999,999,1,1,1,1e-4,0.001,0.5,1e-5,5
71,8,background,33.65,43.0449887052091,EIG,0,5,500,2,20,999,999,999,1,1,10,1e-4,0.001,1,1e-5,5
71,8,background,18.85,19.491631132630392,EIG,0,5,500,2,20,999,999,999,1,1,10,1e-4,0.001,1,1e-5,5
71,8,background,32.3,30.15416528790884,EIG,0,5,500,2,20,999,999,999,1,1,10,1e-4,0.001,1,1e-5,5
71,8,background,17.7,22.414985588828035,EIG,0,5,500,2,20,999,999,999,1,1,10,1e-4,0.001,1,1e-5,5
71,8,background,26.3,38.153567812749905,EIG,0,5,500,2,20,999,999,999,1,1,10,1e-4,0.001,1,1e-5,5
55,8,background,32.45,47.736640456836334,EIG,0,5,500,2,20,999,999,999,1,1,1,1e-4,0.001,0.5,1e-5,5
55,8,background,41.1,34.83933046670704,EIG,0,5,500,2,20,999,999,999,1,1,1,1e-4,0.001,0.5,1e-5,5
55,8,background,27.85,36.03693280949128,EIG,0,5,500,2,20,999,999,999,1,1,1,1e-4,0.001,0.5,1e-5,5
55,8,background,62,79.96446579246111,EIG,0,5,500,2,20,999,999,999,1,1,1,1e-4,0.001,0.5,1e-5,5
55,8,background,78.2,78.94808420728144,EIG,0,5,500,2,20,999,999,999,1,1,1,1e-4,0.001,0.5,1e-5,5
71,8,background,26.25,23.652917923921976,EIG,0,5,500,2,20,999,999,999,1,1,10,1e-4,0.001,1,1e-5,5
71,8,background,27.05,36.71293332987996,EIG,0,5,500,2,20,999,999,999,1,1,10,1e-4,0.001,1,1e-5,5
71,8,background,18.85,28.342408247415353,EIG,0,5,500,2,20,999,999,999,1,1,10,1e-4,0.001,1,1e-5,5
71,8,background,29.2,38.87713439732111,EIG,0,5,500,2,20,999,999,999,1,1,10,1e-4,0.001,1,1e-5,5
71,8,background,15.5,26.65866107902488,EIG,0,5,500,2,20,999,999,999,1,1,10,1e-4,0.001,1,1e-5,5
55,8,background,37.45,55.972244061348455,EIG,0,5,500,2,20,999,999,999,1,1,1,1e-4,0.001,0.5,1e-5,5
55,8,background,18.9,31.323271994174757,EIG,0,5,500,2,20,999,999,999,1,1,1,1e-4,0.001,0.5,1e-5,5
55,8,background,32.2,49.1877177651837,EIG,0,5,500,2,20,999,999,999,1,1,1,1e-4,0.001,0.5,1e-5,5
55,8,background,16.3,21.533572319568933,EIG,0,5,500,2,20,999,999,999,1,1,1,1e-4,0.001,0.5,1e-5,5
55,8,background,22.6,29.94802515235881,EIG,0,5,500,2,20,999,999,999,1,1,1,1e-4,0.001,0.5,1e-5,5
83,8,background,32.2,21.77540863112864,EIG,0,5,500,2,20,999,999,999,1,10,0.1,1e-4,0.001,1,1e-5,5
83,8,background,33.85,34.35461357204022,EIG,0,5,500,2,20,999,999,999,1,10,0.1,1e-4,0.001,1,1e-5,5
83,8,background,29.65,33.04426855311714,EIG,0,5,500,2,20,999,999,999,1,10,0.1,1e-4,0.001,1,1e-5,5
83,8,background,26.45,30.981276179076463,EIG,0,5,500,2,20,999,999,999,1,10,0.1,1e-4,0.001,1,1e-5,5
83,8,background,32.7,30.270882309398807,EIG,0,5,500,2,20,999,999,999,1,10,0.1,1e-4,0.001,1,1e-5,5
55,8,background,34.15,36.08655530366137,EIG,0,5,500,2,20,999,999,999,1,1,1,1e-4,0.001,0.5,1e-5,5
55,8,background,38.05,34.46351999616864,EIG,0,5,500,2,20,999,999,999,1,1,1,1e-4,0.001,0.5,1e-5,5
55,8,background,31.15,38.29150654759108,EIG,0,5,500,2,20,999,999,999,1,1,1,1e-4,0.001,0.5,1e-5,5
55,8,background,34.1,30.86455981593742,EIG,0,5,500,2,20,999,999,999,1,1,1,1e-4,0.001,0.5,1e-5,5
55,8,background,42.8,60.8662035685002,EIG,0,5,500,2,20,999,999,999,1,1,1,1e-4,0.001,0.5,1e-5,5
55,8,background,37.25,47.73156850113923,EIG,0,5,500,2,20,999,999,999,1,1,1,1e-4,0.001,0.5,1e-5,5
55,8,background,39.85,51.599954100346785,EIG,0,5,500,2,20,999,999,999,1,1,1,1e-4,0.001,0.5,1e-5,5
55,8,background,39.05,44.54976519519905,EIG,0,5,500,2,20,999,999,999,1,1,1,1e-4,0.001,0.5,1e-5,5
55,8,background,25.75,35.816601560846344,EIG,0,5,500,2,20,999,999,999,1,1,1,1e-4,0.001,0.5,1e-5,5
55,8,background,57.2,48.25764188188229,EIG,0,5,500,2,20,999,999,999,1,1,1,1e-4,0.001,0.5,1e-5,5
55,8,background,38.95,53.33950348080629,EIG,0,5,500,2,20,999,999,999,1,1,1,1e-4,0.001,0.5,1e-5,5
55,8,background,36.7,48.26364001366268,EIG,0,5,500,2,20,999,999,999,1,1,1,1e-4,0.001,0.5,1e-5,5
55,8,background,45.9,48.05139792040667,EIG,0,5,500,2,20,999,999,999,1,1,1,1e-4,0.001,0.5,1e-5,5
55,8,background,43.4,42.90429987039085,EIG,0,5,500,2,20,999,999,999,1,1,1,1e-4,0.001,0.5,1e-5,5
55,8,background,25.05,49.598891116636864,EIG,0,5,500,2,20,999,999,999,1,1,1,1e-4,0.001,0.5,1e-5,5
55,8,background,58.6,59.9907010337962,EIG,0,5,500,2,20,999,999,999,1,1,1,1e-4,0.001,0.5,1e-5,5
55,8,background,47.45,49.752519111043384,EIG,0,5,500,2,20,999,999,999,1,1,1,1e-4,0.001,0.5,1e-5,5
55,8,background,70.05,67.53905303015823,EIG,0,5,500,2,20,999,999,999,1,1,1,1e-4,0.001,0.5,1e-5,5
83,8,background,54.25,43.42431407209076,EIG,0,5,500,2,20,999,999,999,1,10,0.1,1e-4,0.001,1,1e-5,5
55,8,background,68.7,63.12735665220536,EIG,0,5,500,2,20,999,999,999,1,1,1,1e-4,0.001,0.5,1e-5,5
83,8,background,51.1,35.57482847537893,EIG,0,5,500,2,20,999,999,999,1,10,0.1,1e-4,0.001,1,1e-5,5
55,8,background,32.9,43.90288325263771,EIG,0,5,500,2,20,999,999,999,1,1,1,1e-4,0.001,0.5,1e-5,5
83,8,background,49.1,49.549443674183195,EIG,0,5,500,2,20,999,999,999,1,10,0.1,1e-4,0.001,1,1e-5,5
83,8,background,38.3,36.91255669965525,EIG,0,5,500,2,20,999,999,999,1,10,0.1,1e-4,0.001,1,1e-5,5
83,8,background,36.15,39.89496076870915,EIG,0,5,500,2,20,999,999,999,1,10,0.1,1e-4,0.001,1,1e-5,5
83,8,background,66.75,47.49722983612058,EIG,0,5,500,2,20,999,999,999,1,10,0.1,1e-4,0.001,1,1e-5,5
83,8,background,59,57.66053105986159,EIG,0,5,500,2,20,999,999,999,1,10,0.1,1e-4,0.001,1,1e-5,5
55,8,background,40.55,35.02701964574146,EIG,0,5,500,2,20,999,999,999,1,1,1,1e-4,0.001,0.5,1e-5,5
83,8,background,40.9,26.16526423775573,EIG,0,5,500,2,20,999,999,999,1,10,0.1,1e-4,0.001,1,1e-5,5
55,8,background,64.35,94.4615070586399,EIG,0,5,500,2,20,999,999,999,1,1,1,1e-4,0.001,0.5,1e-5,5
83,8,background,49.7,48.75405516197439,EIG,0,5,500,2,20,999,999,999,1,10,0.1,1e-4,0.001,1,1e-5,5
55,8,background,66.6,56.12992447039843,EIG,0,5,500,2,20,999,999,999,1,1,1,1e-4,0.001,0.5,1e-5,5
83,8,background,63.3,61.98140637999517,EIG,0,5,500,2,20,999,999,999,1,10,0.1,1e-4,0.001,1,1e-5,5
55,8,background,83.15,65.77735572608395,EIG,0,5,500,2,20,999,999,999,1,1,1,1e-4,0.001,0.5,1e-5,5
55,8,background,50.2,68.40637089443767,EIG,0,5,500,2,20,999,999,999,1,1,1,1e-4,0.001,0.5,1e-5,5
83,8,background,26.6,28.02705459861389,EIG,0,5,500,2,20,999,999,999,1,10,0.1,1e-4,0.001,1,1e-5,5
83,8,background,37.85,34.59278141918902,EIG,0,5,500,2,20,999,999,999,1,10,0.1,1e-4,0.001,1,1e-5,5
83,8,background,39.6,48.95798413462625,EIG,0,5,500,2,20,999,999,999,1,10,0.1,1e-4,0.001,1,1e-5,5
83,8,background,30.4,34.81893012050833,EIG,0,5,500,2,20,999,999,999,1,10,0.1,1e-4,0.001,1,1e-5,5
83,8,background,32.95,37.311596899059346,EIG,0,5,500,2,20,999,999,999,1,10,0.1,1e-4,0.001,1,1e-5,5
83,8,background,45.95,42.043179558263915,EIG,0,5,500,2,20,999,999,999,1,10,0.1,1e-4,0.001,1,1e-5,5
83,8,background,52.9,43.366127941419656,EIG,0,5,500,2,20,999,999,999,1,10,0.1,1e-4,0.001,1,1e-5,5
83,8,background,30.45,31.518540909322436,EIG,0,5,500,2,20,999,999,999,1,10,0.1,1e-4,0.001,1,1e-5,5
83,8,background,49.45,42.56941699339908,EIG,0,5,500,2,20,999,999,999,1,10,0.1,1e-4,0.001,1,1e-5,5
83,8,background,39.75,38.743250685560845,EIG,0,5,500,2,20,999,999,999,1,10,0.1,1e-4,0.001,1,1e-5,5
83,8,background,52.55,34.88398063958811,EIG,0,5,500,2,20,999,999,999,1,10,0.1,1e-4,0.001,1,1e-5,5
83,8,background,42.1,26.586304349182655,EIG,0,5,500,2,20,999,999,999,1,10,0.1,1e-4,0.001,1,1e-5,5
83,8,background,46.05,49.96891138761338,EIG,0,5,500,2,20,999,999,999,1,10,0.1,1e-4,0.001,1,1e-5,5
83,8,background,42.6,35.22618643177708,EIG,0,5,500,2,20,999,999,999,1,10,0.1,1e-4,0.001,1,1e-5,5
83,8,background,53.9,60.71928506617456,EIG,0,5,500,2,20,999,999,999,1,10,0.1,1e-4,0.001,1,1e-5,5
55,8,background,54.5,61.33557394839431,EIG,0,5,500,2,20,999,999,999,1,1,1,1e-4,0.001,0.5,1e-5,5
55,8,background,55.95,59.16833701620452,EIG,0,5,500,2,20,999,999,999,1,1,1,1e-4,0.001,0.5,1e-5,5
55,8,background,55.1,44.182516189575544,EIG,0,5,500,2,20,999,999,999,1,1,1,1e-4,0.001,0.5,1e-5,5
55,8,background,46.95,56.24053136680923,EIG,0,5,500,2,20,999,999,999,1,1,1,1e-4,0.001,0.5,1e-5,5
55,8,background,69.2,56.87807828569531,EIG,0,5,500,2,20,999,999,999,1,1,1,1e-4,0.001,0.5,1e-5,5
71,8,background,40.3,35.080508908269245,EIG,0,5,500,2,20,999,999,999,1,1,10,1e-4,0.001,1,1e-5,5
71,8,background,59.4,60.263806018118984,EIG,0,5,500,2,20,999,999,999,1,1,10,1e-4,0.001,1,1e-5,5
71,8,background,39.45,31.125340835166178,EIG,0,5,500,2,20,999,999,999,1,1,10,1e-4,0.001,1,1e-5,5
71,8,background,41.25,36.63744848619984,EIG,0,5,500,2,20,999,999,999,1,1,10,1e-4,0.001,1,1e-5,5
71,8,background,45,34.47958969104995,EIG,0,5,500,2,20,999,999,999,1,1,10,1e-4,0.001,1,1e-5,5
83,8,background,48.75,33.42214047131348,EIG,0,5,500,2,20,999,999,999,1,10,0.1,1e-4,0.001,1,1e-5,5
83,8,background,58.6,43.2889921585761,EIG,0,5,500,2,20,999,999,999,1,10,0.1,1e-4,0.001,1,1e-5,5
83,8,background,58.25,37.21328992938437,EIG,0,5,500,2,20,999,999,999,1,10,0.1,1e-4,0.001,1,1e-5,5
83,8,background,51.05,36.10288660277224,EIG,0,5,500,2,20,999,999,999,1,10,0.1,1e-4,0.001,1,1e-5,5
83,8,background,35.65,36.633713262081706,EIG,0,5,500,2,20,999,999,999,1,10,0.1,1e-4,0.001,1,1e-5,5
71,8,background,19.7,34.328291232558726,EIG,0,5,500,2,20,999,999,999,1,1,10,1e-4,0.001,1,1e-5,5
71,8,background,10.7,16.258115382462805,EIG,0,5,500,2,20,999,999,999,1,1,10,1e-4,0.001,1,1e-5,5
71,8,background,16.4,18.9414610674156,EIG,0,5,500,2,20,999,999,999,1,1,10,1e-4,0.001,1,1e-5,5
71,8,background,7.6,10.72331449152782,EIG,0,5,500,2,20,999,999,999,1,1,10,1e-4,0.001,1,1e-5,5
71,8,background,14.1,21.564834923160387,EIG,0,5,500,2,20,999,999,999,1,1,10,1e-4,0.001,1,1e-5,5
55,8,background,28,57.790000956275435,EIG,0,5,500,2,20,999,999,999,1,1,1,1e-4,0.001,0.5,1e-5,5
55,8,background,19.1,26.54866435336001,EIG,0,5,500,2,20,999,999,999,1,1,1,1e-4,0.001,0.5,1e-5,5
55,8,background,42.65,64.69383359535247,EIG,0,5,500,2,20,999,999,999,1,1,1,1e-4,0.001,0.5,1e-5,5
55,8,background,22.45,34.37636121706769,EIG,0,5,500,2,20,999,999,999,1,1,1,1e-4,0.001,0.5,1e-5,5
55,8,background,24.25,30.048863714395523,EIG,0,5,500,2,20,999,999,999,1,1,1,1e-4,0.001,0.5,1e-5,5
83,8,background,59.3,47.083464523959435,EIG,0,5,500,2,20,999,999,999,1,10,0.1,1e-4,0.001,1,1e-5,5
83,8,background,48.35,23.77365857635848,EIG,0,5,500,2,20,999,999,999,1,10,0.1,1e-4,0.001,1,1e-5,5
83,8,background,44.45,31.726586891587846,EIG,0,5,500,2,20,999,999,999,1,10,0.1,1e-4,0.001,1,1e-5,5
83,8,background,40,31.368774282716245,EIG,0,5,500,2,20,999,999,999,1,10,0.1,1e-4,0.001,1,1e-5,5
83,8,background,17.65,16.138463371709214,EIG,0,5,500,2,20,999,999,999,1,10,0.1,1e-4,0.001,1,1e-5,5
83,8,background,47.2,45.09125250679536,EIG,0,5,500,2,20,999,999,999,1,10,0.1,1e-4,0.001,1,1e-5,5
83,8,background,48.1,42.29084758518897,EIG,0,5,500,2,20,999,999,999,1,10,0.1,1e-4,0.001,1,1e-5,5
83,8,background,40.3,48.961961605010536,EIG,0,5,500,2,20,999,999,999,1,10,0.1,1e-4,0.001,1,1e-5,5
83,8,background,43.35,27.336644001470955,EIG,0,5,500,2,20,999,999,999,1,10,0.1,1e-4,0.001,1,1e-5,5
83,8,background,43.85,41.91630131332526,EIG,0,5,500,2,20,999,999,999,1,10,0.1,1e-4,0.001,1,1e-5,5
71,8,background,25.15,32.33911595966457,EIG,0,5,500,2,20,999,999,999,1,1,10,1e-4,0.001,1,1e-5,5
71,8,background,40.1,44.15034123966595,EIG,0,5,500,2,20,999,999,999,1,1,10,1e-4,0.001,1,1e-5,5
71,8,background,23.1,20.695537276376633,EIG,0,5,500,2,20,999,999,999,1,1,10,1e-4,0.001,1,1e-5,5
71,8,background,29,34.40471203957847,EIG,0,5,500,2,20,999,999,999,1,1,10,1e-4,0.001,1,1e-5,5
71,8,background,28.15,27.830832958391575,EIG,0,5,500,2,20,999,999,999,1,1,10,1e-4,0.001,1,1e-5,5
71,8,background,20.75,25.089051921421618,EIG,0,5,500,2,20,999,999,999,1,1,10,1e-4,0.001,1,1e-5,5
71,8,background,18.7,26.042677524240457,EIG,0,5,500,2,20,999,999,999,1,1,10,1e-4,0.001,1,1e-5,5
71,8,background,22.3,31.8021846320095,EIG,0,5,500,2,20,999,999,999,1,1,10,1e-4,0.001,1,1e-5,5
71,8,background,27.45,31.60525439326755,EIG,0,5,500,2,20,999,999,999,1,1,10,1e-4,0.001,1,1e-5,5
71,8,background,26.6,29.01977547158235,EIG,0,5,500,2,20,999,999,999,1,1,10,1e-4,0.001,1,1e-5,5
83,8,background,32.55,31.351110112134116,EIG,0,5,500,2,20,999,999,999,1,10,0.1,1e-4,0.001,1,1e-5,5
83,8,background,32,36.499459260594385,EIG,0,5,500,2,20,999,999,999,1,10,0.1,1e-4,0.001,1,1e-5,5
83,8,background,17.05,24.639452745118906,EIG,0,5,500,2,20,999,999,999,1,10,0.1,1e-4,0.001,1,1e-5,5
83,8,background,26.25,32.28471204113408,EIG,0,5,500,2,20,999,999,999,1,10,0.1,1e-4,0.001,1,1e-5,5
83,8,background,19.1,28.482496933712596,EIG,0,5,500,2,20,999,999,999,1,10,0.1,1e-4,0.001,1,1e-5,5
71,8,background,3.2,6.5982453808011075,EIG,0,5,500,2,20,999,999,999,1,1,10,1e-4,0.001,1,1e-5,5
71,8,background,1.35,0.9880869341680842,EIG,0,5,500,2,20,999,999,999,1,1,10,1e-4,0.001,1,1e-5,5
71,8,background,1.25,0.5501196042201809,EIG,0,5,500,2,20,999,999,999,1,1,10,1e-4,0.001,1,1e-5,5
71,8,background,3.35,5.402484808425023,EIG,0,5,500,2,20,999,999,999,1,1,10,1e-4,0.001,1,1e-5,5
71,8,background,1.4,0.7539370349250519,EIG,0,5,500,2,20,999,999,999,1,1,10,1e-4,0.001,1,1e-5,5
55,8,background,7.35,10.090511436623595,EIG,0,5,500,2,20,999,999,999,1,1,1,1e-4,0.001,0.5,1e-5,5
55,8,background,4.1,10.156149290998664,EIG,0,5,500,2,20,999,999,999,1,1,1,1e-4,0.001,0.5,1e-5,5
55,8,background,4.65,9.911582804184734,EIG,0,5,500,2,20,999,999,999,1,1,1,1e-4,0.001,0.5,1e-5,5
55,8,background,4.5,6.977407149243606,EIG,0,5,500,2,20,999,999,999,1,1,1,1e-4,0.001,0.5,1e-5,5
55,8,background,2,2.615741818902985,EIG,0,5,500,2,20,999,999,999,1,1,1,1e-4,0.001,0.5,1e-5,5
83,8,background,32.9,30.693561814199818,EIG,0,5,500,2,20,999,999,999,1,10,0.1,1e-4,0.001,1,1e-5,5
83,8,background,34,37.605990564214494,EIG,0,5,500,2,20,999,999,999,1,10,0.1,1e-4,0.001,1,1e-5,5
83,8,background,46.45,34.995450832177724,EIG,0,5,500,2,20,999,999,999,1,10,0.1,1e-4,0.001,1,1e-5,5
83,8,background,47.15,48.1284192223483,EIG,0,5,500,2,20,999,999,999,1,10,0.1,1e-4,0.001,1,1e-5,5
83,8,background,35.85,26.654267950930485,EIG,0,5,500,2,20,999,999,999,1,10,0.1,1e-4,0.001,1,1e-5,5
71,8,background,11.75,16.453682998360165,EIG,0,5,500,2,20,999,999,999,1,1,10,1e-4,0.001,1,1e-5,5
71,8,background,6.05,12.215068347612393,EIG,0,5,500,2,20,999,999,999,1,1,10,1e-4,0.001,1,1e-5,5
71,8,background,9.15,26.49185574950595,EIG,0,5,500,2,20,999,999,999,1,1,10,1e-4,0.001,1,1e-5,5
71,8,background,6.35,11.416861952485249,EIG,0,5,500,2,20,999,999,999,1,1,10,1e-4,0.001,1,1e-5,5
71,8,background,7.5,10.52065637335978,EIG,0,5,500,2,20,999,999,999,1,1,10,1e-4,0.001,1,1e-5,5
71,8,background,3.65,6.376560696471842,EIG,0,5,500,2,20,999,999,999,1,1,10,1e-4,0.001,1,1e-5,5
71,8,background,8.1,9.743553874498934,EIG,0,5,500,2,20,999,999,999,1,1,10,1e-4,0.001,1,1e-5,5
71,8,background,8.2,16.5262152192716,EIG,0,5,500,2,20,999,999,999,1,1,10,1e-4,0.001,1,1e-5,5
71,8,background,7.25,18.691047674164626,EIG,0,5,500,2,20,999,999,999,1,1,10,1e-4,0.001,1,1e-5,5
71,8,background,4.35,8.047719520068043,EIG,0,5,500,2,20,999,999,999,1,1,10,1e-4,0.001,1,1e-5,5
83,8,background,6.6,8.604772237727031,EIG,0,5,500,2,20,999,999,999,1,10,0.1,1e-4,0.001,1,1e-5,5
83,8,background,8.05,22.799988457984156,EIG,0,5,500,2,20,999,999,999,1,10,0.1,1e-4,0.001,1,1e-5,5
83,8,background,11.55,19.44350791395421,EIG,0,5,500,2,20,999,999,999,1,10,0.1,1e-4,0.001,1,1e-5,5
83,8,background,11.8,20.549298873940355,EIG,0,5,500,2,20,999,999,999,1,10,0.1,1e-4,0.001,1,1e-5,5
83,8,background,10.7,19.735354329890196,EIG,0,5,500,2,20,999,999,999,1,10,0.1,1e-4,0.001,1,1e-5,5
55,8,background,20.45,51.87888222632241,EIG,0,5,500,2,20,999,999,999,1,1,1,1e-4,0.001,0.5,1e-5,5
55,8,background,17,23.10388438518966,EIG,0,5,500,2,20,999,999,999,1,1,1,1e-4,0.001,0.5,1e-5,5
55,8,background,8.35,21.40898729137147,EIG,0,5,500,2,20,999,999,999,1,1,1,1e-4,0.001,0.5,1e-5,5
55,8,background,26.8,67.98343451474818,EIG,0,5,500,2,20,999,999,999,1,1,1,1e-4,0.001,0.5,1e-5,5
55,8,background,3.85,9.2865210754195,EIG,0,5,500,2,20,999,999,999,1,1,1,1e-4,0.001,0.5,1e-5,5
55,8,background,8.15,14.012306621042278,EIG,0,5,500,2,20,999,999,999,1,1,1,1e-4,0.001,0.5,1e-5,5
55,8,background,15.75,24.14621033794352,EIG,0,5,500,2,20,999,999,999,1,1,1,1e-4,0.001,0.5,1e-5,5
55,8,background,6.2,10.875370532102634,EIG,0,5,500,2,20,999,999,999,1,1,1,1e-4,0.001,0.5,1e-5,5
55,8,background,21.8,36.11618677779288,EIG,0,5,500,2,20,999,999,999,1,1,1,1e-4,0.001,0.5,1e-5,5
55,8,background,13.9,21.85574716660417,EIG,0,5,500,2,20,999,999,999,1,1,1,1e-4,0.001,0.5,1e-5,5
71,8,background,27.55,31.658498484858526,EIG,0,5,500,2,20,999,999,999,1,1,10,1e-4,0.001,1,1e-5,5
71,8,background,30,20.726286386336096,EIG,0,5,500,2,20,999,999,999,1,1,10,1e-4,0.001,1,1e-5,5
71,8,background,40.55,40.717867537999886,EIG,0,5,500,2,20,999,999,999,1,1,10,1e-4,0.001,1,1e-5,5
71,8,background,37.8,43.20282641826013,EIG,0,5,500,2,20,999,999,999,1,1,10,1e-4,0.001,1,1e-5,5
71,8,background,18.3,20.191452073640107,EIG,0,5,500,2,20,999,999,999,1,1,10,1e-4,0.001,1,1e-5,5
71,8,background,22.35,23.722685123604457,EIG,0,5,500,2,20,999,999,999,1,1,10,1e-4,0.001,1,1e-5,5
71,8,background,28.9,24.98188817607879,EIG,0,5,500,2,20,999,999,999,1,1,10,1e-4,0.001,1,1e-5,5
71,8,background,18.15,22.62340427638227,EIG,0,5,500,2,20,999,999,999,1,1,10,1e-4,0.001,1,1e-5,5
71,8,background,22.55,22.15370944346032,EIG,0,5,500,2,20,999,999,999,1,1,10,1e-4,0.001,1,1e-5,5
71,8,background,35.9,34.810615440816626,EIG,0,5,500,2,20,999,999,999,1,1,10,1e-4,0.001,1,1e-5,5
55,8,background,32.8,32.04700495078736,EIG,0,5,500,2,20,999,999,999,1,1,1,1e-4,0.001,0.5,1e-5,5
55,8,background,28.1,29.76380705699988,EIG,0,5,500,2,20,999,999,999,1,1,1,1e-4,0.001,0.5,1e-5,5
55,8,background,42.35,42.19413154506329,EIG,0,5,500,2,20,999,999,999,1,1,1,1e-4,0.001,0.5,1e-5,5
55,8,background,38.7,54.71178070003224,EIG,0,5,500,2,20,999,999,999,1,1,1,1e-4,0.001,0.5,1e-5,5
55,8,background,36.45,43.42019297394631,EIG,0,5,500,2,20,999,999,999,1,1,1,1e-4,0.001,0.5,1e-5,5
83,8,background,43.05,42.295296491018455,EIG,0,5,500,2,20,999,999,999,1,10,0.1,1e-4,0.001,1,1e-5,5
83,8,background,38.85,45.60040973961804,EIG,0,5,500,2,20,999,999,999,1,10,0.1,1e-4,0.001,1,1e-5,5
83,8,background,37.5,40.3034542074576,EIG,0,5,500,2,20,999,999,999,1,10,0.1,1e-4,0.001,1,1e-5,5
83,8,background,38.6,38.84164883485929,EIG,0,5,500,2,20,999,999,999,1,10,0.1,1e-4,0.001,1,1e-5,5
83,8,background,41.3,35.58991578050105,EIG,0,5,500,2,20,999,999,999,1,10,0.1,1e-4,0.001,1,1e-5,5
55,8,background,36.45,39.79219045306041,EIG,0,5,500,2,20,999,999,999,1,1,1,1e-4,0.001,0.5,1e-5,5
55,8,background,62.65,61.15233351832816,EIG,0,5,500,2,20,999,999,999,1,1,1,1e-4,0.001,0.5,1e-5,5
55,8,background,26.75,35.75188622186322,EIG,0,5,500,2,20,999,999,999,1,1,1,1e-4,0.001,0.5,1e-5,5
55,8,background,36.5,42.58922522496926,EIG,0,5,500,2,20,999,999,999,1,1,1,1e-4,0.001,0.5,1e-5,5
55,8,background,65.6,76.96985055680464,EIG,0,5,500,2,20,999,999,999,1,1,1,1e-4,0.001,0.5,1e-5,5
71,8,background,26.15,30.515354202520136,EIG,0,5,500,2,20,999,999,999,1,1,10,1e-4,0.001,1,1e-5,5
71,8,background,20.1,26.647602834816215,EIG,0,5,500,2,20,999,999,999,1,1,10,1e-4,0.001,1,1e-5,5
71,8,background,18.5,20.15858182146332,EIG,0,5,500,2,20,999,999,999,1,1,10,1e-4,0.001,1,1e-5,5
71,8,background,26.65,29.82805990832687,EIG,0,5,500,2,20,999,999,999,1,1,10,1e-4,0.001,1,1e-5,5
71,8,background,33.4,32.08442809706586,EIG,0,5,500,2,20,999,999,999,1,1,10,1e-4,0.001,1,1e-5,5
71,8,background,27.9,33.79956399594215,EIG,0,5,500,2,20,999,999,999,1,1,10,1e-4,0.001,1,1e-5,5
71,8,background,22.85,31.11654662208213,EIG,0,5,500,2,20,999,999,999,1,1,10,1e-4,0.001,1,1e-5,5
71,8,background,32.95,35.47790268529649,EIG,0,5,500,2,20,999,999,999,1,1,10,1e-4,0.001,1,1e-5,5
71,8,background,24.5,25.328369781521147,EIG,0,5,500,2,20,999,999,999,1,1,10,1e-4,0.001,1,1e-5,5
71,8,background,26.35,25.060505728504783,EIG,0,5,500,2,20,999,999,999,1,1,10,1e-4,0.001,1,1e-5,5
71,8,background,20.5,24.835246600028167,EIG,0,5,500,2,20,999,999,999,1,1,10,1e-4,0.001,1,1e-5,5
71,8,background,16.8,21.130172988556335,EIG,0,5,500,2,20,999,999,999,1,1,10,1e-4,0.001,1,1e-5,5
71,8,background,17.1,20.64461188785103,EIG,0,5,500,2,20,999,999,999,1,1,10,1e-4,0.001,1,1e-5,5
71,8,background,16,22.11691422275816,EIG,0,5,500,2,20,999,999,999,1,1,10,1e-4,0.001,1,1e-5,5
71,8,background,25.35,22.30948582766391,EIG,0,5,500,2,20,999,999,999,1,1,10,1e-4,0.001,1,1e-5,5
55,8,background,18.4,18.377331574237697,EIG,0,5,500,2,20,999,999,999,1,1,1,1e-4,0.001,0.5,1e-5,5
55,8,background,30.2,31.607127777066193,EIG,0,5,500,2,20,999,999,999,1,1,1,1e-4,0.001,0.5,1e-5,5
55,8,background,40.4,56.87048998891206,EIG,0,5,500,2,20,999,999,999,1,1,1,1e-4,0.001,0.5,1e-5,5
55,8,background,29.2,32.800192553991934,EIG,0,5,500,2,20,999,999,999,1,1,1,1e-4,0.001,0.5,1e-5,5
55,8,background,40.9,48.67496925092966,EIG,0,5,500,2,20,999,999,999,1,1,1,1e-4,0.001,0.5,1e-5,5
71,8,background,44.9,37.182197211483945,EIG,0,5,500,2,20,999,999,999,1,1,10,1e-4,0.001,1,1e-5,5
71,8,background,40.45,47.41693568202909,EIG,0,5,500,2,20,999,999,999,1,1,10,1e-4,0.001,1,1e-5,5
71,8,background,31.3,33.43036753737851,EIG,0,5,500,2,20,999,999,999,1,1,10,1e-4,0.001,1,1e-5,5
71,8,background,23.95,20.564340623106737,EIG,0,5,500,2,20,999,999,999,1,1,10,1e-4,0.001,1,1e-5,5
71,8,background,37.7,38.69190041720278,EIG,0,5,500,2,20,999,999,999,1,1,10,1e-4,0.001,1,1e-5,5
71,8,background,13.95,18.346016346593437,EIG,0,5,500,2,20,999,999,999,1,1,10,1e-4,0.001,1,1e-5,5
71,8,background,16.9,29.096753300524423,EIG,0,5,500,2,20,999,999,999,1,1,10,1e-4,0.001,1,1e-5,5
71,8,background,25.3,33.09968993335452,EIG,0,5,500,2,20,999,999,999,1,1,10,1e-4,0.001,1,1e-5,5
71,8,background,18.45,23.09813161730893,EIG,0,5,500,2,20,999,999,999,1,1,10,1e-4,0.001,1,1e-5,5
71,8,background,24.2,23.60998896542242,EIG,0,5,500,2,20,999,999,999,1,1,10,1e-4,0.001,1,1e-5,5
83,8,background,25.2,33.971505087274785,EIG,0,5,500,2,20,999,999,999,1,10,0.1,1e-4,0.001,1,1e-5,5
83,8,background,17,24.971562773851804,EIG,0,5,500,2,20,999,999,999,1,10,0.1,1e-4,0.001,1,1e-5,5
83,8,background,17.35,27.003459817313463,EIG,0,5,500,2,20,999,999,999,1,10,0.1,1e-4,0.001,1,1e-5,5
83,8,background,10.6,14.225255524483282,EIG,0,5,500,2,20,999,999,999,1,10,0.1,1e-4,0.001,1,1e-5,5
83,8,background,16.5,23.374525044428857,EIG,0,5,500,2,20,999,999,999,1,10,0.1,1e-4,0.001,1,1e-5,5
83,8,background,30.15,33.21584117952092,EIG,0,5,500,2,20,999,999,999,1,10,0.1,1e-4,0.001,1,1e-5,5
83,8,background,25.7,33.131476526742745,EIG,0,5,500,2,20,999,999,999,1,10,0.1,1e-4,0.001,1,1e-5,5
83,8,background,27.1,32.18842551045492,EIG,0,5,500,2,20,999,999,999,1,10,0.1,1e-4,0.001,1,1e-5,5
83,8,background,15.9,17.74052749467934,EIG,0,5,500,2,20,999,999,999,1,10,0.1,1e-4,0.001,1,1e-5,5
83,8,background,17.35,21.77945676186863,EIG,0,5,500,2,20,999,999,999,1,10,0.1,1e-4,0.001,1,1e-5,5
55,8,identity,13.85,16.633115352085714,EIG,0,5,500,2,20,999,999,999,1,1,1,1e-4,0.001,0.5,1e-5,5
55,8,identity,8.65,14.572053281610838,EIG,0,5,500,2,20,999,999,999,1,1,1,1e-4,0.001,0.5,1e-5,5
55,8,identity,11.05,8.055563621693885,EIG,0,5,500,2,20,999,999,999,1,1,1,1e-4,0.001,0.5,1e-5,5
55,8,identity,10.3,18.504906888373377,EIG,0,5,500,2,20,999,999,999,1,1,1,1e-4,0.001,0.5,1e-5,5
55,8,identity,8.6,11.735685569640731,EIG,0,5,500,2,20,999,999,999,1,1,1,1e-4,0.001,0.5,1e-5,5
55,8,identity,7.4,13.64744047720844,EIG,0,5,500,2,20,999,999,999,1,1,1,1e-4,0.001,0.5,1e-5,5
55,8,identity,14.7,20.204481003766936,EIG,0,5,500,2,20,999,999,999,1,1,1,1e-4,0.001,0.5,1e-5,5
55,8,identity,14.65,26.937109992292086,EIG,0,5,500,2,20,999,999,999,1,1,1,1e-4,0.001,0.5,1e-5,5
55,8,identity,11.6,14.00901965088733,EIG,0,5,500,2,20,999,999,999,1,1,1,1e-4,0.001,0.5,1e-5,5
55,8,identity,9.6,9.577385644813186,EIG,0,5,500,2,20,999,999,999,1,1,1,1e-4,0.001,0.5,1e-5,5
55,8,identity,16.6,28.643728072559565,EIG,0,5,500,2,20,999,999,999,1,1,1,1e-4,0.001,0.5,1e-5,5
55,8,identity,8.55,12.275242520918615,EIG,0,5,500,2,20,999,999,999,1,1,1,1e-4,0.001,0.5,1e-5,5
55,8,identity,14.35,16.781176798330982,EIG,0,5,500,2,20,999,999,999,1,1,1,1e-4,0.001,0.5,1e-5,5
55,8,identity,7.25,7.475398246740331,EIG,0,5,500,2,20,999,999,999,1,1,1,1e-4,0.001,0.5,1e-5,5
55,8,identity,15.95,28.577641241840947,EIG,0,5,500,2,20,999,999,999,1,1,1,1e-4,0.001,0.5,1e-5,5
71,8,identity,13.45,16.19120944086311,EIG,0,5,500,2,20,999,999,999,1,1,10,1e-4,0.001,1,1e-5,5
71,8,identity,21.25,23.5838370165046,EIG,0,5,500,2,20,999,999,999,1,1,10,1e-4,0.001,1,1e-5,5
71,8,identity,9.6,11.03773432128933,EIG,0,5,500,2,20,999,999,999,1,1,10,1e-4,0.001,1,1e-5,5
71,8,identity,23.7,39.519615382743794,EIG,0,5,500,2,20,999,999,999,1,1,10,1e-4,0.001,1,1e-5,5
71,8,identity,12.6,14.619381511865464,EIG,0,5,500,2,20,999,999,999,1,1,10,1e-4,0.001,1,1e-5,5
71,8,identity,8.2,7.997367988084712,EIG,0,5,500,2,20,999,999,999,1,1,10,1e-4,0.001,1,1e-5,5
71,8,identity,21.65,33.58300792145682,EIG,0,5,500,2,20,999,999,999,1,1,10,1e-4,0.001,1,1e-5,5
71,8,identity,14.9,15.930440903139532,EIG,0,5,500,2,20,999,999,999,1,1,10,1e-4,0.001,1,1e-5,5
71,8,identity,24.4,36.76010423214133,EIG,0,5,500,2,20,999,999,999,1,1,10,1e-4,0.001,1,1e-5,5
71,8,identity,24.8,30.882800527495117,EIG,0,5,500,2,20,999,999,999,1,1,10,1e-4,0.001,1,1e-5,5
71,8,identity,16.9,19.34969060000158,EIG,0,5,500,2,20,999,999,999,1,1,10,1e-4,0.001,1,1e-5,5
71,8,identity,14.9,23.953683377894535,EIG,0,5,500,2,20,999,999,999,1,1,10,1e-4,0.001,1,1e-5,5
71,8,identity,11.5,11.541686458910132,EIG,0,5,500,2,20,999,999,999,1,1,10,1e-4,0.001,1,1e-5,5
71,8,identity,11.4,12.049896265113656,EIG,0,5,500,2,20,999,999,999,1,1,10,1e-4,0.001,1,1e-5,5
71,8,identity,30.2,40.84064023416922,EIG,0,5,500,2,20,999,999,999,1,1,10,1e-4,0.001,1,1e-5,5
83,8,identity,15.3,25.09371907155464,EIG,0,5,500,2,20,999,999,999,1,10,0.1,1e-4,0.001,1,1e-5,5
83,8,identity,11.3,15.46847388110819,EIG,0,5,500,2,20,999,999,999,1,10,0.1,1e-4,0.001,1,1e-5,5
83,8,identity,12.25,16.111045573571076,EIG,0,5,500,2,20,999,999,999,1,10,0.1,1e-4,0.001,1,1e-5,5
83,8,identity,21.3,20.060697369417852,EIG,0,5,500,2,20,999,999,999,1,10,0.1,1e-4,0.001,1,1e-5,5
83,8,identity,13.3,16.81822319922492,EIG,0,5,500,2,20,999,999,999,1,10,0.1,1e-4,0.001,1,1e-5,5
55,8,identity,15,20.15988721772964,EIG,0,5,500,2,20,999,999,999,1,1,1,1e-4,0.001,0.5,1e-5,5
55,8,identity,16.9,26.76977871839024,EIG,0,5,500,2,20,999,999,999,1,1,1,1e-4,0.001,0.5,1e-5,5
55,8,identity,12.7,14.342061805825036,EIG,0,5,500,2,20,999,999,999,1,1,1,1e-4,0.001,0.5,1e-5,5
55,8,identity,19.9,18.529918907994233,EIG,0,5,500,2,20,999,999,999,1,1,1,1e-4,0.001,0.5,1e-5,5
55,8,identity,13.65,13.78128020941909,EIG,0,5,500,2,20,999,999,999,1,1,1,1e-4,0.001,0.5,1e-5,5
83,8,identity,18.35,19.046411459214152,EIG,0,5,500,2,20,999,999,999,1,10,0.1,1e-4,0.001,1,1e-5,5
83,8,identity,13.75,17.19814861517,EIG,0,5,500,2,20,999,999,999,1,10,0.1,1e-4,0.001,1,1e-5,5
83,8,identity,21.9,29.606009347321436,EIG,0,5,500,2,20,999,999,999,1,10,0.1,1e-4,0.001,1,1e-5,5
83,8,identity,30.45,50.583412092773735,EIG,0,5,500,2,20,999,999,999,1,10,0.1,1e-4,0.001,1,1e-5,5
83,8,identity,19.6,20.06410778112577,EIG,0,5,500,2,20,999,999,999,1,10,0.1,1e-4,0.001,1,1e-5,5
55,8,identity,12.45,17.92521012135525,EIG,0,5,500,2,20,999,999,999,1,1,1,1e-4,0.001,0.5,1e-5,5
55,8,identity,26.4,48.854671704642755,EIG,0,5,500,2,20,999,999,999,1,1,1,1e-4,0.001,0.5,1e-5,5
55,8,identity,15.4,16.04073761265032,EIG,0,5,500,2,20,999,999,999,1,1,1,1e-4,0.001,0.5,1e-5,5
55,8,identity,12.15,16.9527982475181,EIG,0,5,500,2,20,999,999,999,1,1,1,1e-4,0.001,0.5,1e-5,5
55,8,identity,21.75,24.78088184998988,EIG,0,5,500,2,20,999,999,999,1,1,1,1e-4,0.001,0.5,1e-5,5
71,8,identity,45,73.75564206785882,EIG,0,5,500,2,20,999,999,999,1,1,10,1e-4,0.001,1,1e-5,5
71,8,identity,45.85,62.06641179965385,EIG,0,5,500,2,20,999,999,999,1,1,10,1e-4,0.001,1,1e-5,5
71,8,identity,29,34.212955379351165,EIG,0,5,500,2,20,999,999,999,1,1,10,1e-4,0.001,1,1e-5,5
71,8,identity,26.75,27.91882028875485,EIG,0,5,500,2,20,999,999,999,1,1,10,1e-4,0.001,1,1e-5,5
71,8,identity,36.4,47.48340430308811,EIG,0,5,500,2,20,999,999,999,1,1,10,1e-4,0.001,1,1e-5,5
71,8,identity,40.05,49.348892164817,EIG,0,5,500,2,20,999,999,999,1,1,10,1e-4,0.001,1,1e-5,5
71,8,identity,61,77.67272772073187,EIG,0,5,500,2,20,999,999,999,1,1,10,1e-4,0.001,1,1e-5,5
71,8,identity,33.25,33.483499471263535,EIG,0,5,500,2,20,999,999,999,1,1,10,1e-4,0.001,1,1e-5,5
71,8,identity,35.65,58.86226116514455,EIG,0,5,500,2,20,999,999,999,1,1,10,1e-4,0.001,1,1e-5,5
71,8,identity,44.45,50.25773048680382,EIG,0,5,500,2,20,999,999,999,1,1,10,1e-4,0.001,1,1e-5,5
71,8,identity,38.45,33.63656375215268,EIG,0,5,500,2,20,999,999,999,1,1,10,1e-4,0.001,1,1e-5,5
71,8,identity,23.9,26.005869782760485,EIG,0,5,500,2,20,999,999,999,1,1,10,1e-4,0.001,1,1e-5,5
71,8,identity,24.4,28.273848806198803,EIG,0,5,500,2,20,999,999,999,1,1,10,1e-4,0.001,1,1e-5,5
71,8,identity,24.1,26.836542251191748,EIG,0,5,500,2,20,999,999,999,1,1,10,1e-4,0.001,1,1e-5,5
71,8,identity,42.25,50.42751441947456,EIG,0,5,500,2,20,999,999,999,1,1,10,1e-4,0.001,1,1e-5,5
83,8,identity,28.1,35.992543087349866,EIG,0,5,500,2,20,999,999,999,1,10,0.1,1e-4,0.001,1,1e-5,5
83,8,identity,30.05,37.8980280003563,EIG,0,5,500,2,20,999,999,999,1,10,0.1,1e-4,0.001,1,1e-5,5
83,8,identity,32.95,39.86222984757693,EIG,0,5,500,2,20,999,999,999,1,10,0.1,1e-4,0.001,1,1e-5,5
83,8,identity,18.65,22.143729063599597,EIG,0,5,500,2,20,999,999,999,1,10,0.1,1e-4,0.001,1,1e-5,5
83,8,identity,35.6,34.09800117617638,EIG,0,5,500,2,20,999,999,999,1,10,0.1,1e-4,0.001,1,1e-5,5
83,8,identity,29.5,44.58050081180761,EIG,0,5,500,2,20,999,999,999,1,10,0.1,1e-4,0.001,1,1e-5,5
83,8,identity,30,35.307670256579776,EIG,0,5,500,2,20,999,999,999,1,10,0.1,1e-4,0.001,1,1e-5,5
83,8,identity,28.2,31.660368718137526,EIG,0,5,500,2,20,999,999,999,1,10,0.1,1e-4,0.001,1,1e-5,5
83,8,identity,31.25,41.36725758374612,EIG,0,5,500,2,20,999,999,999,1,10,0.1,1e-4,0.001,1,1e-5,5
83,8,identity,32.85,63.18500405034493,EIG,0,5,500,2,20,999,999,999,1,10,0.1,1e-4,0.001,1,1e-5,5
55,8,identity,34.45,44.10809091550581,EIG,0,5,500,2,20,999,999,999,1,1,1,1e-4,0.001,0.5,1e-5,5
55,8,identity,25.3,40.6293904510153,EIG,0,5,500,2,20,999,999,999,1,1,1,1e-4,0.001,0.5,1e-5,5
55,8,identity,23.6,32.65997067069299,EIG,0,5,500,2,20,999,999,999,1,1,1,1e-4,0.001,0.5,1e-5,5
55,8,identity,16.35,24.8008382710619,EIG,0,5,500,2,20,999,999,999,1,1,1,1e-4,0.001,0.5,1e-5,5
55,8,identity,25.25,39.49267087234768,EIG,0,5,500,2,20,999,999,999,1,1,1,1e-4,0.001,0.5,1e-5,5
71,8,identity,23.55,36.246923644417194,EIG,0,5,500,2,20,999,999,999,1,1,10,1e-4,0.001,1,1e-5,5
71,8,identity,22,21.08129627493478,EIG,0,5,500,2,20,999,999,999,1,1,10,1e-4,0.001,1,1e-5,5
71,8,identity,28.65,33.62216530802262,EIG,0,5,500,2,20,999,999,999,1,1,10,1e-4,0.001,1,1e-5,5
71,8,identity,20,22.40535650240808,EIG,0,5,500,2,20,999,999,999,1,1,10,1e-4,0.001,1,1e-5,5
71,8,identity,29.5,46.01201216158553,EIG,0,5,500,2,20,999,999,999,1,1,10,1e-4,0.001,1,1e-5,5
83,8,identity,42.35,45.46632646371667,EIG,0,5,500,2,20,999,999,999,1,10,0.1,1e-4,0.001,1,1e-5,5
83,8,identity,31.6,37.36928093895756,EIG,0,5,500,2,20,999,999,999,1,10,0.1,1e-4,0.001,1,1e-5,5
83,8,identity,33.35,45.15852195613977,EIG,0,5,500,2,20,999,999,999,1,10,0.1,1e-4,0.001,1,1e-5,5
83,8,identity,29.8,43.97559131585325,EIG,0,5,500,2,20,999,999,999,1,10,0.1,1e-4,0.001,1,1e-5,5
83,8,identity,24.15,27.180246310026043,EIG,0,5,500,2,20,999,999,999,1,10,0.1,1e-4,0.001,1,1e-5,5
71,8,identity,32.2,42.67329992297044,EIG,0,5,500,2,20,999,999,999,1,1,10,1e-4,0.001,1,1e-5,5
71,8,identity,49.75,52.129267463832534,EIG,0,5,500,2,20,999,999,999,1,1,10,1e-4,0.001,1,1e-5,5
71,8,identity,25.75,32.37750193543268,EIG,0,5,500,2,20,999,999,999,1,1,10,1e-4,0.001,1,1e-5,5
71,8,identity,45.8,47.886488589931965,EIG,0,5,500,2,20,999,999,999,1,1,10,1e-4,0.001,1,1e-5,5
71,8,identity,37.05,48.54783316753857,EIG,0,5,500,2,20,999,999,999,1,1,10,1e-4,0.001,1,1e-5,5
83,8,identity,45.85,50.10334057567524,EIG,0,5,500,2,20,999,999,999,1,10,0.1,1e-4,0.001,1,1e-5,5
83,8,identity,58.25,68.56259145750268,EIG,0,5,500,2,20,999,999,999,1,10,0.1,1e-4,0.001,1,1e-5,5
83,8,identity,27.95,34.55959764629334,EIG,0,5,500,2,20,999,999,999,1,10,0.1,1e-4,0.001,1,1e-5,5
83,8,identity,34.2,37.07119750170645,EIG,0,5,500,2,20,999,999,999,1,10,0.1,1e-4,0.001,1,1e-5,5
83,8,identity,34.6,40.750072650887766,EIG,0,5,500,2,20,999,999,999,1,10,0.1,1e-4,0.001,1,1e-5,5
83,8,identity,42.35,73.95466249847374,EIG,0,5,500,2,20,999,999,999,1,10,0.1,1e-4,0.001,1,1e-5,5
83,8,identity,40,50.78230110248214,EIG,0,5,500,2,20,999,999,999,1,10,0.1,1e-4,0.001,1,1e-5,5
83,8,identity,34.75,44.174146999776866,EIG,0,5,500,2,20,999,999,999,1,10,0.1,1e-4,0.001,1,1e-5,5
83,8,identity,36.3,36.6521342812178,EIG,0,5,500,2,20,999,999,999,1,10,0.1,1e-4,0.001,1,1e-5,5
83,8,identity,30.75,37.310750532027065,EIG,0,5,500,2,20,999,999,999,1,10,0.1,1e-4,0.001,1,1e-5,5
55,8,identity,37.05,63.51748619578373,EIG,0,5,500,2,20,999,999,999,1,1,1,1e-4,0.001,0.5,1e-5,5
55,8,identity,36.8,55.92062043176635,EIG,0,5,500,2,20,999,999,999,1,1,1,1e-4,0.001,0.5,1e-5,5
55,8,identity,31.05,45.6871224514604,EIG,0,5,500,2,20,999,999,999,1,1,1,1e-4,0.001,0.5,1e-5,5
55,8,identity,23,38.469400006266085,EIG,0,5,500,2,20,999,999,999,1,1,1,1e-4,0.001,0.5,1e-5,5
55,8,identity,20.85,31.067456318554036,EIG,0,5,500,2,20,999,999,999,1,1,1,1e-4,0.001,0.5,1e-5,5
71,8,identity,25.65,29.211164051833983,EIG,0,5,500,2,20,999,999,999,1,1,10,1e-4,0.001,1,1e-5,5
71,8,identity,42.45,58.14905981952534,EIG,0,5,500,2,20,999,999,999,1,1,10,1e-4,0.001,1,1e-5,5
71,8,identity,46.8,53.01002884261369,EIG,0,5,500,2,20,999,999,999,1,1,10,1e-4,0.001,1,1e-5,5
71,8,identity,22.8,35.744119869751415,EIG,0,5,500,2,20,999,999,999,1,1,10,1e-4,0.001,1,1e-5,5
71,8,identity,33.7,43.79870221581312,EIG,0,5,500,2,20,999,999,999,1,1,10,1e-4,0.001,1,1e-5,5
55,8,identity,30.7,25.635296390965163,EIG,0,5,500,2,20,999,999,999,1,1,1,1e-4,0.001,0.5,1e-5,5
55,8,identity,28.15,28.897778097067743,EIG,0,5,500,2,20,999,999,999,1,1,1,1e-4,0.001,0.5,1e-5,5
55,8,identity,35.35,56.67755055436064,EIG,0,5,500,2,20,999,999,999,1,1,1,1e-4,0.001,0.5,1e-5,5
55,8,identity,34.2,37.289196968107476,EIG,0,5,500,2,20,999,999,999,1,1,1,1e-4,0.001,0.5,1e-5,5
55,8,identity,44.7,53.18003186792655,EIG,0,5,500,2,20,999,999,999,1,1,1,1e-4,0.001,0.5,1e-5,5
55,8,identity,36.1,57.880002909831525,EIG,0,5,500,2,20,999,999,999,1,1,1,1e-4,0.001,0.5,1e-5,5
55,8,identity,42.7,54.69157541205621,EIG,0,5,500,2,20,999,999,999,1,1,1,1e-4,0.001,0.5,1e-5,5
55,8,identity,37.1,33.199397584896026,EIG,0,5,500,2,20,999,999,999,1,1,1,1e-4,0.001,0.5,1e-5,5
55,8,identity,24.3,26.491508073343052,EIG,0,5,500,2,20,999,999,999,1,1,1,1e-4,0.001,0.5,1e-5,5
55,8,identity,46.8,60.138961886967294,EIG,0,5,500,2,20,999,999,999,1,1,1,1e-4,0.001,0.5,1e-5,5
71,8,identity,45.2,46.37898798287636,EIG,0,5,500,2,20,999,999,999,1,1,10,1e-4,0.001,1,1e-5,5
71,8,identity,24.75,14.856772334882375,EIG,0,5,500,2,20,999,999,999,1,1,10,1e-4,0.001,1,1e-5,5
71,8,identity,26.6,28.544333016702648,EIG,0,5,500,2,20,999,999,999,1,1,10,1e-4,0.001,1,1e-5,5
71,8,identity,47.7,65.27278791430057,EIG,0,5,500,2,20,999,999,999,1,1,10,1e-4,0.001,1,1e-5,5
71,8,identity,22.8,18.41795462671083,EIG,0,5,500,2,20,999,999,999,1,1,10,1e-4,0.001,1,1e-5,5
55,8,identity,21.75,29.985742225966415,EIG,0,5,500,2,20,999,999,999,1,1,1,1e-4,0.001,0.5,1e-5,5
55,8,identity,34.85,43.697856143968295,EIG,0,5,500,2,20,999,999,999,1,1,1,1e-4,0.001,0.5,1e-5,5
55,8,identity,28.3,25.139819536261385,EIG,0,5,500,2,20,999,999,999,1,1,1,1e-4,0.001,0.5,1e-5,5
55,8,identity,32.5,35.56387877726796,EIG,0,5,500,2,20,999,999,999,1,1,1,1e-4,0.001,0.5,1e-5,5
55,8,identity,32.4,35.19629167069197,EIG,0,5,500,2,20,999,999,999,1,1,1,1e-4,0.001,0.5,1e-5,5
55,8,identity,26.6,32.84156544765537,EIG,0,5,500,2,20,999,999,999,1,1,1,1e-4,0.001,0.5,1e-5,5
55,8,identity,21.1,22.67829938857618,EIG,0,5,500,2,20,999,999,999,1,1,1,1e-4,0.001,0.5,1e-5,5
55,8,identity,16.95,19.011007891551458,EIG,0,5,500,2,20,999,999,999,1,1,1,1e-4,0.001,0.5,1e-5,5
55,8,identity,28.55,31.68674801869071,EIG,0,5,500,2,20,999,999,999,1,1,1,1e-4,0.001,0.5,1e-5,5
55,8,identity,23.05,26.063636697413063,EIG,0,5,500,2,20,999,999,999,1,1,1,1e-4,0.001,0.5,1e-5,5
71,8,identity,44.45,39.72600235560954,EIG,0,5,500,2,20,999,999,999,1,1,10,1e-4,0.001,1,1e-5,5
71,8,identity,46.9,62.616543971600414,EIG,0,5,500,2,20,999,999,999,1,1,10,1e-4,0.001,1,1e-5,5
71,8,identity,62.5,49.33078466626568,EIG,0,5,500,2,20,999,999,999,1,1,10,1e-4,0.001,1,1e-5,5
71,8,identity,42.7,39.31934035962187,EIG,0,5,500,2,20,999,999,999,1,1,10,1e-4,0.001,1,1e-5,5
71,8,identity,46,48.169656314672665,EIG,0,5,500,2,20,999,999,999,1,1,10,1e-4,0.001,1,1e-5,5
83,8,identity,45.65,55.39359168712569,EIG,0,5,500,2,20,999,999,999,1,10,0.1,1e-4,0.001,1,1e-5,5
83,8,identity,32.4,48.44139160937299,EIG,0,5,500,2,20,999,999,999,1,10,0.1,1e-4,0.001,1,1e-5,5
83,8,identity,47.05,56.77144853199584,EIG,0,5,500,2,20,999,999,999,1,10,0.1,1e-4,0.001,1,1e-5,5
83,8,identity,46.6,65.04362908241303,EIG,0,5,500,2,20,999,999,999,1,10,0.1,1e-4,0.001,1,1e-5,5
83,8,identity,74.75,64.5542407592251,EIG,0,5,500,2,20,999,999,999,1,10,0.1,1e-4,0.001,1,1e-5,5
83,8,identity,57.2,79.5967468258795,EIG,0,5,500,2,20,999,999,999,1,10,0.1,1e-4,0.001,1,1e-5,5
83,8,identity,45.9,44.07517501532556,EIG,0,5,500,2,20,999,999,999,1,10,0.1,1e-4,0.001,1,1e-5,5
83,8,identity,48.75,53.19663127442722,EIG,0,5,500,2,20,999,999,999,1,10,0.1,1e-4,0.001,1,1e-5,5
83,8,identity,38.2,41.88028049973928,EIG,0,5,500,2,20,999,999,999,1,10,0.1,1e-4,0.001,1,1e-5,5
83,8,identity,48.9,46.47681934945748,EIG,0,5,500,2,20,999,999,999,1,10,0.1,1e-4,0.001,1,1e-5,5
83,8,identity,59.85,52.52295237623062,EIG,0,5,500,2,20,999,999,999,1,10,0.1,1e-4,0.001,1,1e-5,5
83,8,identity,77.25,61.065861769766336,EIG,0,5,500,2,20,999,999,999,1,10,0.1,1e-4,0.001,1,1e-5,5
83,8,identity,46.5,45.24843701865933,EIG,0,5,500,2,20,999,999,999,1,10,0.1,1e-4,0.001,1,1e-5,5
83,8,identity,46.15,45.76401137184223,EIG,0,5,500,2,20,999,999,999,1,10,0.1,1e-4,0.001,1,1e-5,5
83,8,identity,49.3,56.14276913651293,EIG,0,5,500,2,20,999,999,999,1,10,0.1,1e-4,0.001,1,1e-5,5
55,8,identity,16.4,31.344268341990965,EIG,0,5,500,2,20,999,999,999,1,1,1,1e-4,0.001,0.5,1e-5,5
55,8,identity,17.4,19.351050563076335,EIG,0,5,500,2,20,999,999,999,1,1,1,1e-4,0.001,0.5,1e-5,5
55,8,identity,10.55,14.926045762534134,EIG,0,5,500,2,20,999,999,999,1,1,1,1e-4,0.001,0.5,1e-5,5
55,8,identity,20.85,27.622025917544025,EIG,0,5,500,2,20,999,999,999,1,1,1,1e-4,0.001,0.5,1e-5,5
55,8,identity,18.65,34.73398911728971,EIG,0,5,500,2,20,999,999,999,1,1,1,1e-4,0.001,0.5,1e-5,5
55,8,identity,40.35,53.12871658826128,EIG,0,5,500,2,20,999,999,999,1,1,1,1e-4,0.001,0.5,1e-5,5
55,8,identity,15.15,18.587701083752865,EIG,0,5,500,2,20,999,999,999,1,1,1,1e-4,0.001,0.5,1e-5,5
55,8,identity,16.2,27.47745487332823,EIG,0,5,500,2,20,999,999,999,1,1,1,1e-4,0.001,0.5,1e-5,5
55,8,identity,12.75,25.40177159176108,EIG,0,5,500,2,20,999,999,999,1,1,1,1e-4,0.001,0.5,1e-5,5
55,8,identity,27.25,47.439573753299435,EIG,0,5,500,2,20,999,999,999,1,1,1,1e-4,0.001,0.5,1e-5,5
55,8,identity,20.85,37.818507026113686,EIG,0,5,500,2,20,999,999,999,1,1,1,1e-4,0.001,0.5,1e-5,5
55,8,identity,22,26.954152106669454,EIG,0,5,500,2,20,999,999,999,1,1,1,1e-4,0.001,0.5,1e-5,5
55,8,identity,15.05,19.50296873487942,EIG,0,5,500,2,20,999,999,999,1,1,1,1e-4,0.001,0.5,1e-5,5
55,8,identity,27.75,43.04939023958411,EIG,0,5,500,2,20,999,999,999,1,1,1,1e-4,0.001,0.5,1e-5,5
55,8,identity,7.05,6.8015091204665366,EIG,0,5,500,2,20,999,999,999,1,1,1,1e-4,0.001,0.5,1e-5,5
71,8,identity,19.3,30.461537439169,EIG,0,5,500,2,20,999,999,999,1,1,10,1e-4,0.001,1,1e-5,5
71,8,identity,34.35,51.29406962746638,EIG,0,5,500,2,20,999,999,999,1,1,10,1e-4,0.001,1,1e-5,5
71,8,identity,30.7,36.19697573874894,EIG,0,5,500,2,20,999,999,999,1,1,10,1e-4,0.001,1,1e-5,5
71,8,identity,39.45,43.46380829585631,EIG,0,5,500,2,20,999,999,999,1,1,10,1e-4,0.001,1,1e-5,5
71,8,identity,28.5,28.264726017460443,EIG,0,5,500,2,20,999,999,999,1,1,10,1e-4,0.001,1,1e-5,5
83,8,identity,35.1,38.01094025339768,EIG,0,5,500,2,20,999,999,999,1,10,0.1,1e-4,0.001,1,1e-5,5
83,8,identity,23.35,20.504877468543917,EIG,0,5,500,2,20,999,999,999,1,10,0.1,1e-4,0.001,1,1e-5,5
83,8,identity,22.5,21.984444261197147,EIG,0,5,500,2,20,999,999,999,1,10,0.1,1e-4,0.001,1,1e-5,5
83,8,identity,14.2,13.87386790070872,EIG,0,5,500,2,20,999,999,999,1,10,0.1,1e-4,0.001,1,1e-5,5
83,8,identity,20.4,19.709468736998893,EIG,0,5,500,2,20,999,999,999,1,10,0.1,1e-4,0.001,1,1e-5,5
55,8,identity,22.6,20.533413077995068,EIG,0,5,500,2,20,999,999,999,1,1,1,1e-4,0.001,0.5,1e-5,5
55,8,identity,34.95,57.83322210414503,EIG,0,5,500,2,20,999,999,999,1,1,1,1e-4,0.001,0.5,1e-5,5
55,8,identity,25.35,29.06304399604057,EIG,0,5,500,2,20,999,999,999,1,1,1,1e-4,0.001,0.5,1e-5,5
55,8,identity,16.6,17.15379350403133,EIG,0,5,500,2,20,999,999,999,1,1,1,1e-4,0.001,0.5,1e-5,5
55,8,identity,18.6,30.02349956810148,EIG,0,5,500,2,20,999,999,999,1,1,1,1e-4,0.001,0.5,1e-5,5
71,8,identity,12.25,21.55745078181848,EIG,0,5,500,2,20,999,999,999,1,1,10,1e-4,0.001,1,1e-5,5
71,8,identity,13.75,22.37450381690355,EIG,0,5,500,2,20,999,999,999,1,1,10,1e-4,0.001,1,1e-5,5
71,8,identity,22.4,32.243155128361416,EIG,0,5,500,2,20,999,999,999,1,1,10,1e-4,0.001,1,1e-5,5
71,8,identity,27.5,32.133766467198036,EIG,0,5,500,2,20,999,999,999,1,1,10,1e-4,0.001,1,1e-5,5
71,8,identity,13.5,16.086934875364246,EIG,0,5,500,2,20,999,999,999,1,1,10,1e-4,0.001,1,1e-5,5
55,8,identity,46.75,107.79067189403924,EIG,0,5,500,2,20,999,999,999,1,1,1,1e-4,0.001,0.5,1e-5,5
55,8,identity,15.05,23.85587205655973,EIG,0,5,500,2,20,999,999,999,1,1,1,1e-4,0.001,0.5,1e-5,5
55,8,identity,49.5,59.26701399065436,EIG,0,5,500,2,20,999,999,999,1,1,1,1e-4,0.001,0.5,1e-5,5
55,8,identity,30.05,39.78954504309948,EIG,0,5,500,2,20,999,999,999,1,1,1,1e-4,0.001,0.5,1e-5,5
55,8,identity,24.55,37.48189036405658,EIG,0,5,500,2,20,999,999,999,1,1,1,1e-4,0.001,0.5,1e-5,5
83,8,identity,24.9,33.698196109771686,EIG,0,5,500,2,20,999,999,999,1,10,0.1,1e-4,0.001,1,1e-5,5
83,8,identity,36.35,38.87804819662309,EIG,0,5,500,2,20,999,999,999,1,10,0.1,1e-4,0.001,1,1e-5,5
83,8,identity,33.1,32.80067393402635,EIG,0,5,500,2,20,999,999,999,1,10,0.1,1e-4,0.001,1,1e-5,5
83,8,identity,36.65,50.19779298985795,EIG,0,5,500,2,20,999,999,999,1,10,0.1,1e-4,0.001,1,1e-5,5
83,8,identity,21.2,26.609456174351568,EIG,0,5,500,2,20,999,999,999,1,10,0.1,1e-4,0.001,1,1e-5,5
83,8,identity,15.1,17.849959457421157,EIG,0,5,500,2,20,999,999,999,1,10,0.1,1e-4,0.001,1,1e-5,5
83,8,identity,36.65,37.30990414579513,EIG,0,5,500,2,20,999,999,999,1,10,0.1,1e-4,0.001,1,1e-5,5
83,8,identity,23,34.700219929532075,EIG,0,5,500,2,20,999,999,999,1,10,0.1,1e-4,0.001,1,1e-5,5
83,8,identity,31.85,40.05033017802002,EIG,0,5,500,2,20,999,999,999,1,10,0.1,1e-4,0.001,1,1e-5,5
83,8,identity,25.8,29.99929823740619,EIG,0,5,500,2,20,999,999,999,1,10,0.1,1e-4,0.001,1,1e-5,5
55,8,identity,20.1,34.31264919438373,EIG,0,5,500,2,20,999,999,999,1,1,1,1e-4,0.001,0.5,1e-5,5
55,8,identity,31.65,44.82512805629403,EIG,0,5,500,2,20,999,999,999,1,1,1,1e-4,0.001,0.5,1e-5,5
55,8,identity,42.8,48.577230966997824,EIG,0,5,500,2,20,999,999,999,1,1,1,1e-4,0.001,0.5,1e-5,5
55,8,identity,22.4,19.837232404589212,EIG,0,5,500,2,20,999,999,999,1,1,1,1e-4,0.001,0.5,1e-5,5
55,8,identity,25,29.365213935431907,EIG,0,5,500,2,20,999,999,999,1,1,1,1e-4,0.001,0.5,1e-5,5
83,8,identity,9.45,11.45000574580412,EIG,0,5,500,2,20,999,999,999,1,10,0.1,1e-4,0.001,1,1e-5,5
83,8,identity,10.5,13.998120174546749,EIG,0,5,500,2,20,999,999,999,1,10,0.1,1e-4,0.001,1,1e-5,5
83,8,identity,6.05,4.322219215561425,EIG,0,5,500,2,20,999,999,999,1,10,0.1,1e-4,0.001,1,1e-5,5
83,8,identity,10.2,10.966935953607384,EIG,0,5,500,2,20,999,999,999,1,10,0.1,1e-4,0.001,1,1e-5,5
83,8,identity,6.15,6.784463675812631,EIG,0,5,500,2,20,999,999,999,1,10,0.1,1e-4,0.001,1,1e-5,5
71,8,identity,7.25,9.402547247253912,EIG,0,5,500,2,20,999,999,999,1,1,10,1e-4,0.001,1,1e-5,5
71,8,identity,5.9,6.406411262411889,EIG,0,5,500,2,20,999,999,999,1,1,10,1e-4,0.001,1,1e-5,5
71,8,identity,5.3,10.021555714926125,EIG,0,5,500,2,20,999,999,999,1,1,10,1e-4,0.001,1,1e-5,5
71,8,identity,6.25,5.270324068733695,EIG,0,5,500,2,20,999,999,999,1,1,10,1e-4,0.001,1,1e-5,5
71,8,identity,4.4,3.952347736672337,EIG,0,5,500,2,20,999,999,999,1,1,10,1e-4,0.001,1,1e-5,5
83,8,identity,8.4,9.837629153836865,EIG,0,5,500,2,20,999,999,999,1,10,0.1,1e-4,0.001,1,1e-5,5
83,8,identity,8.25,10.44723584696475,EIG,0,5,500,2,20,999,999,999,1,10,0.1,1e-4,0.001,1,1e-5,5
83,8,identity,9.4,15.584742876490322,EIG,0,5,500,2,20,999,999,999,1,10,0.1,1e-4,0.001,1,1e-5,5
83,8,identity,4.3,5.554514522345528,EIG,0,5,500,2,20,999,999,999,1,10,0.1,1e-4,0.001,1,1e-5,5
83,8,identity,8.5,8.79293975150997,EIG,0,5,500,2,20,999,999,999,1,10,0.1,1e-4,0.001,1,1e-5,5
55,8,identity,4.25,7.649389380515077,EIG,0,5,500,2,20,999,999,999,1,1,1,1e-4,0.001,0.5,1e-5,5
55,8,identity,4.5,9.03501958754758,EIG,0,5,500,2,20,999,999,999,1,1,1,1e-4,0.001,0.5,1e-5,5
55,8,identity,4.85,5.724140937615374,EIG,0,5,500,2,20,999,999,999,1,1,1,1e-4,0.001,0.5,1e-5,5
55,8,identity,4.65,6.0894645862644134,EIG,0,5,500,2,20,999,999,999,1,1,1,1e-4,0.001,0.5,1e-5,5
55,8,identity,9.35,13.184021429466489,EIG,0,5,500,2,20,999,999,999,1,1,1,1e-4,0.001,0.5,1e-5,5
83,8,identity,5.8,4.763899331651044,EIG,0,5,500,2,20,999,999,999,1,10,0.1,1e-4,0.001,1,1e-5,5
83,8,identity,6.9,6.68777360483096,EIG,0,5,500,2,20,999,999,999,1,10,0.1,1e-4,0.001,1,1e-5,5
83,8,identity,5.6,7.98946674987564,EIG,0,5,500,2,20,999,999,999,1,10,0.1,1e-4,0.001,1,1e-5,5
83,8,identity,6.3,7.994076754566142,EIG,0,5,500,2,20,999,999,999,1,10,0.1,1e-4,0.001,1,1e-5,5
83,8,identity,7.05,5.77175518319487,EIG,0,5,500,2,20,999,999,999,1,10,0.1,1e-4,0.001,1,1e-5,5
71,8,identity,3.25,3.176807401017238,EIG,0,5,500,2,20,999,999,999,1,1,10,1e-4,0.001,1,1e-5,5
71,8,identity,2.45,2.704285098641939,EIG,0,5,500,2,20,999,999,999,1,1,10,1e-4,0.001,1,1e-5,5
71,8,identity,2.85,2.7003898354048617,EIG,0,5,500,2,20,999,999,999,1,1,10,1e-4,0.001,1,1e-5,5
71,8,identity,2.2,1.852452144420584,EIG,0,5,500,2,20,999,999,999,1,1,10,1e-4,0.001,1,1e-5,5
71,8,identity,3.7,2.885535615700088,EIG,0,5,500,2,20,999,999,999,1,1,10,1e-4,0.001,1,1e-5,5
83,8,identity,3.65,2.3680993933621335,EIG,0,5,500,2,20,999,999,999,1,10,0.1,1e-4,0.001,1,1e-5,5
83,8,identity,2.7,3.079644545449327,EIG,0,5,500,2,20,999,999,999,1,10,0.1,1e-4,0.001,1,1e-5,5
83,8,identity,2.15,1.5312533566021211,EIG,0,5,500,2,20,999,999,999,1,10,0.1,1e-4,0.001,1,1e-5,5
83,8,identity,2.3,1.922169826551562,EIG,0,5,500,2,20,999,999,999,1,10,0.1,1e-4,0.001,1,1e-5,5
83,8,identity,3.95,2.7999060134601885,EIG,0,5,500,2,20,999,999,999,1,10,0.1,1e-4,0.001,1,1e-5,5
71,8,identity,13.15,17.95102987809364,EIG,0,5,500,2,20,999,999,999,1,1,10,1e-4,0.001,1,1e-5,5
71,8,identity,13.75,21.751890419963622,EIG,0,5,500,2,20,999,999,999,1,1,10,1e-4,0.001,1,1e-5,5
71,8,identity,16.35,19.142883795290615,EIG,0,5,500,2,20,999,999,999,1,1,10,1e-4,0.001,1,1e-5,5
71,8,identity,10.15,13.880220686854711,EIG,0,5,500,2,20,999,999,999,1,1,10,1e-4,0.001,1,1e-5,5
71,8,identity,19.9,28.42145223890611,EIG,0,5,500,2,20,999,999,999,1,1,10,1e-4,0.001,1,1e-5,5
71,8,identity,31.8,48.759992228314225,EIG,0,5,500,2,20,999,999,999,1,1,10,1e-4,0.001,1,1e-5,5
71,8,identity,18.85,39.010491166513546,EIG,0,5,500,2,20,999,999,999,1,1,10,1e-4,0.001,1,1e-5,5
71,8,identity,24.7,29.947497918506436,EIG,0,5,500,2,20,999,999,999,1,1,10,1e-4,0.001,1,1e-5,5
71,8,identity,35.5,42.03695116392119,EIG,0,5,500,2,20,999,999,999,1,1,10,1e-4,0.001,1,1e-5,5
71,8,identity,17.85,24.630479620092444,EIG,0,5,500,2,20,999,999,999,1,1,10,1e-4,0.001,1,1e-5,5
83,8,identity,36.2,56.84012667121705,EIG,0,5,500,2,20,999,999,999,1,10,0.1,1e-4,0.001,1,1e-5,5
83,8,identity,34.45,49.07295857351475,EIG,0,5,500,2,20,999,999,999,1,10,0.1,1e-4,0.001,1,1e-5,5
83,8,identity,20.45,20.03542914570665,EIG,0,5,500,2,20,999,999,999,1,10,0.1,1e-4,0.001,1,1e-5,5
83,8,identity,34.8,47.537907311733306,EIG,0,5,500,2,20,999,999,999,1,10,0.1,1e-4,0.001,1,1e-5,5
83,8,identity,30.9,49.4143597284071,EIG,0,5,500,2,20,999,999,999,1,10,0.1,1e-4,0.001,1,1e-5,5
55,8,identity,18.3,18.38506258667045,EIG,0,5,500,2,20,999,999,999,1,1,1,1e-4,0.001,0.5,1e-5,5
55,8,identity,11.55,11.704587494698504,EIG,0,5,500,2,20,999,999,999,1,1,1,1e-4,0.001,0.5,1e-5,5
55,8,identity,48.75,88.5211095846932,EIG,0,5,500,2,20,999,999,999,1,1,1,1e-4,0.001,0.5,1e-5,5
55,8,identity,17.2,20.631095590471144,EIG,0,5,500,2,20,999,999,999,1,1,1,1e-4,0.001,0.5,1e-5,5
55,8,identity,26.75,34.77578558649531,EIG,0,5,500,2,20,999,999,999,1,1,1,1e-4,0.001,0.5,1e-5,5
71,8,identity,8.35,7.720614919605958,EIG,0,5,500,2,20,999,999,999,1,1,10,1e-4,0.001,1,1e-5,5
71,8,identity,6.3,6.070636834710784,EIG,0,5,500,2,20,999,999,999,1,1,10,1e-4,0.001,1,1e-5,5
71,8,identity,8.7,8.461056298371412,EIG,0,5,500,2,20,999,999,999,1,1,10,1e-4,0.001,1,1e-5,5
71,8,identity,6.2,3.188796176087706,EIG,0,5,500,2,20,999,999,999,1,1,10,1e-4,0.001,1,1e-5,5
71,8,identity,9.35,7.583048963243438,EIG,0,5,500,2,20,999,999,999,1,1,10,1e-4,0.001,1,1e-5,5
71,8,identity,8.6,8.133103246673599,EIG,0,5,500,2,20,999,999,999,1,1,10,1e-4,0.001,1,1e-5,5
71,8,identity,9.1,9.441788412215804,EIG,0,5,500,2,20,999,999,999,1,1,10,1e-4,0.001,1,1e-5,5
71,8,identity,7.5,6.492911114195397,EIG,0,5,500,2,20,999,999,999,1,1,10,1e-4,0.001,1,1e-5,5
71,8,identity,5.15,5.039580183016501,EIG,0,5,500,2,20,999,999,999,1,1,10,1e-4,0.001,1,1e-5,5
71,8,identity,7.95,11.713577367177036,EIG,0,5,500,2,20,999,999,999,1,1,10,1e-4,0.001,1,1e-5,5
55,8,identity,9.4,12.75848530854745,EIG,0,5,500,2,20,999,999,999,1,1,1,1e-4,0.001,0.5,1e-5,5
55,8,identity,9.4,7.755473449187524,EIG,0,5,500,2,20,999,999,999,1,1,1,1e-4,0.001,0.5,1e-5,5
55,8,identity,6.85,5.976048685773639,EIG,0,5,500,2,20,999,999,999,1,1,1,1e-4,0.001,0.5,1e-5,5
55,8,identity,5.2,4.763899331651044,EIG,0,5,500,2,20,999,999,999,1,1,1,1e-4,0.001,0.5,1e-5,5
55,8,identity,8.2,6.370986868940363,EIG,0,5,500,2,20,999,999,999,1,1,1,1e-4,0.001,0.5,1e-5,5
71,8,identity,11,11.800981225929345,EIG,0,5,500,2,20,999,999,999,1,1,10,1e-4,0.001,1,1e-5,5
71,8,identity,20.45,20.239292165696437,EIG,0,5,500,2,20,999,999,999,1,1,10,1e-4,0.001,1,1e-5,5
71,8,identity,22.1,28.462163249516102,EIG,0,5,500,2,20,999,999,999,1,1,10,1e-4,0.001,1,1e-5,5
71,8,identity,27.6,40.810731302853235,EIG,0,5,500,2,20,999,999,999,1,1,10,1e-4,0.001,1,1e-5,5
71,8,identity,14.2,24.11943963737658,EIG,0,5,500,2,20,999,999,999,1,1,10,1e-4,0.001,1,1e-5,5
83,8,identity,20.7,23.0676351079534,EIG,0,5,500,2,20,999,999,999,1,10,0.1,1e-4,0.001,1,1e-5,5
83,8,identity,11.8,11.081516141756056,EIG,0,5,500,2,20,999,999,999,1,10,0.1,1e-4,0.001,1,1e-5,5
83,8,identity,39.1,46.58653521306231,EIG,0,5,500,2,20,999,999,999,1,10,0.1,1e-4,0.001,1,1e-5,5
83,8,identity,28.55,29.74890533147485,EIG,0,5,500,2,20,999,999,999,1,10,0.1,1e-4,0.001,1,1e-5,5
83,8,identity,21.6,26.23256313098384,EIG,0,5,500,2,20,999,999,999,1,10,0.1,1e-4,0.001,1,1e-5,5
83,8,identity,12.1,16.26394138804257,EIG,0,5,500,2,20,999,999,999,1,10,0.1,1e-4,0.001,1,1e-5,5
83,8,identity,20.15,25.087793215447483,EIG,0,5,500,2,20,999,999,999,1,10,0.1,1e-4,0.001,1,1e-5,5
83,8,identity,24.4,31.043941692212243,EIG,0,5,500,2,20,999,999,999,1,10,0.1,1e-4,0.001,1,1e-5,5
83,8,identity,23.8,25.885578183512468,EIG,0,5,500,2,20,999,999,999,1,10,0.1,1e-4,0.001,1,1e-5,5
83,8,identity,24.05,21.98677832363422,EIG,0,5,500,2,20,999,999,999,1,10,0.1,1e-4,0.001,1,1e-5,5
71,9,background,34.1,34.516052710830685,EIG,0,5,500,2,20,999,999,999,1,1,10,1e-4,0.001,1,1e-5,5
71,9,background,23.25,18.99549808160926,EIG,0,5,500,2,20,999,999,999,1,1,10,1e-4,0.001,1,1e-5,5
71,9,background,24.35,27.005408814960717,EIG,0,5,500,2,20,999,999,999,1,1,10,1e-4,0.001,1,1e-5,5
71,9,background,38.1,35.21348425936023,EIG,0,5,500,2,20,999,999,999,1,1,10,1e-4,0.001,1,1e-5,5
71,9,background,19.85,19.13463379650407,EIG,0,5,500,2,20,999,999,999,1,1,10,1e-4,0.001,1,1e-5,5
83,9,background,39.45,47.24457640830321,EIG,0,5,500,2,20,999,999,999,1,10,0.1,1e-4,0.001,1,1e-5,5
83,9,background,48.1,41.16577525847872,EIG,0,5,500,2,20,999,999,999,1,10,0.1,1e-4,0.001,1,1e-5,5
83,9,background,29.1,36.30122514968911,EIG,0,5,500,2,20,999,999,999,1,10,0.1,1e-4,0.001,1,1e-5,5
83,9,background,34.05,32.36059169324384,EIG,0,5,500,2,20,999,999,999,1,10,0.1,1e-4,0.001,1,1e-5,5
83,9,background,29.4,27.507702270646423,EIG,0,5,500,2,20,999,999,999,1,10,0.1,1e-4,0.001,1,1e-5,5
71,9,background,25.75,27.04941871152833,EIG,0,5,500,2,20,999,999,999,1,1,10,1e-4,0.001,1,1e-5,5
71,9,background,19.6,31.540116476773218,EIG,0,5,500,2,20,999,999,999,1,1,10,1e-4,0.001,1,1e-5,5
71,9,background,29.95,38.88237998996731,EIG,0,5,500,2,20,999,999,999,1,1,10,1e-4,0.001,1,1e-5,5
71,9,background,22.4,24.223520540343035,EIG,0,5,500,2,20,999,999,999,1,1,10,1e-4,0.001,1,1e-5,5
71,9,background,23.55,19.424550391057625,EIG,0,5,500,2,20,999,999,999,1,1,10,1e-4,0.001,1,1e-5,5
83,9,background,22.3,24.320448403068472,EIG,0,5,500,2,20,999,999,999,1,10,0.1,1e-4,0.001,1,1e-5,5
83,9,background,26.7,30.39927284448897,EIG,0,5,500,2,20,999,999,999,1,10,0.1,1e-4,0.001,1,1e-5,5
83,9,background,13.8,20.08298572895658,EIG,0,5,500,2,20,999,999,999,1,10,0.1,1e-4,0.001,1,1e-5,5
83,9,background,30.3,34.39874538715804,EIG,0,5,500,2,20,999,999,999,1,10,0.1,1e-4,0.001,1,1e-5,5
83,9,background,35.4,52.22058476965009,EIG,0,5,500,2,20,999,999,999,1,10,0.1,1e-4,0.001,1,1e-5,5
83,9,background,31.6,32.56798557188526,EIG,0,5,500,2,20,999,999,999,1,10,0.1,1e-4,0.001,1,1e-5,5
83,9,background,27.6,42.88344055325098,EIG,0,5,500,2,20,999,999,999,1,10,0.1,1e-4,0.001,1,1e-5,5
83,9,background,40.55,44.62413201278807,EIG,0,5,500,2,20,999,999,999,1,10,0.1,1e-4,0.001,1,1e-5,5
83,9,background,20.95,20.15068237057991,EIG,0,5,500,2,20,999,999,999,1,10,0.1,1e-4,0.001,1,1e-5,5
83,9,background,18.35,22.70004637138783,EIG,0,5,500,2,20,999,999,999,1,10,0.1,1e-4,0.001,1,1e-5,5
71,9,background,32.55,33.5425495688528,EIG,0,5,500,2,20,999,999,999,1,1,10,1e-4,0.001,1,1e-5,5
71,9,background,34.7,35.838967325348094,EIG,0,5,500,2,20,999,999,999,1,1,10,1e-4,0.001,1,1e-5,5
71,9,background,24.15,30.281616796159906,EIG,0,5,500,2,20,999,999,999,1,1,10,1e-4,0.001,1,1e-5,5
71,9,background,41.3,41.95373391575158,EIG,0,5,500,2,20,999,999,999,1,1,10,1e-4,0.001,1,1e-5,5
71,9,background,32.1,29.022495812005808,EIG,0,5,500,2,20,999,999,999,1,1,10,1e-4,0.001,1,1e-5,5
55,9,background,30.8,39.8306943264402,EIG,0,5,500,2,20,999,999,999,1,1,1,1e-4,0.001,0.5,1e-5,5
55,9,background,45.95,42.54344528646105,EIG,0,5,500,2,20,999,999,999,1,1,1,1e-4,0.001,0.5,1e-5,5
55,9,background,26.8,28.28538770981824,EIG,0,5,500,2,20,999,999,999,1,1,1,1e-4,0.001,0.5,1e-5,5
55,9,background,25.6,36.04003621705056,EIG,0,5,500,2,20,999,999,999,1,1,1,1e-4,0.001,0.5,1e-5,5
55,9,background,71.15,86.51149908355659,EIG,0,5,500,2,20,999,999,999,1,1,1,1e-4,0.001,0.5,1e-5,5
83,9,background,31.15,41.45292193370819,EIG,0,5,500,2,20,999,999,999,1,10,0.1,1e-4,0.001,1,1e-5,5
83,9,background,31.2,36.09577902134673,EIG,0,5,500,2,20,999,999,999,1,10,0.1,1e-4,0.001,1,1e-5,5
83,9,background,48.9,47.006046643518445,EIG,0,5,500,2,20,999,999,999,1,10,0.1,1e-4,0.001,1,1e-5,5
83,9,background,22.4,19.18442350614576,EIG,0,5,500,2,20,999,999,999,1,10,0.1,1e-4,0.001,1,1e-5,5
83,9,background,29.4,24.292948944519942,EIG,0,5,500,2,20,999,999,999,1,10,0.1,1e-4,0.001,1,1e-5,5
55,9,background,33.85,32.43824091537965,EIG,0,5,500,2,20,999,999,999,1,1,1,1e-4,0.001,0.5,1e-5,5
55,9,background,45,36.04091242492416,EIG,0,5,500,2,20,999,999,999,1,1,1,1e-4,0.001,0.5,1e-5,5
55,9,background,54.15,65.04271875589069,EIG,0,5,500,2,20,999,999,999,1,1,1,1e-4,0.001,0.5,1e-5,5
55,9,background,48.15,52.10947484307487,EIG,0,5,500,2,20,999,999,999,1,1,1,1e-4,0.001,0.5,1e-5,5
55,9,background,39.6,52.35043859465393,EIG,0,5,500,2,20,999,999,999,1,1,1,1e-4,0.001,0.5,1e-5,5
83,9,background,34.15,27.994877350950063,EIG,0,5,500,2,20,999,999,999,1,10,0.1,1e-4,0.001,1,1e-5,5
83,9,background,24.55,25.444418269094538,EIG,0,5,500,2,20,999,999,999,1,10,0.1,1e-4,0.001,1,1e-5,5
83,9,background,33.85,31.911514173446943,EIG,0,5,500,2,20,999,999,999,1,10,0.1,1e-4,0.001,1,1e-5,5
83,9,background,44.1,41.855515891293415,EIG,0,5,500,2,20,999,999,999,1,10,0.1,1e-4,0.001,1,1e-5,5
83,9,background,33.7,37.302603267417084,EIG,0,5,500,2,20,999,999,999,1,10,0.1,1e-4,0.001,1,1e-5,5
71,9,background,28.05,23.16184475881787,EIG,0,5,500,2,20,999,999,999,1,1,10,1e-4,0.001,1,1e-5,5
71,9,background,34.3,24.51014827415478,EIG,0,5,500,2,20,999,999,999,1,1,10,1e-4,0.001,1,1e-5,5
71,9,background,33.55,25.932046826881574,EIG,0,5,500,2,20,999,999,999,1,1,10,1e-4,0.001,1,1e-5,5
71,9,background,40.1,32.81030005156436,EIG,0,5,500,2,20,999,999,999,1,1,10,1e-4,0.001,1,1e-5,5
71,9,background,45.55,46.43781920624158,EIG,0,5,500,2,20,999,999,999,1,1,10,1e-4,0.001,1,1e-5,5
55,9,background,18.85,21.81326250363827,EIG,0,5,500,2,20,999,999,999,1,1,1,1e-4,0.001,0.5,1e-5,5
55,9,background,33.5,53.00595795707656,EIG,0,5,500,2,20,999,999,999,1,1,1,1e-4,0.001,0.5,1e-5,5
55,9,background,25.9,50.65663566446261,EIG,0,5,500,2,20,999,999,999,1,1,1,1e-4,0.001,0.5,1e-5,5
55,9,background,38.05,49.20897971113124,EIG,0,5,500,2,20,999,999,999,1,1,1,1e-4,0.001,0.5,1e-5,5
55,9,background,22,33.939574788764006,EIG,0,5,500,2,20,999,999,999,1,1,1,1e-4,0.001,0.5,1e-5,5
71,9,background,34.7,40.09869403307163,EIG,0,5,500,2,20,999,999,999,1,1,10,1e-4,0.001,1,1e-5,5
71,9,background,29.6,35.73793502708292,EIG,0,5,500,2,20,999,999,999,1,1,10,1e-4,0.001,1,1e-5,5
71,9,background,26.3,29.834808353225338,EIG,0,5,500,2,20,999,999,999,1,1,10,1e-4,0.001,1,1e-5,5
71,9,background,37.65,39.25795259696133,EIG,0,5,500,2,20,999,999,999,1,1,10,1e-4,0.001,1,1e-5,5
71,9,background,18.25,24.58684928767281,EIG,0,5,500,2,20,999,999,999,1,1,10,1e-4,0.001,1,1e-5,5
71,9,background,22.15,25.24672985598437,EIG,0,5,500,2,20,999,999,999,1,1,10,1e-4,0.001,1,1e-5,5
71,9,background,17.4,19.33200237402928,EIG,0,5,500,2,20,999,999,999,1,1,10,1e-4,0.001,1,1e-5,5
71,9,background,20.7,20.617059875131005,EIG,0,5,500,2,20,999,999,999,1,1,10,1e-4,0.001,1,1e-5,5
71,9,background,20.15,20.13709590727887,EIG,0,5,500,2,20,999,999,999,1,1,10,1e-4,0.001,1,1e-5,5
71,9,background,18.6,24.898530922632027,EIG,0,5,500,2,20,999,999,999,1,1,10,1e-4,0.001,1,1e-5,5
71,9,background,35.05,44.042413768165744,EIG,0,5,500,2,20,999,999,999,1,1,10,1e-4,0.001,1,1e-5,5
71,9,background,20.6,23.356279444159856,EIG,0,5,500,2,20,999,999,999,1,1,10,1e-4,0.001,1,1e-5,5
71,9,background,24.7,28.381053724735377,EIG,0,5,500,2,20,999,999,999,1,1,10,1e-4,0.001,1,1e-5,5
71,9,background,24.7,28.129587345187385,EIG,0,5,500,2,20,999,999,999,1,1,10,1e-4,0.001,1,1e-5,5
71,9,background,12.05,12.642763688537825,EIG,0,5,500,2,20,999,999,999,1,1,10,1e-4,0.001,1,1e-5,5
71,9,background,27.75,25.13725480133757,EIG,0,5,500,2,20,999,999,999,1,1,10,1e-4,0.001,1,1e-5,5
71,9,background,26.05,36.44097606873484,EIG,0,5,500,2,20,999,999,999,1,1,10,1e-4,0.001,1,1e-5,5
71,9,background,27.05,36.36579509142594,EIG,0,5,500,2,20,999,999,999,1,1,10,1e-4,0.001,1,1e-5,5
71,9,background,30.15,32.462569538664546,EIG,0,5,500,2,20,999,999,999,1,1,10,1e-4,0.001,1,1e-5,5
71,9,background,35.2,47.69375993609757,EIG,0,5,500,2,20,999,999,999,1,1,10,1e-4,0.001,1,1e-5,5
83,9,background,27.45,32.46127247238339,EIG,0,5,500,2,20,999,999,999,1,10,0.1,1e-4,0.001,1,1e-5,5
83,9,background,31.3,40.65270108200878,EIG,0,5,500,2,20,999,999,999,1,10,0.1,1e-4,0.001,1,1e-5,5
83,9,background,19.8,22.063544592834575,EIG,0,5,500,2,20,999,999,999,1,10,0.1,1e-4,0.001,1,1e-5,5
83,9,background,30.6,33.49375432744691,EIG,0,5,500,2,20,999,999,999,1,10,0.1,1e-4,0.001,1,1e-5,5
83,9,background,15.5,22.441737431566395,EIG,0,5,500,2,20,999,999,999,1,10,0.1,1e-4,0.001,1,1e-5,5
83,9,background,37.5,51.12368901935157,EIG,0,5,500,2,20,999,999,999,1,10,0.1,1e-4,0.001,1,1e-5,5
83,9,background,27.25,35.38788820456721,EIG,0,5,500,2,20,999,999,999,1,10,0.1,1e-4,0.001,1,1e-5,5
83,9,background,28.55,41.21123377762044,EIG,0,5,500,2,20,999,999,999,1,10,0.1,1e-4,0.001,1,1e-5,5
83,9,background,24.65,42.81450197009616,EIG,0,5,500,2,20,999,999,999,1,10,0.1,1e-4,0.001,1,1e-5,5
83,9,background,17.8,26.325093092253052,EIG,0,5,500,2,20,999,999,999,1,10,0.1,1e-4,0.001,1,1e-5,5
83,9,background,31.6,34.47256727800879,EIG,0,5,500,2,20,999,999,999,1,10,0.1,1e-4,0.001,1,1e-5,5
83,9,background,20.85,21.509545004852832,EIG,0,5,500,2,20,999,999,999,1,10,0.1,1e-4,0.001,1,1e-5,5
83,9,background,28.5,28.326108469972212,EIG,0,5,500,2,20,999,999,999,1,10,0.1,1e-4,0.001,1,1e-5,5
83,9,background,31.4,28.01954205268361,EIG,0,5,500,2,20,999,999,999,1,10,0.1,1e-4,0.001,1,1e-5,5
83,9,background,23.3,28.536403343614865,EIG,0,5,500,2,20,999,999,999,1,10,0.1,1e-4,0.001,1,1e-5,5
83,9,background,19.35,20.321818712641683,EIG,0,5,500,2,20,999,999,999,1,10,0.1,1e-4,0.001,1,1e-5,5
83,9,background,31.2,34.448435912855395,EIG,0,5,500,2,20,999,999,999,1,10,0.1,1e-4,0.001,1,1e-5,5
83,9,background,25.2,41.82117318196358,EIG,0,5,500,2,20,999,999,999,1,10,0.1,1e-4,0.001,1,1e-5,5
71,9,background,26.7,29.01741763692609,EIG,0,5,500,2,20,999,999,999,1,1,10,1e-4,0.001,1,1e-5,5
83,9,background,20.85,27.00345981731347,EIG,0,5,500,2,20,999,999,999,1,10,0.1,1e-4,0.001,1,1e-5,5
71,9,background,23.8,28.08370945658898,EIG,0,5,500,2,20,999,999,999,1,1,10,1e-4,0.001,1,1e-5,5
71,9,background,19.75,20.162171457825092,EIG,0,5,500,2,20,999,999,999,1,1,10,1e-4,0.001,1,1e-5,5
83,9,background,32.25,32.46192101200226,EIG,0,5,500,2,20,999,999,999,1,10,0.1,1e-4,0.001,1,1e-5,5
71,9,background,28.25,35.89733167037115,EIG,0,5,500,2,20,999,999,999,1,1,10,1e-4,0.001,1,1e-5,5
71,9,background,23.6,25.988661495271153,EIG,0,5,500,2,20,999,999,999,1,1,10,1e-4,0.001,1,1e-5,5
83,9,background,39,37.784708686535026,EIG,0,5,500,2,20,999,999,999,1,10,0.1,1e-4,0.001,1,1e-5,5
83,9,background,31,33.648336159694274,EIG,0,5,500,2,20,999,999,999,1,10,0.1,1e-4,0.001,1,1e-5,5
83,9,background,27.85,34.84442868704143,EIG,0,5,500,2,20,999,999,999,1,10,0.1,1e-4,0.001,1,1e-5,5
83,9,background,24.35,30.72676700413364,EIG,0,5,500,2,20,999,999,999,1,10,0.1,1e-4,0.001,1,1e-5,5
83,9,background,28.4,27.734455105518116,EIG,0,5,500,2,20,999,999,999,1,10,0.1,1e-4,0.001,1,1e-5,5
83,9,background,33.7,38.91028818083708,EIG,0,5,500,2,20,999,999,999,1,10,0.1,1e-4,0.001,1,1e-5,5
83,9,background,22.4,25.545418787967275,EIG,0,5,500,2,20,999,999,999,1,10,0.1,1e-4,0.001,1,1e-5,5
83,9,background,29.8,32.679625070322366,EIG,0,5,500,2,20,999,999,999,1,10,0.1,1e-4,0.001,1,1e-5,5
83,9,background,45.95,53.9682899098116,EIG,0,5,500,2,20,999,999,999,1,10,0.1,1e-4,0.001,1,1e-5,5
83,9,background,34.4,39.204457319088235,EIG,0,5,500,2,20,999,999,999,1,10,0.1,1e-4,0.001,1,1e-5,5
55,9,background,15.25,16.73595247552878,EIG,0,5,500,2,20,999,999,999,1,1,1,1e-4,0.001,0.5,1e-5,5
55,9,background,23,33.28505275408325,EIG,0,5,500,2,20,999,999,999,1,1,1,1e-4,0.001,0.5,1e-5,5
55,9,background,30.8,30.502113818035973,EIG,0,5,500,2,20,999,999,999,1,1,1,1e-4,0.001,0.5,1e-5,5
55,9,background,46.05,41.11917851933892,EIG,0,5,500,2,20,999,999,999,1,1,1,1e-4,0.001,0.5,1e-5,5
55,9,background,20.4,24.873151875275603,EIG,0,5,500,2,20,999,999,999,1,1,1,1e-4,0.001,0.5,1e-5,5
71,9,background,43,38.2140784197877,EIG,0,5,500,2,20,999,999,999,1,1,10,1e-4,0.001,1,1e-5,5
71,9,background,24.8,21.586057878566947,EIG,0,5,500,2,20,999,999,999,1,1,10,1e-4,0.001,1,1e-5,5
71,9,background,25.3,20.75698994505098,EIG,0,5,500,2,20,999,999,999,1,1,10,1e-4,0.001,1,1e-5,5
71,9,background,41.35,36.00332586976113,EIG,0,5,500,2,20,999,999,999,1,1,10,1e-4,0.001,1,1e-5,5
71,9,background,35.9,29.35786454302008,EIG,0,5,500,2,20,999,999,999,1,1,10,1e-4,0.001,1,1e-5,5
55,9,background,61.8,70.13490759356496,EIG,0,5,500,2,20,999,999,999,1,1,1,1e-4,0.001,0.5,1e-5,5
55,9,background,32.1,35.8973683245942,EIG,0,5,500,2,20,999,999,999,1,1,1,1e-4,0.001,0.5,1e-5,5
55,9,background,78.8,84.61964435357972,EIG,0,5,500,2,20,999,999,999,1,1,1,1e-4,0.001,0.5,1e-5,5
55,9,background,60.25,59.6576857888756,EIG,0,5,500,2,20,999,999,999,1,1,1,1e-4,0.001,0.5,1e-5,5
55,9,background,62.45,70.28099615865324,EIG,0,5,500,2,20,999,999,999,1,1,1,1e-4,0.001,0.5,1e-5,5
55,9,background,66.25,107.11473189750178,EIG,0,5,500,2,20,999,999,999,1,1,1,1e-4,0.001,0.5,1e-5,5
55,9,background,60.8,64.47488291044652,EIG,0,5,500,2,20,999,999,999,1,1,1,1e-4,0.001,0.5,1e-5,5
55,9,background,63.25,63.12133261884565,EIG,0,5,500,2,20,999,999,999,1,1,1,1e-4,0.001,0.5,1e-5,5
55,9,background,43.95,69.91684911002271,EIG,0,5,500,2,20,999,999,999,1,1,1,1e-4,0.001,0.5,1e-5,5
55,9,background,66.1,68.07031967790832,EIG,0,5,500,2,20,999,999,999,1,1,1,1e-4,0.001,0.5,1e-5,5
71,9,background,32.65,30.03379675246573,EIG,0,5,500,2,20,999,999,999,1,1,10,1e-4,0.001,1,1e-5,5
71,9,background,28.9,28.893452181201337,EIG,0,5,500,2,20,999,999,999,1,1,10,1e-4,0.001,1,1e-5,5
71,9,background,31.35,29.476618744889635,EIG,0,5,500,2,20,999,999,999,1,1,10,1e-4,0.001,1,1e-5,5
71,9,background,26.75,35.15211306069066,EIG,0,5,500,2,20,999,999,999,1,1,10,1e-4,0.001,1,1e-5,5
71,9,background,23.35,20.39420712385079,EIG,0,5,500,2,20,999,999,999,1,1,10,1e-4,0.001,1,1e-5,5
55,9,background,38.4,47.34798389527656,EIG,0,5,500,2,20,999,999,999,1,1,1,1e-4,0.001,0.5,1e-5,5
55,9,background,27.05,39.10104992533011,EIG,0,5,500,2,20,999,999,999,1,1,1,1e-4,0.001,0.5,1e-5,5
55,9,background,40.85,45.60733435938151,EIG,0,5,500,2,20,999,999,999,1,1,1,1e-4,0.001,0.5,1e-5,5
55,9,background,27.05,35.24870285034016,EIG,0,5,500,2,20,999,999,999,1,1,1,1e-4,0.001,0.5,1e-5,5
55,9,background,35.1,53.86230006619707,EIG,0,5,500,2,20,999,999,999,1,1,1,1e-4,0.001,0.5,1e-5,5
55,9,background,46.85,54.620484879036475,EIG,0,5,500,2,20,999,999,999,1,1,1,1e-4,0.001,0.5,1e-5,5
55,9,background,36.85,34.50899958897069,EIG,0,5,500,2,20,999,999,999,1,1,1,1e-4,0.001,0.5,1e-5,5
55,9,background,28.15,31.266721841869547,EIG,0,5,500,2,20,999,999,999,1,1,1,1e-4,0.001,0.5,1e-5,5
55,9,background,22.25,28.77476050474205,EIG,0,5,500,2,20,999,999,999,1,1,1,1e-4,0.001,0.5,1e-5,5
55,9,background,38.2,37.3949053664857,EIG,0,5,500,2,20,999,999,999,1,1,1,1e-4,0.001,0.5,1e-5,5
71,9,background,51.1,51.175549260415984,EIG,0,5,500,2,20,999,999,999,1,1,10,1e-4,0.001,1,1e-5,5
71,9,background,54.45,45.53018085205738,EIG,0,5,500,2,20,999,999,999,1,1,10,1e-4,0.001,1,1e-5,5
71,9,background,31.4,34.852169002954845,EIG,0,5,500,2,20,999,999,999,1,1,10,1e-4,0.001,1,1e-5,5
71,9,background,38.75,34.36625486846378,EIG,0,5,500,2,20,999,999,999,1,1,10,1e-4,0.001,1,1e-5,5
71,9,background,29.2,19.228816095148776,EIG,0,5,500,2,20,999,999,999,1,1,10,1e-4,0.001,1,1e-5,5
83,9,background,33.3,30.37329159154903,EIG,0,5,500,2,20,999,999,999,1,10,0.1,1e-4,0.001,1,1e-5,5
83,9,background,52.25,33.16763641357578,EIG,0,5,500,2,20,999,999,999,1,10,0.1,1e-4,0.001,1,1e-5,5
83,9,background,47.35,34.39442274249523,EIG,0,5,500,2,20,999,999,999,1,10,0.1,1e-4,0.001,1,1e-5,5
83,9,background,50.3,53.987425436513995,EIG,0,5,500,2,20,999,999,999,1,10,0.1,1e-4,0.001,1,1e-5,5
83,9,background,46.05,58.38301393204597,EIG,0,5,500,2,20,999,999,999,1,10,0.1,1e-4,0.001,1,1e-5,5
55,9,background,52.05,47.734435324925265,EIG,0,5,500,2,20,999,999,999,1,1,1,1e-4,0.001,0.5,1e-5,5
55,9,background,68.1,65.73223193981377,EIG,0,5,500,2,20,999,999,999,1,1,1,1e-4,0.001,0.5,1e-5,5
55,9,background,57.7,50.21123799561838,EIG,0,5,500,2,20,999,999,999,1,1,1,1e-4,0.001,0.5,1e-5,5
55,9,background,46.35,43.92131121616668,EIG,0,5,500,2,20,999,999,999,1,1,1,1e-4,0.001,0.5,1e-5,5
55,9,background,52.15,41.85095735558444,EIG,0,5,500,2,20,999,999,999,1,1,1,1e-4,0.001,0.5,1e-5,5
55,9,background,62.95,54.97509005282109,EIG,0,5,500,2,20,999,999,999,1,1,1,1e-4,0.001,0.5,1e-5,5
55,9,background,54.25,50.025125266157374,EIG,0,5,500,2,20,999,999,999,1,1,1,1e-4,0.001,0.5,1e-5,5
55,9,background,56.8,61.780255745666835,EIG,0,5,500,2,20,999,999,999,1,1,1,1e-4,0.001,0.5,1e-5,5
55,9,background,54.4,65.2915727616069,EIG,0,5,500,2,20,999,999,999,1,1,1,1e-4,0.001,0.5,1e-5,5
55,9,background,40.3,37.24188360887298,EIG,0,5,500,2,20,999,999,999,1,1,1,1e-4,0.001,0.5,1e-5,5
83,9,background,17.05,18.6814712595409,EIG,0,5,500,2,20,999,999,999,1,10,0.1,1e-4,0.001,1,1e-5,5
83,9,background,18.6,27.236585302628676,EIG,0,5,500,2,20,999,999,999,1,10,0.1,1e-4,0.001,1,1e-5,5
83,9,background,23.7,31.77403773026353,EIG,0,5,500,2,20,999,999,999,1,10,0.1,1e-4,0.001,1,1e-5,5
83,9,background,10.85,17.499699245535922,EIG,0,5,500,2,20,999,999,999,1,10,0.1,1e-4,0.001,1,1e-5,5
83,9,background,18.35,22.40835135672225,EIG,0,5,500,2,20,999,999,999,1,10,0.1,1e-4,0.001,1,1e-5,5
71,9,background,19.5,24.90296959675376,EIG,0,5,500,2,20,999,999,999,1,1,10,1e-4,0.001,1,1e-5,5
71,9,background,19.05,17.881113235095732,EIG,0,5,500,2,20,999,999,999,1,1,10,1e-4,0.001,1,1e-5,5
71,9,background,21.05,26.83570873217055,EIG,0,5,500,2,20,999,999,999,1,1,10,1e-4,0.001,1,1e-5,5
71,9,background,11.15,16.909278051132944,EIG,0,5,500,2,20,999,999,999,1,1,10,1e-4,0.001,1,1e-5,5
71,9,background,30.2,35.13672542631443,EIG,0,5,500,2,20,999,999,999,1,1,10,1e-4,0.001,1,1e-5,5
55,9,background,20.1,25.403895267002696,EIG,0,5,500,2,20,999,999,999,1,1,1,1e-4,0.001,0.5,1e-5,5
55,9,background,13.35,25.01636306605402,EIG,0,5,500,2,20,999,999,999,1,1,1,1e-4,0.001,0.5,1e-5,5
55,9,background,14.1,26.42546618619802,EIG,0,5,500,2,20,999,999,999,1,1,1,1e-4,0.001,0.5,1e-5,5
55,9,background,30.05,55.87248169292568,EIG,0,5,500,2,20,999,999,999,1,1,1,1e-4,0.001,0.5,1e-5,5
55,9,background,6.15,8.060788782090354,EIG,0,5,500,2,20,999,999,999,1,1,1,1e-4,0.001,0.5,1e-5,5
55,9,background,18.5,24.943093126892705,EIG,0,5,500,2,20,999,999,999,1,1,1,1e-4,0.001,0.5,1e-5,5
55,9,background,12.45,16.725256665483965,EIG,0,5,500,2,20,999,999,999,1,1,1,1e-4,0.001,0.5,1e-5,5
55,9,background,21.25,31.99156961319325,EIG,0,5,500,2,20,999,999,999,1,1,1,1e-4,0.001,0.5,1e-5,5
55,9,background,22.9,40.75200996011698,EIG,0,5,500,2,20,999,999,999,1,1,1,1e-4,0.001,0.5,1e-5,5
55,9,background,17.1,28.80953789431914,EIG,0,5,500,2,20,999,999,999,1,1,1,1e-4,0.001,0.5,1e-5,5
71,9,background,21.95,14.58360651373207,EIG,0,5,500,2,20,999,999,999,1,1,10,1e-4,0.001,1,1e-5,5
71,9,background,39.25,32.87115997184671,EIG,0,5,500,2,20,999,999,999,1,1,10,1e-4,0.001,1,1e-5,5
71,9,background,40.4,29.9866637023861,EIG,0,5,500,2,20,999,999,999,1,1,10,1e-4,0.001,1,1e-5,5
71,9,background,31.05,20.116699007227016,EIG,0,5,500,2,20,999,999,999,1,1,10,1e-4,0.001,1,1e-5,5
71,9,background,36.2,34.1707785287833,EIG,0,5,500,2,20,999,999,999,1,1,10,1e-4,0.001,1,1e-5,5
83,9,background,48.75,45.36503986667777,EIG,0,5,500,2,20,999,999,999,1,10,0.1,1e-4,0.001,1,1e-5,5
83,9,background,32.85,35.16618441508532,EIG,0,5,500,2,20,999,999,999,1,10,0.1,1e-4,0.001,1,1e-5,5
83,9,background,46.4,32.83034539792977,EIG,0,5,500,2,20,999,999,999,1,10,0.1,1e-4,0.001,1,1e-5,5
83,9,background,44.8,38.42915559832144,EIG,0,5,500,2,20,999,999,999,1,10,0.1,1e-4,0.001,1,1e-5,5
83,9,background,53.1,43.23120218204976,EIG,0,5,500,2,20,999,999,999,1,10,0.1,1e-4,0.001,1,1e-5,5
71,9,background,25.85,32.62268342249317,EIG,0,5,500,2,20,999,999,999,1,1,10,1e-4,0.001,1,1e-5,5
71,9,background,36.25,43.890863453990534,EIG,0,5,500,2,20,999,999,999,1,1,10,1e-4,0.001,1,1e-5,5
71,9,background,21.05,29.439456159164497,EIG,0,5,500,2,20,999,999,999,1,1,10,1e-4,0.001,1,1e-5,5
71,9,background,23.55,28.10595554045628,EIG,0,5,500,2,20,999,999,999,1,1,10,1e-4,0.001,1,1e-5,5
71,9,background,23.8,47.84690497607421,EIG,0,5,500,2,20,999,999,999,1,1,10,1e-4,0.001,1,1e-5,5
55,9,background,33.4,51.95787767635991,EIG,0,5,500,2,20,999,999,999,1,1,1,1e-4,0.001,0.5,1e-5,5
55,9,background,20.9,26.070552050359932,EIG,0,5,500,2,20,999,999,999,1,1,1,1e-4,0.001,0.5,1e-5,5
55,9,background,18.65,23.515448449678217,EIG,0,5,500,2,20,999,999,999,1,1,1,1e-4,0.001,0.5,1e-5,5
55,9,background,15.3,22.762156960044106,EIG,0,5,500,2,20,999,999,999,1,1,1,1e-4,0.001,0.5,1e-5,5
55,9,background,14.75,23.670712527909828,EIG,0,5,500,2,20,999,999,999,1,1,1,1e-4,0.001,0.5,1e-5,5
55,9,background,2.45,4.442320398881174,EIG,0,5,500,2,20,999,999,999,1,1,1,1e-4,0.001,0.5,1e-5,5
55,9,background,2.65,5.050013027601747,EIG,0,5,500,2,20,999,999,999,1,1,1,1e-4,0.001,0.5,1e-5,5
55,9,background,2.95,8.2556200952984,EIG,0,5,500,2,20,999,999,999,1,1,1,1e-4,0.001,0.5,1e-5,5
55,9,background,4.65,14.470569042752004,EIG,0,5,500,2,20,999,999,999,1,1,1,1e-4,0.001,0.5,1e-5,5
55,9,background,2.7,6.216277444191009,EIG,0,5,500,2,20,999,999,999,1,1,1,1e-4,0.001,0.5,1e-5,5
71,9,background,17.7,17.079073067415145,EIG,0,5,500,2,20,999,999,999,1,1,10,1e-4,0.001,1,1e-5,5
71,9,background,34,30.03681951065708,EIG,0,5,500,2,20,999,999,999,1,1,10,1e-4,0.001,1,1e-5,5
71,9,background,32.9,25.69845377285936,EIG,0,5,500,2,20,999,999,999,1,1,10,1e-4,0.001,1,1e-5,5
71,9,background,23.75,27.586943898957177,EIG,0,5,500,2,20,999,999,999,1,1,10,1e-4,0.001,1,1e-5,5
71,9,background,28.85,24.279675277460925,EIG,0,5,500,2,20,999,999,999,1,1,10,1e-4,0.001,1,1e-5,5
71,9,background,43.3,41.60731211040472,EIG,0,5,500,2,20,999,999,999,1,1,10,1e-4,0.001,1,1e-5,5
71,9,background,37.8,41.068107744139006,EIG,0,5,500,2,20,999,999,999,1,1,10,1e-4,0.001,1,1e-5,5
71,9,background,26.75,32.80544723702228,EIG,0,5,500,2,20,999,999,999,1,1,10,1e-4,0.001,1,1e-5,5
71,9,background,19.4,16.26232326252116,EIG,0,5,500,2,20,999,999,999,1,1,10,1e-4,0.001,1,1e-5,5
71,9,background,27.9,39.478041864733925,EIG,0,5,500,2,20,999,999,999,1,1,10,1e-4,0.001,1,1e-5,5
71,9,background,20.1,24.763938127425273,EIG,0,5,500,2,20,999,999,999,1,1,10,1e-4,0.001,1,1e-5,5
71,9,background,19.25,25.347843259234836,EIG,0,5,500,2,20,999,999,999,1,1,10,1e-4,0.001,1,1e-5,5
71,9,background,41.55,45.48970386686131,EIG,0,5,500,2,20,999,999,999,1,1,10,1e-4,0.001,1,1e-5,5
71,9,background,26.8,26.70225695172207,EIG,0,5,500,2,20,999,999,999,1,1,10,1e-4,0.001,1,1e-5,5
71,9,background,23.95,26.063636697413063,EIG,0,5,500,2,20,999,999,999,1,1,10,1e-4,0.001,1,1e-5,5
83,9,background,32.2,38.02436891756321,EIG,0,5,500,2,20,999,999,999,1,10,0.1,1e-4,0.001,1,1e-5,5
83,9,background,27.5,33.55200205807789,EIG,0,5,500,2,20,999,999,999,1,10,0.1,1e-4,0.001,1,1e-5,5
83,9,background,41.3,33.98622011778798,EIG,0,5,500,2,20,999,999,999,1,10,0.1,1e-4,0.001,1,1e-5,5
83,9,background,49.15,41.089472335892864,EIG,0,5,500,2,20,999,999,999,1,10,0.1,1e-4,0.001,1,1e-5,5
83,9,background,38.65,33.59084305048185,EIG,0,5,500,2,20,999,999,999,1,10,0.1,1e-4,0.001,1,1e-5,5
83,9,background,4.4,7.583916499651365,EIG,0,5,500,2,20,999,999,999,1,10,0.1,1e-4,0.001,1,1e-5,5
83,9,background,5.25,9.962429422585638,EIG,0,5,500,2,20,999,999,999,1,10,0.1,1e-4,0.001,1,1e-5,5
83,9,background,13.85,24.559862420324407,EIG,0,5,500,2,20,999,999,999,1,10,0.1,1e-4,0.001,1,1e-5,5
83,9,background,4.3,6.148170459575758,EIG,0,5,500,2,20,999,999,999,1,10,0.1,1e-4,0.001,1,1e-5,5
83,9,background,9.35,19.679738444988484,EIG,0,5,500,2,20,999,999,999,1,10,0.1,1e-4,0.001,1,1e-5,5
83,9,background,11.25,26.809022440412228,EIG,0,5,500,2,20,999,999,999,1,10,0.1,1e-4,0.001,1,1e-5,5
83,9,background,4.15,12.512204568256337,EIG,0,5,500,2,20,999,999,999,1,10,0.1,1e-4,0.001,1,1e-5,5
83,9,background,8.85,21.198994514388,EIG,0,5,500,2,20,999,999,999,1,10,0.1,1e-4,0.001,1,1e-5,5
83,9,background,8.5,15.466432242627564,EIG,0,5,500,2,20,999,999,999,1,10,0.1,1e-4,0.001,1,1e-5,5
83,9,background,4.4,9.654014708917735,EIG,0,5,500,2,20,999,999,999,1,10,0.1,1e-4,0.001,1,1e-5,5
55,9,background,13.8,22.71470657386624,EIG,0,5,500,2,20,999,999,999,1,1,1,1e-4,0.001,0.5,1e-5,5
55,9,background,9.85,20.481763390366257,EIG,0,5,500,2,20,999,999,999,1,1,1,1e-4,0.001,0.5,1e-5,5
55,9,background,7.55,11.636942083409696,EIG,0,5,500,2,20,999,999,999,1,1,1,1e-4,0.001,0.5,1e-5,5
55,9,background,8.25,19.883542520333112,EIG,0,5,500,2,20,999,999,999,1,1,1,1e-4,0.001,0.5,1e-5,5
55,9,background,23.05,26.416651447225675,EIG,0,5,500,2,20,999,999,999,1,1,1,1e-4,0.001,0.5,1e-5,5
55,9,background,50.55,40.58451221314539,EIG,0,5,500,2,20,999,999,999,1,1,1,1e-4,0.001,0.5,1e-5,5
55,9,background,34.2,49.14704038848492,EIG,0,5,500,2,20,999,999,999,1,1,1,1e-4,0.001,0.5,1e-5,5
55,9,background,33.45,46.75859054199221,EIG,0,5,500,2,20,999,999,999,1,1,1,1e-4,0.001,0.5,1e-5,5
55,9,background,32.85,48.47166833913341,EIG,0,5,500,2,20,999,999,999,1,1,1,1e-4,0.001,0.5,1e-5,5
55,9,background,30.45,40.50532778471701,EIG,0,5,500,2,20,999,999,999,1,1,1,1e-4,0.001,0.5,1e-5,5
71,9,background,19.55,22.59593582460071,EIG,0,5,500,2,20,999,999,999,1,1,10,1e-4,0.001,1,1e-5,5
71,9,background,27.6,39.390621379099606,EIG,0,5,500,2,20,999,999,999,1,1,10,1e-4,0.001,1,1e-5,5
71,9,background,17.55,25.2221185303276,EIG,0,5,500,2,20,999,999,999,1,1,10,1e-4,0.001,1,1e-5,5
71,9,background,25.75,31.289606480175017,EIG,0,5,500,2,20,999,999,999,1,1,10,1e-4,0.001,1,1e-5,5
71,9,background,18.25,25.54227661616799,EIG,0,5,500,2,20,999,999,999,1,1,10,1e-4,0.001,1,1e-5,5
83,9,background,16.3,16.958463187571287,EIG,0,5,500,2,20,999,999,999,1,10,0.1,1e-4,0.001,1,1e-5,5
83,9,background,24.1,26.928560459501963,EIG,0,5,500,2,20,999,999,999,1,10,0.1,1e-4,0.001,1,1e-5,5
83,9,background,10.5,15.360578388233062,EIG,0,5,500,2,20,999,999,999,1,10,0.1,1e-4,0.001,1,1e-5,5
83,9,background,27.35,28.228904559539306,EIG,0,5,500,2,20,999,999,999,1,10,0.1,1e-4,0.001,1,1e-5,5
83,9,background,24.3,26.312094477435156,EIG,0,5,500,2,20,999,999,999,1,10,0.1,1e-4,0.001,1,1e-5,5
83,9,background,25.25,28.696001922145697,EIG,0,5,500,2,20,999,999,999,1,10,0.1,1e-4,0.001,1,1e-5,5
83,9,background,30.65,28.013671474365587,EIG,0,5,500,2,20,999,999,999,1,10,0.1,1e-4,0.001,1,1e-5,5
83,9,background,18.8,19.190458155305368,EIG,0,5,500,2,20,999,999,999,1,10,0.1,1e-4,0.001,1,1e-5,5
83,9,background,8.65,11.599795823974436,EIG,0,5,500,2,20,999,999,999,1,10,0.1,1e-4,0.001,1,1e-5,5
83,9,background,28.3,33.2599015727885,EIG,0,5,500,2,20,999,999,999,1,10,0.1,1e-4,0.001,1,1e-5,5
55,9,background,22.1,35.84014215197373,EIG,0,5,500,2,20,999,999,999,1,1,1,1e-4,0.001,0.5,1e-5,5
55,9,background,23.75,29.31476186425356,EIG,0,5,500,2,20,999,999,999,1,1,1,1e-4,0.001,0.5,1e-5,5
55,9,background,33.3,41.03028406587402,EIG,0,5,500,2,20,999,999,999,1,1,1,1e-4,0.001,0.5,1e-5,5
55,9,background,25.9,38.381601952251195,EIG,0,5,500,2,20,999,999,999,1,1,1,1e-4,0.001,0.5,1e-5,5
55,9,background,37.55,44.318791309758154,EIG,0,5,500,2,20,999,999,999,1,1,1,1e-4,0.001,0.5,1e-5,5
55,9,background,34.3,41.61743055879098,EIG,0,5,500,2,20,999,999,999,1,1,1,1e-4,0.001,0.5,1e-5,5
55,9,background,21.8,42.74969990661061,EIG,0,5,500,2,20,999,999,999,1,1,1,1e-4,0.001,0.5,1e-5,5
55,9,background,28.2,47.35042933168333,EIG,0,5,500,2,20,999,999,999,1,1,1,1e-4,0.001,0.5,1e-5,5
55,9,background,32.65,40.711145506127096,EIG,0,5,500,2,20,999,999,999,1,1,1,1e-4,0.001,0.5,1e-5,5
55,9,background,35.2,60.00666629633745,EIG,0,5,500,2,20,999,999,999,1,1,1,1e-4,0.001,0.5,1e-5,5
71,9,background,21.9,20.606335254760342,EIG,0,5,500,2,20,999,999,999,1,1,10,1e-4,0.001,1,1e-5,5
71,9,background,42,53.13934016982343,EIG,0,5,500,2,20,999,999,999,1,1,10,1e-4,0.001,1,1e-5,5
71,9,background,47.25,36.86943535176386,EIG,0,5,500,2,20,999,999,999,1,1,10,1e-4,0.001,1,1e-5,5
71,9,background,37.6,31.57847368065784,EIG,0,5,500,2,20,999,999,999,1,1,10,1e-4,0.001,1,1e-5,5
71,9,background,27.8,24.184814722422303,EIG,0,5,500,2,20,999,999,999,1,1,10,1e-4,0.001,1,1e-5,5
55,9,background,36.1,48.54937801108433,EIG,0,5,500,2,20,999,999,999,1,1,1,1e-4,0.001,0.5,1e-5,5
55,9,background,18.25,29.910172534651675,EIG,0,5,500,2,20,999,999,999,1,1,1,1e-4,0.001,0.5,1e-5,5
55,9,background,34.85,43.55670834791425,EIG,0,5,500,2,20,999,999,999,1,1,1,1e-4,0.001,0.5,1e-5,5
55,9,background,35.6,36.27874540858673,EIG,0,5,500,2,20,999,999,999,1,1,1,1e-4,0.001,0.5,1e-5,5
55,9,background,33.8,45.23692017996386,EIG,0,5,500,2,20,999,999,999,1,1,1,1e-4,0.001,0.5,1e-5,5
83,9,background,34.15,29.84922638510877,EIG,0,5,500,2,20,999,999,999,1,10,0.1,1e-4,0.001,1,1e-5,5
83,9,background,25.15,30.04956431946183,EIG,0,5,500,2,20,999,999,999,1,10,0.1,1e-4,0.001,1,1e-5,5
83,9,background,17.65,23.921527411187824,EIG,0,5,500,2,20,999,999,999,1,10,0.1,1e-4,0.001,1,1e-5,5
83,9,background,22.85,25.02057048447179,EIG,0,5,500,2,20,999,999,999,1,10,0.1,1e-4,0.001,1,1e-5,5
83,9,background,26.5,32.62949908482071,EIG,0,5,500,2,20,999,999,999,1,10,0.1,1e-4,0.001,1,1e-5,5
55,9,background,27.2,58.71303988580031,EIG,0,5,500,2,20,999,999,999,1,1,1,1e-4,0.001,0.5,1e-5,5
55,9,background,19.05,36.3498714976372,EIG,0,5,500,2,20,999,999,999,1,1,1,1e-4,0.001,0.5,1e-5,5
55,9,background,16.65,20.59707439623915,EIG,0,5,500,2,20,999,999,999,1,1,1,1e-4,0.001,0.5,1e-5,5
55,9,background,21.4,26.234569399533655,EIG,0,5,500,2,20,999,999,999,1,1,1,1e-4,0.001,0.5,1e-5,5
55,9,background,24.35,37.546147044600154,EIG,0,5,500,2,20,999,999,999,1,1,1,1e-4,0.001,0.5,1e-5,5
83,9,identity,12.15,10.93172591949448,EIG,0,5,500,2,20,999,999,999,1,10,0.1,1e-4,0.001,1,1e-5,5
83,9,identity,12.15,17.309185270741143,EIG,0,5,500,2,20,999,999,999,1,10,0.1,1e-4,0.001,1,1e-5,5
83,9,identity,8.8,12.697285246523323,EIG,0,5,500,2,20,999,999,999,1,10,0.1,1e-4,0.001,1,1e-5,5
83,9,identity,13.95,20.33269340379261,EIG,0,5,500,2,20,999,999,999,1,10,0.1,1e-4,0.001,1,1e-5,5
83,9,identity,12.65,16.115618445928064,EIG,0,5,500,2,20,999,999,999,1,10,0.1,1e-4,0.001,1,1e-5,5
71,9,identity,13.05,8.840546541809207,EIG,0,5,500,2,20,999,999,999,1,1,10,1e-4,0.001,1,1e-5,5
71,9,identity,23.2,26.62527489356485,EIG,0,5,500,2,20,999,999,999,1,1,10,1e-4,0.001,1,1e-5,5
71,9,identity,16.15,16.983815825661793,EIG,0,5,500,2,20,999,999,999,1,1,10,1e-4,0.001,1,1e-5,5
71,9,identity,14.95,21.575997872880095,EIG,0,5,500,2,20,999,999,999,1,1,10,1e-4,0.001,1,1e-5,5
71,9,identity,10.25,17.55255267085554,EIG,0,5,500,2,20,999,999,999,1,1,10,1e-4,0.001,1,1e-5,5
55,9,identity,16,16.63540928577542,EIG,0,5,500,2,20,999,999,999,1,1,1,1e-4,0.001,0.5,1e-5,5
55,9,identity,18.75,21.008456943761832,EIG,0,5,500,2,20,999,999,999,1,1,1,1e-4,0.001,0.5,1e-5,5
55,9,identity,16.4,25.52068304646047,EIG,0,5,500,2,20,999,999,999,1,1,1,1e-4,0.001,0.5,1e-5,5
55,9,identity,9.75,13.202372195137787,EIG,0,5,500,2,20,999,999,999,1,1,1,1e-4,0.001,0.5,1e-5,5
55,9,identity,8.6,8.981853049929413,EIG,0,5,500,2,20,999,999,999,1,1,1,1e-4,0.001,0.5,1e-5,5
55,9,identity,30.15,76.06179966593648,EIG,0,5,500,2,20,999,999,999,1,1,1,1e-4,0.001,0.5,1e-5,5
55,9,identity,11.75,9.077879418500892,EIG,0,5,500,2,20,999,999,999,1,1,1,1e-4,0.001,0.5,1e-5,5
55,9,identity,10.15,9.365530305046097,EIG,0,5,500,2,20,999,999,999,1,1,1,1e-4,0.001,0.5,1e-5,5
55,9,identity,18.25,22.202121757307697,EIG,0,5,500,2,20,999,999,999,1,1,1,1e-4,0.001,0.5,1e-5,5
55,9,identity,12.6,12.119579634884856,EIG,0,5,500,2,20,999,999,999,1,1,1,1e-4,0.001,0.5,1e-5,5
55,9,identity,8.05,5.89803714003762,EIG,0,5,500,2,20,999,999,999,1,1,1,1e-4,0.001,0.5,1e-5,5
55,9,identity,10.15,13.616070226796444,EIG,0,5,500,2,20,999,999,999,1,1,1,1e-4,0.001,0.5,1e-5,5
55,9,identity,6.25,4.375469899577103,EIG,0,5,500,2,20,999,999,999,1,1,1,1e-4,0.001,0.5,1e-5,5
55,9,identity,17.6,22.474312822467017,EIG,0,5,500,2,20,999,999,999,1,1,1,1e-4,0.001,0.5,1e-5,5
55,9,identity,11.15,13.263622590021413,EIG,0,5,500,2,20,999,999,999,1,1,1,1e-4,0.001,0.5,1e-5,5
83,9,identity,19.15,22.24333134837685,EIG,0,5,500,2,20,999,999,999,1,10,0.1,1e-4,0.001,1,1e-5,5
83,9,identity,20.85,15.68866503327532,EIG,0,5,500,2,20,999,999,999,1,10,0.1,1e-4,0.001,1,1e-5,5
83,9,identity,24.4,20.813457185196313,EIG,0,5,500,2,20,999,999,999,1,10,0.1,1e-4,0.001,1,1e-5,5
83,9,identity,20.65,20.906496094452756,EIG,0,5,500,2,20,999,999,999,1,10,0.1,1e-4,0.001,1,1e-5,5
83,9,identity,22.35,25.24881445887999,EIG,0,5,500,2,20,999,999,999,1,10,0.1,1e-4,0.001,1,1e-5,5
55,9,identity,17.15,14.161753534004704,EIG,0,5,500,2,20,999,999,999,1,1,1,1e-4,0.001,0.5,1e-5,5
55,9,identity,21,36.18665063542806,EIG,0,5,500,2,20,999,999,999,1,1,1,1e-4,0.001,0.5,1e-5,5
55,9,identity,20.3,32.25245808665719,EIG,0,5,500,2,20,999,999,999,1,1,1,1e-4,0.001,0.5,1e-5,5
55,9,identity,21.1,36.03200331868733,EIG,0,5,500,2,20,999,999,999,1,1,1,1e-4,0.001,0.5,1e-5,5
55,9,identity,16,13.913265158417024,EIG,0,5,500,2,20,999,999,999,1,1,1,1e-4,0.001,0.5,1e-5,5
83,9,identity,28.5,39.22338185585896,EIG,0,5,500,2,20,999,999,999,1,10,0.1,1e-4,0.001,1,1e-5,5
83,9,identity,23.25,32.01623765660497,EIG,0,5,500,2,20,999,999,999,1,10,0.1,1e-4,0.001,1,1e-5,5
83,9,identity,15.8,24.097608529522287,EIG,0,5,500,2,20,999,999,999,1,10,0.1,1e-4,0.001,1,1e-5,5
83,9,identity,42.1,44.04172662612726,EIG,0,5,500,2,20,999,999,999,1,10,0.1,1e-4,0.001,1,1e-5,5
83,9,identity,31,34.65772489268218,EIG,0,5,500,2,20,999,999,999,1,10,0.1,1e-4,0.001,1,1e-5,5
83,9,identity,41.25,49.98091741117961,EIG,0,5,500,2,20,999,999,999,1,10,0.1,1e-4,0.001,1,1e-5,5
83,9,identity,33.05,60.465279293161295,EIG,0,5,500,2,20,999,999,999,1,10,0.1,1e-4,0.001,1,1e-5,5
83,9,identity,45.75,41.5956412190154,EIG,0,5,500,2,20,999,999,999,1,10,0.1,1e-4,0.001,1,1e-5,5
83,9,identity,34.65,43.5095573287912,EIG,0,5,500,2,20,999,999,999,1,10,0.1,1e-4,0.001,1,1e-5,5
83,9,identity,31.4,65.86701115045936,EIG,0,5,500,2,20,999,999,999,1,10,0.1,1e-4,0.001,1,1e-5,5
55,9,identity,37.15,40.94061810141996,EIG,0,5,500,2,20,999,999,999,1,1,1,1e-4,0.001,0.5,1e-5,5
55,9,identity,28.65,33.80637591685301,EIG,0,5,500,2,20,999,999,999,1,1,1,1e-4,0.001,0.5,1e-5,5
55,9,identity,27.75,37.454358189247095,EIG,0,5,500,2,20,999,999,999,1,1,1,1e-4,0.001,0.5,1e-5,5
55,9,identity,28.65,35.783376028541525,EIG,0,5,500,2,20,999,999,999,1,1,1,1e-4,0.001,0.5,1e-5,5
55,9,identity,36.1,45.86467508936079,EIG,0,5,500,2,20,999,999,999,1,1,1,1e-4,0.001,0.5,1e-5,5
55,9,identity,32.35,36.915657781945114,EIG,0,5,500,2,20,999,999,999,1,1,1,1e-4,0.001,0.5,1e-5,5
55,9,identity,66.1,72.73231382050353,EIG,0,5,500,2,20,999,999,999,1,1,1,1e-4,0.001,0.5,1e-5,5
55,9,identity,30.65,37.22940971017968,EIG,0,5,500,2,20,999,999,999,1,1,1,1e-4,0.001,0.5,1e-5,5
55,9,identity,19.65,28.72789768262129,EIG,0,5,500,2,20,999,999,999,1,1,1,1e-4,0.001,0.5,1e-5,5
55,9,identity,24.75,36.277983754105705,EIG,0,5,500,2,20,999,999,999,1,1,1,1e-4,0.001,0.5,1e-5,5
71,9,identity,33.85,37.818507026113686,EIG,0,5,500,2,20,999,999,999,1,1,10,1e-4,0.001,1,1e-5,5
71,9,identity,21.65,31.047120385158525,EIG,0,5,500,2,20,999,999,999,1,1,10,1e-4,0.001,1,1e-5,5
71,9,identity,30.45,47.50232681281601,EIG,0,5,500,2,20,999,999,999,1,1,10,1e-4,0.001,1,1e-5,5
71,9,identity,32.4,50.655077160194544,EIG,0,5,500,2,20,999,999,999,1,1,10,1e-4,0.001,1,1e-5,5
71,9,identity,23.45,27.72510737485733,EIG,0,5,500,2,20,999,999,999,1,1,10,1e-4,0.001,1,1e-5,5
83,9,identity,21.85,31.0759256965056,EIG,0,5,500,2,20,999,999,999,1,10,0.1,1e-4,0.001,1,1e-5,5
83,9,identity,40.45,39.79748074544682,EIG,0,5,500,2,20,999,999,999,1,10,0.1,1e-4,0.001,1,1e-5,5
83,9,identity,27.45,27.275350352325543,EIG,0,5,500,2,20,999,999,999,1,10,0.1,1e-4,0.001,1,1e-5,5
83,9,identity,20,31.682636785536182,EIG,0,5,500,2,20,999,999,999,1,10,0.1,1e-4,0.001,1,1e-5,5
83,9,identity,31.85,44.7240368670384,EIG,0,5,500,2,20,999,999,999,1,10,0.1,1e-4,0.001,1,1e-5,5
71,9,identity,25.5,26.39278210739484,EIG,0,5,500,2,20,999,999,999,1,1,10,1e-4,0.001,1,1e-5,5
71,9,identity,24.7,26.149569786136063,EIG,0,5,500,2,20,999,999,999,1,1,10,1e-4,0.001,1,1e-5,5
71,9,identity,24.05,33.119361486344474,EIG,0,5,500,2,20,999,999,999,1,1,10,1e-4,0.001,1,1e-5,5
71,9,identity,31.2,37.77997241647317,EIG,0,5,500,2,20,999,999,999,1,1,10,1e-4,0.001,1,1e-5,5
71,9,identity,50,49.0981830513856,EIG,0,5,500,2,20,999,999,999,1,1,10,1e-4,0.001,1,1e-5,5
83,9,identity,25.7,39.87889561897965,EIG,0,5,500,2,20,999,999,999,1,10,0.1,1e-4,0.001,1,1e-5,5
83,9,identity,29.6,44.65587719909948,EIG,0,5,500,2,20,999,999,999,1,10,0.1,1e-4,0.001,1,1e-5,5
83,9,identity,26.3,33.790531218079416,EIG,0,5,500,2,20,999,999,999,1,10,0.1,1e-4,0.001,1,1e-5,5
83,9,identity,29.5,31.506891476728004,EIG,0,5,500,2,20,999,999,999,1,10,0.1,1e-4,0.001,1,1e-5,5
83,9,identity,28.85,43.47325251474205,EIG,0,5,500,2,20,999,999,999,1,10,0.1,1e-4,0.001,1,1e-5,5
83,9,identity,43.55,62.52450046097719,EIG,0,5,500,2,20,999,999,999,1,10,0.1,1e-4,0.001,1,1e-5,5
83,9,identity,29.9,33.070737581894456,EIG,0,5,500,2,20,999,999,999,1,10,0.1,1e-4,0.001,1,1e-5,5
83,9,identity,47.6,61.53852024288699,EIG,0,5,500,2,20,999,999,999,1,10,0.1,1e-4,0.001,1,1e-5,5
83,9,identity,27.65,27.05603347441049,EIG,0,5,500,2,20,999,999,999,1,10,0.1,1e-4,0.001,1,1e-5,5
83,9,identity,53.5,51.08867420063813,EIG,0,5,500,2,20,999,999,999,1,10,0.1,1e-4,0.001,1,1e-5,5
71,9,identity,38.6,40.22489409884329,EIG,0,5,500,2,20,999,999,999,1,1,10,1e-4,0.001,1,1e-5,5
71,9,identity,17.9,33.71068860637216,EIG,0,5,500,2,20,999,999,999,1,1,10,1e-4,0.001,1,1e-5,5
71,9,identity,38.55,42.678078928797056,EIG,0,5,500,2,20,999,999,999,1,1,10,1e-4,0.001,1,1e-5,5
71,9,identity,26.65,34.61863659938098,EIG,0,5,500,2,20,999,999,999,1,1,10,1e-4,0.001,1,1e-5,5
71,9,identity,38.85,46.55079285887056,EIG,0,5,500,2,20,999,999,999,1,1,10,1e-4,0.001,1,1e-5,5
83,9,identity,49.45,63.31414991095883,EIG,0,5,500,2,20,999,999,999,1,10,0.1,1e-4,0.001,1,1e-5,5
83,9,identity,27,37.61158835980433,EIG,0,5,500,2,20,999,999,999,1,10,0.1,1e-4,0.001,1,1e-5,5
83,9,identity,32.7,37.12439969388837,EIG,0,5,500,2,20,999,999,999,1,10,0.1,1e-4,0.001,1,1e-5,5
83,9,identity,24.4,26.37662441991912,EIG,0,5,500,2,20,999,999,999,1,10,0.1,1e-4,0.001,1,1e-5,5
83,9,identity,42.6,94.75530814182724,EIG,0,5,500,2,20,999,999,999,1,10,0.1,1e-4,0.001,1,1e-5,5
71,9,identity,43.95,63.78539265215409,EIG,0,5,500,2,20,999,999,999,1,1,10,1e-4,0.001,1,1e-5,5
71,9,identity,27.95,34.35032367885498,EIG,0,5,500,2,20,999,999,999,1,1,10,1e-4,0.001,1,1e-5,5
71,9,identity,29.05,31.88874574615875,EIG,0,5,500,2,20,999,999,999,1,1,10,1e-4,0.001,1,1e-5,5
71,9,identity,25,30.101582402888635,EIG,0,5,500,2,20,999,999,999,1,1,10,1e-4,0.001,1,1e-5,5
71,9,identity,21.85,23.974273492093232,EIG,0,5,500,2,20,999,999,999,1,1,10,1e-4,0.001,1,1e-5,5
55,9,identity,35.4,40.80428254098105,EIG,0,5,500,2,20,999,999,999,1,1,1,1e-4,0.001,0.5,1e-5,5
55,9,identity,25,32.84252698784562,EIG,0,5,500,2,20,999,999,999,1,1,1,1e-4,0.001,0.5,1e-5,5
55,9,identity,40.4,66.47943884746384,EIG,0,5,500,2,20,999,999,999,1,1,1,1e-4,0.001,0.5,1e-5,5
55,9,identity,33.7,59.85693469915534,EIG,0,5,500,2,20,999,999,999,1,1,1,1e-4,0.001,0.5,1e-5,5
55,9,identity,21.45,20.71225165019614,EIG,0,5,500,2,20,999,999,999,1,1,1,1e-4,0.001,0.5,1e-5,5
83,9,identity,38.6,46.21164127656238,EIG,0,5,500,2,20,999,999,999,1,10,0.1,1e-4,0.001,1,1e-5,5
83,9,identity,40.2,73.5681567270142,EIG,0,5,500,2,20,999,999,999,1,10,0.1,1e-4,0.001,1,1e-5,5
83,9,identity,40.55,48.73826444440376,EIG,0,5,500,2,20,999,999,999,1,10,0.1,1e-4,0.001,1,1e-5,5
83,9,identity,44.75,53.09859250786022,EIG,0,5,500,2,20,999,999,999,1,10,0.1,1e-4,0.001,1,1e-5,5
83,9,identity,44.55,62.60525873321373,EIG,0,5,500,2,20,999,999,999,1,10,0.1,1e-4,0.001,1,1e-5,5
71,9,identity,25.5,24.573198922060552,EIG,0,5,500,2,20,999,999,999,1,1,10,1e-4,0.001,1,1e-5,5
71,9,identity,28.9,28.33428274983096,EIG,0,5,500,2,20,999,999,999,1,1,10,1e-4,0.001,1,1e-5,5
71,9,identity,41.65,42.810813931455264,EIG,0,5,500,2,20,999,999,999,1,1,10,1e-4,0.001,1,1e-5,5
71,9,identity,35.55,38.710089803972025,EIG,0,5,500,2,20,999,999,999,1,1,10,1e-4,0.001,1,1e-5,5
71,9,identity,56.5,55.50011853946564,EIG,0,5,500,2,20,999,999,999,1,1,10,1e-4,0.001,1,1e-5,5
71,9,identity,23.5,28.95095671539789,EIG,0,5,500,2,20,999,999,999,1,1,10,1e-4,0.001,1,1e-5,5
71,9,identity,30.65,40.39968082208467,EIG,0,5,500,2,20,999,999,999,1,1,10,1e-4,0.001,1,1e-5,5
71,9,identity,25.55,20.541293455917163,EIG,0,5,500,2,20,999,999,999,1,1,10,1e-4,0.001,1,1e-5,5
71,9,identity,39.7,37.26166366317221,EIG,0,5,500,2,20,999,999,999,1,1,10,1e-4,0.001,1,1e-5,5
71,9,identity,27.3,27.24180224349491,EIG,0,5,500,2,20,999,999,999,1,1,10,1e-4,0.001,1,1e-5,5
83,9,identity,47.5,49.61271059548731,EIG,0,5,500,2,20,999,999,999,1,10,0.1,1e-4,0.001,1,1e-5,5
83,9,identity,31.2,31.497034112670622,EIG,0,5,500,2,20,999,999,999,1,10,0.1,1e-4,0.001,1,1e-5,5
83,9,identity,22.35,19.54286786043764,EIG,0,5,500,2,20,999,999,999,1,10,0.1,1e-4,0.001,1,1e-5,5
83,9,identity,16.75,19.944330417175543,EIG,0,5,500,2,20,999,999,999,1,10,0.1,1e-4,0.001,1,1e-5,5
83,9,identity,33.7,38.62518949025227,EIG,0,5,500,2,20,999,999,999,1,10,0.1,1e-4,0.001,1,1e-5,5
83,9,identity,31.05,30.5346653735338,EIG,0,5,500,2,20,999,999,999,1,10,0.1,1e-4,0.001,1,1e-5,5
83,9,identity,31.5,33.886031899511885,EIG,0,5,500,2,20,999,999,999,1,10,0.1,1e-4,0.001,1,1e-5,5
83,9,identity,38.15,45.76631144365793,EIG,0,5,500,2,20,999,999,999,1,10,0.1,1e-4,0.001,1,1e-5,5
83,9,identity,41.55,39.61190012583273,EIG,0,5,500,2,20,999,999,999,1,10,0.1,1e-4,0.001,1,1e-5,5
83,9,identity,44.7,52.34209335555949,EIG,0,5,500,2,20,999,999,999,1,10,0.1,1e-4,0.001,1,1e-5,5
55,9,identity,42.1,61.56460021798241,EIG,0,5,500,2,20,999,999,999,1,1,1,1e-4,0.001,0.5,1e-5,5
55,9,identity,27.45,30.03064224561657,EIG,0,5,500,2,20,999,999,999,1,1,1,1e-4,0.001,0.5,1e-5,5
55,9,identity,24.85,26.089471560684963,EIG,0,5,500,2,20,999,999,999,1,1,1,1e-4,0.001,0.5,1e-5,5
55,9,identity,20.45,28.41696120647889,EIG,0,5,500,2,20,999,999,999,1,1,1,1e-4,0.001,0.5,1e-5,5
55,9,identity,40.95,44.43857380818227,EIG,0,5,500,2,20,999,999,999,1,1,1,1e-4,0.001,0.5,1e-5,5
71,9,identity,42.55,38.870195590749965,EIG,0,5,500,2,20,999,999,999,1,1,10,1e-4,0.001,1,1e-5,5
71,9,identity,38.7,42.38184815025861,EIG,0,5,500,2,20,999,999,999,1,1,10,1e-4,0.001,1,1e-5,5
71,9,identity,44.2,40.69863569419031,EIG,0,5,500,2,20,999,999,999,1,1,10,1e-4,0.001,1,1e-5,5
71,9,identity,52.8,56.52442415731264,EIG,0,5,500,2,20,999,999,999,1,1,10,1e-4,0.001,1,1e-5,5
71,9,identity,22.4,24.37945640773891,EIG,0,5,500,2,20,999,999,999,1,1,10,1e-4,0.001,1,1e-5,5
71,9,identity,26.75,32.12782856685233,EIG,0,5,500,2,20,999,999,999,1,1,10,1e-4,0.001,1,1e-5,5
71,9,identity,48.25,43.3090181443955,EIG,0,5,500,2,20,999,999,999,1,1,10,1e-4,0.001,1,1e-5,5
71,9,identity,30.5,35.560918820643835,EIG,0,5,500,2,20,999,999,999,1,1,10,1e-4,0.001,1,1e-5,5
71,9,identity,30,35.337470793836715,EIG,0,5,500,2,20,999,999,999,1,1,10,1e-4,0.001,1,1e-5,5
71,9,identity,47.35,59.46451839011581,EIG,0,5,500,2,20,999,999,999,1,1,10,1e-4,0.001,1,1e-5,5
55,9,identity,11.85,13.944532978913276,EIG,0,5,500,2,20,999,999,999,1,1,1,1e-4,0.001,0.5,1e-5,5
55,9,identity,42.1,49.6862789489158,EIG,0,5,500,2,20,999,999,999,1,1,1,1e-4,0.001,0.5,1e-5,5
55,9,identity,26.9,28.657505676156596,EIG,0,5,500,2,20,999,999,999,1,1,1,1e-4,0.001,0.5,1e-5,5
55,9,identity,34.5,43.53885137377154,EIG,0,5,500,2,20,999,999,999,1,1,1,1e-4,0.001,0.5,1e-5,5
55,9,identity,26.45,40.7462946329576,EIG,0,5,500,2,20,999,999,999,1,1,1,1e-4,0.001,0.5,1e-5,5
55,9,identity,34.1,48.19467103103282,EIG,0,5,500,2,20,999,999,999,1,1,1,1e-4,0.001,0.5,1e-5,5
55,9,identity,32.55,37.6570046604878,EIG,0,5,500,2,20,999,999,999,1,1,1,1e-4,0.001,0.5,1e-5,5
55,9,identity,42.95,54.72272211604128,EIG,0,5,500,2,20,999,999,999,1,1,1,1e-4,0.001,0.5,1e-5,5
55,9,identity,48.2,47.21239801488364,EIG,0,5,500,2,20,999,999,999,1,1,1,1e-4,0.001,0.5,1e-5,5
55,9,identity,41.65,57.66899650500896,EIG,0,5,500,2,20,999,999,999,1,1,1,1e-4,0.001,0.5,1e-5,5
83,9,identity,23.55,38.166498122664706,EIG,0,5,500,2,20,999,999,999,1,10,0.1,1e-4,0.001,1,1e-5,5
83,9,identity,18.6,26.565509891388754,EIG,0,5,500,2,20,999,999,999,1,10,0.1,1e-4,0.001,1,1e-5,5
83,9,identity,13.85,19.50782569016585,EIG,0,5,500,2,20,999,999,999,1,10,0.1,1e-4,0.001,1,1e-5,5
83,9,identity,15.55,35.74246332040541,EIG,0,5,500,2,20,999,999,999,1,10,0.1,1e-4,0.001,1,1e-5,5
83,9,identity,24.45,39.864870434216165,EIG,0,5,500,2,20,999,999,999,1,10,0.1,1e-4,0.001,1,1e-5,5
83,9,identity,32.5,60.17387088132278,EIG,0,5,500,2,20,999,999,999,1,10,0.1,1e-4,0.001,1,1e-5,5
83,9,identity,19.75,29.364989895774652,EIG,0,5,500,2,20,999,999,999,1,10,0.1,1e-4,0.001,1,1e-5,5
83,9,identity,7.9,10.691363952176296,EIG,0,5,500,2,20,999,999,999,1,10,0.1,1e-4,0.001,1,1e-5,5
83,9,identity,23.75,30.679797913284887,EIG,0,5,500,2,20,999,999,999,1,10,0.1,1e-4,0.001,1,1e-5,5
83,9,identity,33.9,52.54361596756896,EIG,0,5,500,2,20,999,999,999,1,10,0.1,1e-4,0.001,1,1e-5,5
55,9,identity,19.35,42.09672446314934,EIG,0,5,500,2,20,999,999,999,1,1,1,1e-4,0.001,0.5,1e-5,5
55,9,identity,26.25,53.29646477858299,EIG,0,5,500,2,20,999,999,999,1,1,1,1e-4,0.001,0.5,1e-5,5
55,9,identity,16.55,25.26173515730649,EIG,0,5,500,2,20,999,999,999,1,1,1,1e-4,0.001,0.5,1e-5,5
55,9,identity,17.8,31.43682051687998,EIG,0,5,500,2,20,999,999,999,1,1,1,1e-4,0.001,0.5,1e-5,5
55,9,identity,28.45,40.33214076821819,EIG,0,5,500,2,20,999,999,999,1,1,1,1e-4,0.001,0.5,1e-5,5
71,9,identity,41.85,49.7798046136023,EIG,0,5,500,2,20,999,999,999,1,1,10,1e-4,0.001,1,1e-5,5
71,9,identity,21.15,35.314042234603626,EIG,0,5,500,2,20,999,999,999,1,1,10,1e-4,0.001,1,1e-5,5
71,9,identity,18.8,16.100343245768983,EIG,0,5,500,2,20,999,999,999,1,1,10,1e-4,0.001,1,1e-5,5
71,9,identity,17.75,20.64454815250391,EIG,0,5,500,2,20,999,999,999,1,1,10,1e-4,0.001,1,1e-5,5
71,9,identity,31.6,49.12218921917274,EIG,0,5,500,2,20,999,999,999,1,1,10,1e-4,0.001,1,1e-5,5
83,9,identity,24.7,33.53568405837516,EIG,0,5,500,2,20,999,999,999,1,10,0.1,1e-4,0.001,1,1e-5,5
83,9,identity,51.8,75.20400325290642,EIG,0,5,500,2,20,999,999,999,1,10,0.1,1e-4,0.001,1,1e-5,5
83,9,identity,12.85,18.21877285138948,EIG,0,5,500,2,20,999,999,999,1,10,0.1,1e-4,0.001,1,1e-5,5
83,9,identity,32.45,67.08241200195474,EIG,0,5,500,2,20,999,999,999,1,10,0.1,1e-4,0.001,1,1e-5,5
83,9,identity,33.9,61.42766392055652,EIG,0,5,500,2,20,999,999,999,1,10,0.1,1e-4,0.001,1,1e-5,5
71,9,identity,21.8,46.64942037209714,EIG,0,5,500,2,20,999,999,999,1,1,10,1e-4,0.001,1,1e-5,5
71,9,identity,26.05,44.430282465903815,EIG,0,5,500,2,20,999,999,999,1,1,10,1e-4,0.001,1,1e-5,5
71,9,identity,46.9,71.67389600420123,EIG,0,5,500,2,20,999,999,999,1,1,10,1e-4,0.001,1,1e-5,5
71,9,identity,14.4,25.915652656870886,EIG,0,5,500,2,20,999,999,999,1,1,10,1e-4,0.001,1,1e-5,5
71,9,identity,30.5,58.925912448554726,EIG,0,5,500,2,20,999,999,999,1,1,10,1e-4,0.001,1,1e-5,5
71,9,identity,45.35,63.34057899457836,EIG,0,5,500,2,20,999,999,999,1,1,10,1e-4,0.001,1,1e-5,5
71,9,identity,32.3,43.08754857386602,EIG,0,5,500,2,20,999,999,999,1,1,10,1e-4,0.001,1,1e-5,5
71,9,identity,14.7,18.521964201853347,EIG,0,5,500,2,20,999,999,999,1,1,10,1e-4,0.001,1,1e-5,5
71,9,identity,26.5,37.61788488415975,EIG,0,5,500,2,20,999,999,999,1,1,10,1e-4,0.001,1,1e-5,5
71,9,identity,23.95,25.934076343480477,EIG,0,5,500,2,20,999,999,999,1,1,10,1e-4,0.001,1,1e-5,5
71,9,identity,19.45,19.410997967782674,EIG,0,5,500,2,20,999,999,999,1,1,10,1e-4,0.001,1,1e-5,5
71,9,identity,32.65,36.35392543779615,EIG,0,5,500,2,20,999,999,999,1,1,10,1e-4,0.001,1,1e-5,5
71,9,identity,35.85,75.98287549455505,EIG,0,5,500,2,20,999,999,999,1,1,10,1e-4,0.001,1,1e-5,5
71,9,identity,21.15,23.676048301139588,EIG,0,5,500,2,20,999,999,999,1,1,10,1e-4,0.001,1,1e-5,5
71,9,identity,23.55,40.78502692229872,EIG,0,5,500,2,20,999,999,999,1,1,10,1e-4,0.001,1,1e-5,5
55,9,identity,33.35,39.3556991124739,EIG,0,5,500,2,20,999,999,999,1,1,1,1e-4,0.001,0.5,1e-5,5
55,9,identity,18.9,27.523960853275305,EIG,0,5,500,2,20,999,999,999,1,1,1,1e-4,0.001,0.5,1e-5,5
55,9,identity,22.9,40.01433953498487,EIG,0,5,500,2,20,999,999,999,1,1,1,1e-4,0.001,0.5,1e-5,5
55,9,identity,19.25,25.86783208624382,EIG,0,5,500,2,20,999,999,999,1,1,1,1e-4,0.001,0.5,1e-5,5
55,9,identity,34.4,53.75323735660755,EIG,0,5,500,2,20,999,999,999,1,1,1,1e-4,0.001,0.5,1e-5,5
71,9,identity,6.45,4.882568349159131,EIG,0,5,500,2,20,999,999,999,1,1,10,1e-4,0.001,1,1e-5,5
71,9,identity,6.3,4.5317592726515334,EIG,0,5,500,2,20,999,999,999,1,1,10,1e-4,0.001,1,1e-5,5
71,9,identity,6.3,5.750057207953399,EIG,0,5,500,2,20,999,999,999,1,1,10,1e-4,0.001,1,1e-5,5
71,9,identity,4.75,3.73989867580168,EIG,0,5,500,2,20,999,999,999,1,1,10,1e-4,0.001,1,1e-5,5
71,9,identity,6.1,3.837488213594106,EIG,0,5,500,2,20,999,999,999,1,1,10,1e-4,0.001,1,1e-5,5
55,9,identity,16.2,23.652305996400617,EIG,0,5,500,2,20,999,999,999,1,1,1,1e-4,0.001,0.5,1e-5,5
55,9,identity,7.35,7.0805515693564285,EIG,0,5,500,2,20,999,999,999,1,1,1,1e-4,0.001,0.5,1e-5,5
55,9,identity,6.3,4.780442613288791,EIG,0,5,500,2,20,999,999,999,1,1,1,1e-4,0.001,0.5,1e-5,5
55,9,identity,8.85,7.915840215402878,EIG,0,5,500,2,20,999,999,999,1,1,1,1e-4,0.001,0.5,1e-5,5
55,9,identity,21.05,43.37410699823959,EIG,0,5,500,2,20,999,999,999,1,1,1,1e-4,0.001,0.5,1e-5,5
55,9,identity,7.15,5.060424363315996,EIG,0,5,500,2,20,999,999,999,1,1,1,1e-4,0.001,0.5,1e-5,5
55,9,identity,16.25,38.52391601671822,EIG,0,5,500,2,20,999,999,999,1,1,1,1e-4,0.001,0.5,1e-5,5
55,9,identity,11.6,16.725020651391546,EIG,0,5,500,2,20,999,999,999,1,1,1,1e-4,0.001,0.5,1e-5,5
55,9,identity,10,21.381251009630898,EIG,0,5,500,2,20,999,999,999,1,1,1,1e-4,0.001,0.5,1e-5,5
55,9,identity,20.4,29.557081260360924,EIG,0,5,500,2,20,999,999,999,1,1,1,1e-4,0.001,0.5,1e-5,5
55,9,identity,6.65,5.760802210218918,EIG,0,5,500,2,20,999,999,999,1,1,1,1e-4,0.001,0.5,1e-5,5
55,9,identity,22.6,51.801645980758074,EIG,0,5,500,2,20,999,999,999,1,1,1,1e-4,0.001,0.5,1e-5,5
55,9,identity,6.35,4.1074386948047,EIG,0,5,500,2,20,999,999,999,1,1,1,1e-4,0.001,0.5,1e-5,5
55,9,identity,16.25,45.94719509221543,EIG,0,5,500,2,20,999,999,999,1,1,1,1e-4,0.001,0.5,1e-5,5
55,9,identity,17.2,49.81079992806463,EIG,0,5,500,2,20,999,999,999,1,1,1,1e-4,0.001,0.5,1e-5,5
71,9,identity,6.7,6.513952636254612,EIG,0,5,500,2,20,999,999,999,1,1,10,1e-4,0.001,1,1e-5,5
71,9,identity,3.6,4.04448942844979,EIG,0,5,500,2,20,999,999,999,1,1,10,1e-4,0.001,1,1e-5,5
71,9,identity,6.75,7.566372975210778,EIG,0,5,500,2,20,999,999,999,1,1,10,1e-4,0.001,1,1e-5,5
71,9,identity,9.15,11.820032059801566,EIG,0,5,500,2,20,999,999,999,1,1,10,1e-4,0.001,1,1e-5,5
71,9,identity,6.2,5.818301434177107,EIG,0,5,500,2,20,999,999,999,1,1,10,1e-4,0.001,1,1e-5,5
83,9,identity,5.75,6.827768380124766,EIG,0,5,500,2,20,999,999,999,1,10,0.1,1e-4,0.001,1,1e-5,5
83,9,identity,7.9,10.482566981723313,EIG,0,5,500,2,20,999,999,999,1,10,0.1,1e-4,0.001,1,1e-5,5
83,9,identity,6.9,7.42612741750723,EIG,0,5,500,2,20,999,999,999,1,10,0.1,1e-4,0.001,1,1e-5,5
83,9,identity,7.35,7.596917657493522,EIG,0,5,500,2,20,999,999,999,1,10,0.1,1e-4,0.001,1,1e-5,5
83,9,identity,11.45,17.312833694294987,EIG,0,5,500,2,20,999,999,999,1,10,0.1,1e-4,0.001,1,1e-5,5
83,9,identity,2.7,2.1051315748352692,EIG,0,5,500,2,20,999,999,999,1,10,0.1,1e-4,0.001,1,1e-5,5
83,9,identity,1.6,0.8207826816681233,EIG,0,5,500,2,20,999,999,999,1,10,0.1,1e-4,0.001,1,1e-5,5
83,9,identity,1.95,1.234376040972246,EIG,0,5,500,2,20,999,999,999,1,10,0.1,1e-4,0.001,1,1e-5,5
83,9,identity,2.6,2.3929721664644754,EIG,0,5,500,2,20,999,999,999,1,10,0.1,1e-4,0.001,1,1e-5,5
83,9,identity,2.3,2.054520048960084,EIG,0,5,500,2,20,999,999,999,1,10,0.1,1e-4,0.001,1,1e-5,5
71,9,identity,7.05,9.55028244277844,EIG,0,5,500,2,20,999,999,999,1,1,10,1e-4,0.001,1,1e-5,5
71,9,identity,19.8,23.551958237949243,EIG,0,5,500,2,20,999,999,999,1,1,10,1e-4,0.001,1,1e-5,5
71,9,identity,17.35,22.492747369108255,EIG,0,5,500,2,20,999,999,999,1,1,10,1e-4,0.001,1,1e-5,5
71,9,identity,24.45,42.061953054237065,EIG,0,5,500,2,20,999,999,999,1,1,10,1e-4,0.001,1,1e-5,5
71,9,identity,6.9,5.999122742885872,EIG,0,5,500,2,20,999,999,999,1,1,10,1e-4,0.001,1,1e-5,5
71,9,identity,15.85,31.38265528331819,EIG,0,5,500,2,20,999,999,999,1,1,10,1e-4,0.001,1,1e-5,5
71,9,identity,17.3,18.78997493065749,EIG,0,5,500,2,20,999,999,999,1,1,10,1e-4,0.001,1,1e-5,5
71,9,identity,17.85,35.12724988111831,EIG,0,5,500,2,20,999,999,999,1,1,10,1e-4,0.001,1,1e-5,5
71,9,identity,17.7,22.56242801417296,EIG,0,5,500,2,20,999,999,999,1,1,10,1e-4,0.001,1,1e-5,5
71,9,identity,10.2,15.64944929247974,EIG,0,5,500,2,20,999,999,999,1,1,10,1e-4,0.001,1,1e-5,5
71,9,identity,23.2,27.94279871451677,EIG,0,5,500,2,20,999,999,999,1,1,10,1e-4,0.001,1,1e-5,5
71,9,identity,11.25,18.34716384220274,EIG,0,5,500,2,20,999,999,999,1,1,10,1e-4,0.001,1,1e-5,5
71,9,identity,6.6,5.576265492433557,EIG,0,5,500,2,20,999,999,999,1,1,10,1e-4,0.001,1,1e-5,5
71,9,identity,7.2,5.818301434177106,EIG,0,5,500,2,20,999,999,999,1,1,10,1e-4,0.001,1,1e-5,5
71,9,identity,10.65,19.12638023915219,EIG,0,5,500,2,20,999,999,999,1,1,10,1e-4,0.001,1,1e-5,5
55,9,identity,7.7,10.473525521146414,EIG,0,5,500,2,20,999,999,999,1,1,1,1e-4,0.001,0.5,1e-5,5
55,9,identity,13.35,20.51770737166981,EIG,0,5,500,2,20,999,999,999,1,1,1,1e-4,0.001,0.5,1e-5,5
55,9,identity,8.75,10.07276160324414,EIG,0,5,500,2,20,999,999,999,1,1,1,1e-4,0.001,0.5,1e-5,5
55,9,identity,21.35,42.84890835678805,EIG,0,5,500,2,20,999,999,999,1,1,1,1e-4,0.001,0.5,1e-5,5
55,9,identity,12.25,15.224201647031402,EIG,0,5,500,2,20,999,999,999,1,1,1,1e-4,0.001,0.5,1e-5,5
55,9,identity,11.8,15.115694179438664,EIG,0,5,500,2,20,999,999,999,1,1,1,1e-4,0.001,0.5,1e-5,5
55,9,identity,22,26.339883706732845,EIG,0,5,500,2,20,999,999,999,1,1,1,1e-4,0.001,0.5,1e-5,5
55,9,identity,14.75,31.689073328531595,EIG,0,5,500,2,20,999,999,999,1,1,1,1e-4,0.001,0.5,1e-5,5
55,9,identity,10.95,11.50960697120362,EIG,0,5,500,2,20,999,999,999,1,1,1,1e-4,0.001,0.5,1e-5,5
55,9,identity,10.3,18.700126653103325,EIG,0,5,500,2,20,999,999,999,1,1,1,1e-4,0.001,0.5,1e-5,5
71,9,identity,19.9,22.900011491608243,EIG,0,5,500,2,20,999,999,999,1,1,10,1e-4,0.001,1,1e-5,5
71,9,identity,37.3,38.28026838161432,EIG,0,5,500,2,20,999,999,999,1,1,10,1e-4,0.001,1,1e-5,5
71,9,identity,19.45,42.39721316561416,EIG,0,5,500,2,20,999,999,999,1,1,10,1e-4,0.001,1,1e-5,5
71,9,identity,23.35,31.92800288807699,EIG,0,5,500,2,20,999,999,999,1,1,10,1e-4,0.001,1,1e-5,5
71,9,identity,33.65,41.18287201456961,EIG,0,5,500,2,20,999,999,999,1,1,10,1e-4,0.001,1,1e-5,5
83,9,identity,34.75,46.447338601451584,EIG,0,5,500,2,20,999,999,999,1,10,0.1,1e-4,0.001,1,1e-5,5
83,9,identity,28.85,34.785470348529444,EIG,0,5,500,2,20,999,999,999,1,10,0.1,1e-4,0.001,1,1e-5,5
83,9,identity,30.2,38.74016004097041,EIG,0,5,500,2,20,999,999,999,1,10,0.1,1e-4,0.001,1,1e-5,5
83,9,identity,15.75,16.929808653751277,EIG,0,5,500,2,20,999,999,999,1,10,0.1,1e-4,0.001,1,1e-5,5
83,9,identity,20.25,44.096634314817464,EIG,0,5,500,2,20,999,999,999,1,10,0.1,1e-4,0.001,1,1e-5,5
83,9,identity,18.65,23.961097857283495,EIG,0,5,500,2,20,999,999,999,1,10,0.1,1e-4,0.001,1,1e-5,5
83,9,identity,23.5,47.339201514178505,EIG,0,5,500,2,20,999,999,999,1,10,0.1,1e-4,0.001,1,1e-5,5
83,9,identity,16.7,20.060697369417856,EIG,0,5,500,2,20,999,999,999,1,10,0.1,1e-4,0.001,1,1e-5,5
83,9,identity,23.5,37.733832369150605,EIG,0,5,500,2,20,999,999,999,1,10,0.1,1e-4,0.001,1,1e-5,5
83,9,identity,31.05,36.51167801647779,EIG,0,5,500,2,20,999,999,999,1,10,0.1,1e-4,0.001,1,1e-5,5
71,9,identity,7.2,7.060639601264702,EIG,0,5,500,2,20,999,999,999,1,1,10,1e-4,0.001,1,1e-5,5
71,9,identity,8.65,8.125819796698734,EIG,0,5,500,2,20,999,999,999,1,1,10,1e-4,0.001,1,1e-5,5
71,9,identity,9.25,13.250124130500977,EIG,0,5,500,2,20,999,999,999,1,1,10,1e-4,0.001,1,1e-5,5
71,9,identity,7.6,12.500105262714689,EIG,0,5,500,2,20,999,999,999,1,1,10,1e-4,0.001,1,1e-5,5
71,9,identity,6.5,6.10866511389225,EIG,0,5,500,2,20,999,999,999,1,1,10,1e-4,0.001,1,1e-5,5
55,9,identity,10.8,9.116786137322968,EIG,0,5,500,2,20,999,999,999,1,1,1,1e-4,0.001,0.5,1e-5,5
55,9,identity,9.8,18.60277285500032,EIG,0,5,500,2,20,999,999,999,1,1,1,1e-4,0.001,0.5,1e-5,5
55,9,identity,7.9,11.001913709130692,EIG,0,5,500,2,20,999,999,999,1,1,1,1e-4,0.001,0.5,1e-5,5
55,9,identity,6.65,6.22621791087368,EIG,0,5,500,2,20,999,999,999,1,1,1,1e-4,0.001,0.5,1e-5,5
55,9,identity,4.15,3.602265369107846,EIG,0,5,500,2,20,999,999,999,1,1,1,1e-4,0.001,0.5,1e-5,5
83,9,identity,23.4,24.805347471017104,EIG,0,5,500,2,20,999,999,999,1,10,0.1,1e-4,0.001,1,1e-5,5
83,9,identity,23.5,25.623796505756545,EIG,0,5,500,2,20,999,999,999,1,10,0.1,1e-4,0.001,1,1e-5,5
83,9,identity,19.7,36.08192432725692,EIG,0,5,500,2,20,999,999,999,1,10,0.1,1e-4,0.001,1,1e-5,5
83,9,identity,17.1,21.066061505853938,EIG,0,5,500,2,20,999,999,999,1,10,0.1,1e-4,0.001,1,1e-5,5
83,9,identity,39.05,57.82047989023303,EIG,0,5,500,2,20,999,999,999,1,10,0.1,1e-4,0.001,1,1e-5,5
83,9,identity,19.35,27.176373252476033,EIG,0,5,500,2,20,999,999,999,1,10,0.1,1e-4,0.001,1,1e-5,5
83,9,identity,21.05,26.390738008467647,EIG,0,5,500,2,20,999,999,999,1,10,0.1,1e-4,0.001,1,1e-5,5
83,9,identity,20.1,28.067400082095617,EIG,0,5,500,2,20,999,999,999,1,10,0.1,1e-4,0.001,1,1e-5,5
83,9,identity,26.65,37.54895050744463,EIG,0,5,500,2,20,999,999,999,1,10,0.1,1e-4,0.001,1,1e-5,5
83,9,identity,26.65,34.111697330048564,EIG,0,5,500,2,20,999,999,999,1,10,0.1,1e-4,0.001,1,1e-5,5
55,9,identity,21.25,24.133128573329277,EIG,0,5,500,2,20,999,999,999,1,1,1,1e-4,0.001,0.5,1e-5,5
55,9,identity,17.75,30.075125234896976,EIG,0,5,500,2,20,999,999,999,1,1,1,1e-4,0.001,0.5,1e-5,5
55,9,identity,14.6,32.96952340699226,EIG,0,5,500,2,20,999,999,999,1,1,1,1e-4,0.001,0.5,1e-5,5
55,9,identity,36.45,65.30211167698702,EIG,0,5,500,2,20,999,999,999,1,1,1,1e-4,0.001,0.5,1e-5,5
55,9,identity,25.65,27.421226891051507,EIG,0,5,500,2,20,999,999,999,1,1,1,1e-4,0.001,0.5,1e-5,5
55,9,identity,25.4,30.091789402986393,EIG,0,5,500,2,20,999,999,999,1,1,1,1e-4,0.001,0.5,1e-5,5
55,9,identity,12.55,14.64483023566948,EIG,0,5,500,2,20,999,999,999,1,1,1,1e-4,0.001,0.5,1e-5,5
55,9,identity,30.5,37.71988167643439,EIG,0,5,500,2,20,999,999,999,1,1,1,1e-4,0.001,0.5,1e-5,5
55,9,identity,20.1,25.30425385499234,EIG,0,5,500,2,20,999,999,999,1,1,1,1e-4,0.001,0.5,1e-5,5
55,9,identity,20.8,31.5654708085975,EIG,0,5,500,2,20,999,999,999,1,1,1,1e-4,0.001,0.5,1e-5,5
0,NA,NA,NA,NA,EIG,0,5,500,2,20,999,999,999,1,0.1,0.1,1e-4,0.001,0.1,1e-4,3
1,NA,NA,NA,NA,EIG,0,5,500,2,20,999,999,999,1,0.1,0.1,1e-4,0.001,0.1,1e-4,5
2,NA,NA,NA,NA,EIG,0,5,500,2,20,999,999,999,1,0.1,0.1,1e-4,0.001,0.1,1e-5,3
3,NA,NA,NA,NA,EIG,0,5,500,2,20,999,999,999,1,0.1,0.1,1e-4,0.001,0.1,1e-5,5
4,NA,NA,NA,NA,EIG,0,5,500,2,20,999,999,999,1,0.1,0.1,1e-4,0.001,0.5,1e-4,3
5,NA,NA,NA,NA,EIG,0,5,500,2,20,999,999,999,1,0.1,0.1,1e-4,0.001,0.5,1e-4,5
6,NA,NA,NA,NA,EIG,0,5,500,2,20,999,999,999,1,0.1,0.1,1e-4,0.001,0.5,1e-5,3
7,NA,NA,NA,NA,EIG,0,5,500,2,20,999,999,999,1,0.1,0.1,1e-4,0.001,0.5,1e-5,5
8,NA,NA,NA,NA,EIG,0,5,500,2,20,999,999,999,1,0.1,0.1,1e-4,0.001,1,1e-4,3
9,NA,NA,NA,NA,EIG,0,5,500,2,20,999,999,999,1,0.1,0.1,1e-4,0.001,1,1e-4,5
10,NA,NA,NA,NA,EIG,0,5,500,2,20,999,999,999,1,0.1,0.1,1e-4,0.001,1,1e-5,3
11,NA,NA,NA,NA,EIG,0,5,500,2,20,999,999,999,1,0.1,0.1,1e-4,0.001,1,1e-5,5
12,NA,NA,NA,NA,EIG,0,5,500,2,20,999,999,999,1,0.1,1,1e-4,0.001,0.1,1e-4,3
13,NA,NA,NA,NA,EIG,0,5,500,2,20,999,999,999,1,0.1,1,1e-4,0.001,0.1,1e-4,5
14,NA,NA,NA,NA,EIG,0,5,500,2,20,999,999,999,1,0.1,1,1e-4,0.001,0.1,1e-5,3
15,NA,NA,NA,NA,EIG,0,5,500,2,20,999,999,999,1,0.1,1,1e-4,0.001,0.1,1e-5,5
16,NA,NA,NA,NA,EIG,0,5,500,2,20,999,999,999,1,0.1,1,1e-4,0.001,0.5,1e-4,3
17,NA,NA,NA,NA,EIG,0,5,500,2,20,999,999,999,1,0.1,1,1e-4,0.001,0.5,1e-4,5
18,NA,NA,NA,NA,EIG,0,5,500,2,20,999,999,999,1,0.1,1,1e-4,0.001,0.5,1e-5,3
19,NA,NA,NA,NA,EIG,0,5,500,2,20,999,999,999,1,0.1,1,1e-4,0.001,0.5,1e-5,5
20,NA,NA,NA,NA,EIG,0,5,500,2,20,999,999,999,1,0.1,1,1e-4,0.001,1,1e-4,3
21,NA,NA,NA,NA,EIG,0,5,500,2,20,999,999,999,1,0.1,1,1e-4,0.001,1,1e-4,5
22,NA,NA,NA,NA,EIG,0,5,500,2,20,999,999,999,1,0.1,1,1e-4,0.001,1,1e-5,3
23,NA,NA,NA,NA,EIG,0,5,500,2,20,999,999,999,1,0.1,1,1e-4,0.001,1,1e-5,5
24,NA,NA,NA,NA,EIG,0,5,500,2,20,999,999,999,1,0.1,10,1e-4,0.001,0.1,1e-4,3
25,NA,NA,NA,NA,EIG,0,5,500,2,20,999,999,999,1,0.1,10,1e-4,0.001,0.1,1e-4,5
26,NA,NA,NA,NA,EIG,0,5,500,2,20,999,999,999,1,0.1,10,1e-4,0.001,0.1,1e-5,3
27,NA,NA,NA,NA,EIG,0,5,500,2,20,999,999,999,1,0.1,10,1e-4,0.001,0.1,1e-5,5
28,NA,NA,NA,NA,EIG,0,5,500,2,20,999,999,999,1,0.1,10,1e-4,0.001,0.5,1e-4,3
29,NA,NA,NA,NA,EIG,0,5,500,2,20,999,999,999,1,0.1,10,1e-4,0.001,0.5,1e-4,5
30,NA,NA,NA,NA,EIG,0,5,500,2,20,999,999,999,1,0.1,10,1e-4,0.001,0.5,1e-5,3
31,NA,NA,NA,NA,EIG,0,5,500,2,20,999,999,999,1,0.1,10,1e-4,0.001,0.5,1e-5,5
32,NA,NA,NA,NA,EIG,0,5,500,2,20,999,999,999,1,0.1,10,1e-4,0.001,1,1e-4,3
33,NA,NA,NA,NA,EIG,0,5,500,2,20,999,999,999,1,0.1,10,1e-4,0.001,1,1e-4,5
34,NA,NA,NA,NA,EIG,0,5,500,2,20,999,999,999,1,0.1,10,1e-4,0.001,1,1e-5,3
35,NA,NA,NA,NA,EIG,0,5,500,2,20,999,999,999,1,0.1,10,1e-4,0.001,1,1e-5,5
36,NA,NA,NA,NA,EIG,0,5,500,2,20,999,999,999,1,1,0.1,1e-4,0.001,0.1,1e-4,3
37,NA,NA,NA,NA,EIG,0,5,500,2,20,999,999,999,1,1,0.1,1e-4,0.001,0.1,1e-4,5
38,NA,NA,NA,NA,EIG,0,5,500,2,20,999,999,999,1,1,0.1,1e-4,0.001,0.1,1e-5,3
39,NA,NA,NA,NA,EIG,0,5,500,2,20,999,999,999,1,1,0.1,1e-4,0.001,0.1,1e-5,5
40,NA,NA,NA,NA,EIG,0,5,500,2,20,999,999,999,1,1,0.1,1e-4,0.001,0.5,1e-4,3
41,NA,NA,NA,NA,EIG,0,5,500,2,20,999,999,999,1,1,0.1,1e-4,0.001,0.5,1e-4,5
42,NA,NA,NA,NA,EIG,0,5,500,2,20,999,999,999,1,1,0.1,1e-4,0.001,0.5,1e-5,3
43,NA,NA,NA,NA,EIG,0,5,500,2,20,999,999,999,1,1,0.1,1e-4,0.001,0.5,1e-5,5
44,NA,NA,NA,NA,EIG,0,5,500,2,20,999,999,999,1,1,0.1,1e-4,0.001,1,1e-4,3
45,NA,NA,NA,NA,EIG,0,5,500,2,20,999,999,999,1,1,0.1,1e-4,0.001,1,1e-4,5
46,NA,NA,NA,NA,EIG,0,5,500,2,20,999,999,999,1,1,0.1,1e-4,0.001,1,1e-5,3
47,NA,NA,NA,NA,EIG,0,5,500,2,20,999,999,999,1,1,0.1,1e-4,0.001,1,1e-5,5
48,NA,NA,NA,NA,EIG,0,5,500,2,20,999,999,999,1,1,1,1e-4,0.001,0.1,1e-4,3
49,NA,NA,NA,NA,EIG,0,5,500,2,20,999,999,999,1,1,1,1e-4,0.001,0.1,1e-4,5
50,NA,NA,NA,NA,EIG,0,5,500,2,20,999,999,999,1,1,1,1e-4,0.001,0.1,1e-5,3
51,NA,NA,NA,NA,EIG,0,5,500,2,20,999,999,999,1,1,1,1e-4,0.001,0.1,1e-5,5
52,NA,NA,NA,NA,EIG,0,5,500,2,20,999,999,999,1,1,1,1e-4,0.001,0.5,1e-4,3
53,NA,NA,NA,NA,EIG,0,5,500,2,20,999,999,999,1,1,1,1e-4,0.001,0.5,1e-4,5
54,NA,NA,NA,NA,EIG,0,5,500,2,20,999,999,999,1,1,1,1e-4,0.001,0.5,1e-5,3
56,NA,NA,NA,NA,EIG,0,5,500,2,20,999,999,999,1,1,1,1e-4,0.001,1,1e-4,3
57,NA,NA,NA,NA,EIG,0,5,500,2,20,999,999,999,1,1,1,1e-4,0.001,1,1e-4,5
58,NA,NA,NA,NA,EIG,0,5,500,2,20,999,999,999,1,1,1,1e-4,0.001,1,1e-5,3
59,NA,NA,NA,NA,EIG,0,5,500,2,20,999,999,999,1,1,1,1e-4,0.001,1,1e-5,5
60,NA,NA,NA,NA,EIG,0,5,500,2,20,999,999,999,1,1,10,1e-4,0.001,0.1,1e-4,3
61,NA,NA,NA,NA,EIG,0,5,500,2,20,999,999,999,1,1,10,1e-4,0.001,0.1,1e-4,5
62,NA,NA,NA,NA,EIG,0,5,500,2,20,999,999,999,1,1,10,1e-4,0.001,0.1,1e-5,3
63,NA,NA,NA,NA,EIG,0,5,500,2,20,999,999,999,1,1,10,1e-4,0.001,0.1,1e-5,5
64,NA,NA,NA,NA,EIG,0,5,500,2,20,999,999,999,1,1,10,1e-4,0.001,0.5,1e-4,3
65,NA,NA,NA,NA,EIG,0,5,500,2,20,999,999,999,1,1,10,1e-4,0.001,0.5,1e-4,5
66,NA,NA,NA,NA,EIG,0,5,500,2,20,999,999,999,1,1,10,1e-4,0.001,0.5,1e-5,3
67,NA,NA,NA,NA,EIG,0,5,500,2,20,999,999,999,1,1,10,1e-4,0.001,0.5,1e-5,5
68,NA,NA,NA,NA,EIG,0,5,500,2,20,999,999,999,1,1,10,1e-4,0.001,1,1e-4,3
69,NA,NA,NA,NA,EIG,0,5,500,2,20,999,999,999,1,1,10,1e-4,0.001,1,1e-4,5
70,NA,NA,NA,NA,EIG,0,5,500,2,20,999,999,999,1,1,10,1e-4,0.001,1,1e-5,3
72,NA,NA,NA,NA,EIG,0,5,500,2,20,999,999,999,1,10,0.1,1e-4,0.001,0.1,1e-4,3
73,NA,NA,NA,NA,EIG,0,5,500,2,20,999,999,999,1,10,0.1,1e-4,0.001,0.1,1e-4,5
74,NA,NA,NA,NA,EIG,0,5,500,2,20,999,999,999,1,10,0.1,1e-4,0.001,0.1,1e-5,3
75,NA,NA,NA,NA,EIG,0,5,500,2,20,999,999,999,1,10,0.1,1e-4,0.001,0.1,1e-5,5
76,NA,NA,NA,NA,EIG,0,5,500,2,20,999,999,999,1,10,0.1,1e-4,0.001,0.5,1e-4,3
77,NA,NA,NA,NA,EIG,0,5,500,2,20,999,999,999,1,10,0.1,1e-4,0.001,0.5,1e-4,5
78,NA,NA,NA,NA,EIG,0,5,500,2,20,999,999,999,1,10,0.1,1e-4,0.001,0.5,1e-5,3
79,NA,NA,NA,NA,EIG,0,5,500,2,20,999,999,999,1,10,0.1,1e-4,0.001,0.5,1e-5,5
80,NA,NA,NA,NA,EIG,0,5,500,2,20,999,999,999,1,10,0.1,1e-4,0.001,1,1e-4,3
81,NA,NA,NA,NA,EIG,0,5,500,2,20,999,999,999,1,10,0.1,1e-4,0.001,1,1e-4,5
82,NA,NA,NA,NA,EIG,0,5,500,2,20,999,999,999,1,10,0.1,1e-4,0.001,1,1e-5,3
84,NA,NA,NA,NA,EIG,0,5,500,2,20,999,999,999,1,10,1,1e-4,0.001,0.1,1e-4,3
85,NA,NA,NA,NA,EIG,0,5,500,2,20,999,999,999,1,10,1,1e-4,0.001,0.1,1e-4,5
86,NA,NA,NA,NA,EIG,0,5,500,2,20,999,999,999,1,10,1,1e-4,0.001,0.1,1e-5,3
87,NA,NA,NA,NA,EIG,0,5,500,2,20,999,999,999,1,10,1,1e-4,0.001,0.1,1e-5,5
88,NA,NA,NA,NA,EIG,0,5,500,2,20,999,999,999,1,10,1,1e-4,0.001,0.5,1e-4,3
89,NA,NA,NA,NA,EIG,0,5,500,2,20,999,999,999,1,10,1,1e-4,0.001,0.5,1e-4,5
90,NA,NA,NA,NA,EIG,0,5,500,2,20,999,999,999,1,10,1,1e-4,0.001,0.5,1e-5,3
91,NA,NA,NA,NA,EIG,0,5,500,2,20,999,999,999,1,10,1,1e-4,0.001,0.5,1e-5,5
92,NA,NA,NA,NA,EIG,0,5,500,2,20,999,999,999,1,10,1,1e-4,0.001,1,1e-4,3
93,NA,NA,NA,NA,EIG,0,5,500,2,20,999,999,999,1,10,1,1e-4,0.001,1,1e-4,5
94,NA,NA,NA,NA,EIG,0,5,500,2,20,999,999,999,1,10,1,1e-4,0.001,1,1e-5,3
95,NA,NA,NA,NA,EIG,0,5,500,2,20,999,999,999,1,10,1,1e-4,0.001,1,1e-5,5
96,NA,NA,NA,NA,EIG,0,5,500,2,20,999,999,999,1,10,10,1e-4,0.001,0.1,1e-4,3
97,NA,NA,NA,NA,EIG,0,5,500,2,20,999,999,999,1,10,10,1e-4,0.001,0.1,1e-4,5
98,NA,NA,NA,NA,EIG,0,5,500,2,20,999,999,999,1,10,10,1e-4,0.001,0.1,1e-5,3
99,NA,NA,NA,NA,EIG,0,5,500,2,20,999,999,999,1,10,10,1e-4,0.001,0.1,1e-5,5
100,NA,NA,NA,NA,EIG,0,5,500,2,20,999,999,999,1,10,10,1e-4,0.001,0.5,1e-4,3
101,NA,NA,NA,NA,EIG,0,5,500,2,20,999,999,999,1,10,10,1e-4,0.001,0.5,1e-4,5
102,NA,NA,NA,NA,EIG,0,5,500,2,20,999,999,999,1,10,10,1e-4,0.001,0.5,1e-5,3
103,NA,NA,NA,NA,EIG,0,5,500,2,20,999,999,999,1,10,10,1e-4,0.001,0.5,1e-5,5
104,NA,NA,NA,NA,EIG,0,5,500,2,20,999,999,999,1,10,10,1e-4,0.001,1,1e-4,3
105,NA,NA,NA,NA,EIG,0,5,500,2,20,999,999,999,1,10,10,1e-4,0.001,1,1e-4,5
106,NA,NA,NA,NA,EIG,0,5,500,2,20,999,999,999,1,10,10,1e-4,0.001,1,1e-5,3
107,NA,NA,NA,NA,EIG,0,5,500,2,20,999,999,999,1,10,10,1e-4,0.001,1,1e-5,5
108,NA,NA,NA,NA,EIG,0,5,500,2,20,999,999,999,2,0.1,0.1,1e-4,0.001,0.1,1e-4,3
109,NA,NA,NA,NA,EIG,0,5,500,2,20,999,999,999,2,0.1,0.1,1e-4,0.001,0.1,1e-4,5
110,NA,NA,NA,NA,EIG,0,5,500,2,20,999,999,999,2,0.1,0.1,1e-4,0.001,0.1,1e-5,3
111,NA,NA,NA,NA,EIG,0,5,500,2,20,999,999,999,2,0.1,0.1,1e-4,0.001,0.1,1e-5,5
112,NA,NA,NA,NA,EIG,0,5,500,2,20,999,999,999,2,0.1,0.1,1e-4,0.001,0.5,1e-4,3
113,NA,NA,NA,NA,EIG,0,5,500,2,20,999,999,999,2,0.1,0.1,1e-4,0.001,0.5,1e-4,5
114,NA,NA,NA,NA,EIG,0,5,500,2,20,999,999,999,2,0.1,0.1,1e-4,0.001,0.5,1e-5,3
115,NA,NA,NA,NA,EIG,0,5,500,2,20,999,999,999,2,0.1,0.1,1e-4,0.001,0.5,1e-5,5
116,NA,NA,NA,NA,EIG,0,5,500,2,20,999,999,999,2,0.1,0.1,1e-4,0.001,1,1e-4,3
117,NA,NA,NA,NA,EIG,0,5,500,2,20,999,999,999,2,0.1,0.1,1e-4,0.001,1,1e-4,5
118,NA,NA,NA,NA,EIG,0,5,500,2,20,999,999,999,2,0.1,0.1,1e-4,0.001,1,1e-5,3
119,NA,NA,NA,NA,EIG,0,5,500,2,20,999,999,999,2,0.1,0.1,1e-4,0.001,1,1e-5,5
120,NA,NA,NA,NA,EIG,0,5,500,2,20,999,999,999,2,0.1,1,1e-4,0.001,0.1,1e-4,3
121,NA,NA,NA,NA,EIG,0,5,500,2,20,999,999,999,2,0.1,1,1e-4,0.001,0.1,1e-4,5
122,NA,NA,NA,NA,EIG,0,5,500,2,20,999,999,999,2,0.1,1,1e-4,0.001,0.1,1e-5,3
123,NA,NA,NA,NA,EIG,0,5,500,2,20,999,999,999,2,0.1,1,1e-4,0.001,0.1,1e-5,5
124,NA,NA,NA,NA,EIG,0,5,500,2,20,999,999,999,2,0.1,1,1e-4,0.001,0.5,1e-4,3
125,NA,NA,NA,NA,EIG,0,5,500,2,20,999,999,999,2,0.1,1,1e-4,0.001,0.5,1e-4,5
126,NA,NA,NA,NA,EIG,0,5,500,2,20,999,999,999,2,0.1,1,1e-4,0.001,0.5,1e-5,3
127,NA,NA,NA,NA,EIG,0,5,500,2,20,999,999,999,2,0.1,1,1e-4,0.001,0.5,1e-5,5
128,NA,NA,NA,NA,EIG,0,5,500,2,20,999,999,999,2,0.1,1,1e-4,0.001,1,1e-4,3
129,NA,NA,NA,NA,EIG,0,5,500,2,20,999,999,999,2,0.1,1,1e-4,0.001,1,1e-4,5
130,NA,NA,NA,NA,EIG,0,5,500,2,20,999,999,999,2,0.1,1,1e-4,0.001,1,1e-5,3
131,NA,NA,NA,NA,EIG,0,5,500,2,20,999,999,999,2,0.1,1,1e-4,0.001,1,1e-5,5
132,NA,NA,NA,NA,EIG,0,5,500,2,20,999,999,999,2,0.1,10,1e-4,0.001,0.1,1e-4,3
133,NA,NA,NA,NA,EIG,0,5,500,2,20,999,999,999,2,0.1,10,1e-4,0.001,0.1,1e-4,5
134,NA,NA,NA,NA,EIG,0,5,500,2,20,999,999,999,2,0.1,10,1e-4,0.001,0.1,1e-5,3
135,NA,NA,NA,NA,EIG,0,5,500,2,20,999,999,999,2,0.1,10,1e-4,0.001,0.1,1e-5,5
136,NA,NA,NA,NA,EIG,0,5,500,2,20,999,999,999,2,0.1,10,1e-4,0.001,0.5,1e-4,3
137,NA,NA,NA,NA,EIG,0,5,500,2,20,999,999,999,2,0.1,10,1e-4,0.001,0.5,1e-4,5
138,NA,NA,NA,NA,EIG,0,5,500,2,20,999,999,999,2,0.1,10,1e-4,0.001,0.5,1e-5,3
139,NA,NA,NA,NA,EIG,0,5,500,2,20,999,999,999,2,0.1,10,1e-4,0.001,0.5,1e-5,5
140,NA,NA,NA,NA,EIG,0,5,500,2,20,999,999,999,2,0.1,10,1e-4,0.001,1,1e-4,3
141,NA,NA,NA,NA,EIG,0,5,500,2,20,999,999,999,2,0.1,10,1e-4,0.001,1,1e-4,5
142,NA,NA,NA,NA,EIG,0,5,500,2,20,999,999,999,2,0.1,10,1e-4,0.001,1,1e-5,3
143,NA,NA,NA,NA,EIG,0,5,500,2,20,999,999,999,2,0.1,10,1e-4,0.001,1,1e-5,5
144,NA,NA,NA,NA,EIG,0,5,500,2,20,999,999,999,2,1,0.1,1e-4,0.001,0.1,1e-4,3
145,NA,NA,NA,NA,EIG,0,5,500,2,20,999,999,999,2,1,0.1,1e-4,0.001,0.1,1e-4,5
146,NA,NA,NA,NA,EIG,0,5,500,2,20,999,999,999,2,1,0.1,1e-4,0.001,0.1,1e-5,3
147,NA,NA,NA,NA,EIG,0,5,500,2,20,999,999,999,2,1,0.1,1e-4,0.001,0.1,1e-5,5
148,NA,NA,NA,NA,EIG,0,5,500,2,20,999,999,999,2,1,0.1,1e-4,0.001,0.5,1e-4,3
149,NA,NA,NA,NA,EIG,0,5,500,2,20,999,999,999,2,1,0.1,1e-4,0.001,0.5,1e-4,5
150,NA,NA,NA,NA,EIG,0,5,500,2,20,999,999,999,2,1,0.1,1e-4,0.001,0.5,1e-5,3
151,NA,NA,NA,NA,EIG,0,5,500,2,20,999,999,999,2,1,0.1,1e-4,0.001,0.5,1e-5,5
152,NA,NA,NA,NA,EIG,0,5,500,2,20,999,999,999,2,1,0.1,1e-4,0.001,1,1e-4,3
153,NA,NA,NA,NA,EIG,0,5,500,2,20,999,999,999,2,1,0.1,1e-4,0.001,1,1e-4,5
154,NA,NA,NA,NA,EIG,0,5,500,2,20,999,999,999,2,1,0.1,1e-4,0.001,1,1e-5,3
155,NA,NA,NA,NA,EIG,0,5,500,2,20,999,999,999,2,1,0.1,1e-4,0.001,1,1e-5,5
156,NA,NA,NA,NA,EIG,0,5,500,2,20,999,999,999,2,1,1,1e-4,0.001,0.1,1e-4,3
157,NA,NA,NA,NA,EIG,0,5,500,2,20,999,999,999,2,1,1,1e-4,0.001,0.1,1e-4,5
158,NA,NA,NA,NA,EIG,0,5,500,2,20,999,999,999,2,1,1,1e-4,0.001,0.1,1e-5,3
159,NA,NA,NA,NA,EIG,0,5,500,2,20,999,999,999,2,1,1,1e-4,0.001,0.1,1e-5,5
160,NA,NA,NA,NA,EIG,0,5,500,2,20,999,999,999,2,1,1,1e-4,0.001,0.5,1e-4,3
161,NA,NA,NA,NA,EIG,0,5,500,2,20,999,999,999,2,1,1,1e-4,0.001,0.5,1e-4,5
162,NA,NA,NA,NA,EIG,0,5,500,2,20,999,999,999,2,1,1,1e-4,0.001,0.5,1e-5,3
163,NA,NA,NA,NA,EIG,0,5,500,2,20,999,999,999,2,1,1,1e-4,0.001,0.5,1e-5,5
164,NA,NA,NA,NA,EIG,0,5,500,2,20,999,999,999,2,1,1,1e-4,0.001,1,1e-4,3
165,NA,NA,NA,NA,EIG,0,5,500,2,20,999,999,999,2,1,1,1e-4,0.001,1,1e-4,5
166,NA,NA,NA,NA,EIG,0,5,500,2,20,999,999,999,2,1,1,1e-4,0.001,1,1e-5,3
167,NA,NA,NA,NA,EIG,0,5,500,2,20,999,999,999,2,1,1,1e-4,0.001,1,1e-5,5
168,NA,NA,NA,NA,EIG,0,5,500,2,20,999,999,999,2,1,10,1e-4,0.001,0.1,1e-4,3
169,NA,NA,NA,NA,EIG,0,5,500,2,20,999,999,999,2,1,10,1e-4,0.001,0.1,1e-4,5
170,NA,NA,NA,NA,EIG,0,5,500,2,20,999,999,999,2,1,10,1e-4,0.001,0.1,1e-5,3
171,NA,NA,NA,NA,EIG,0,5,500,2,20,999,999,999,2,1,10,1e-4,0.001,0.1,1e-5,5
172,NA,NA,NA,NA,EIG,0,5,500,2,20,999,999,999,2,1,10,1e-4,0.001,0.5,1e-4,3
173,NA,NA,NA,NA,EIG,0,5,500,2,20,999,999,999,2,1,10,1e-4,0.001,0.5,1e-4,5
174,NA,NA,NA,NA,EIG,0,5,500,2,20,999,999,999,2,1,10,1e-4,0.001,0.5,1e-5,3
175,NA,NA,NA,NA,EIG,0,5,500,2,20,999,999,999,2,1,10,1e-4,0.001,0.5,1e-5,5
176,NA,NA,NA,NA,EIG,0,5,500,2,20,999,999,999,2,1,10,1e-4,0.001,1,1e-4,3
177,NA,NA,NA,NA,EIG,0,5,500,2,20,999,999,999,2,1,10,1e-4,0.001,1,1e-4,5
178,NA,NA,NA,NA,EIG,0,5,500,2,20,999,999,999,2,1,10,1e-4,0.001,1,1e-5,3
179,NA,NA,NA,NA,EIG,0,5,500,2,20,999,999,999,2,1,10,1e-4,0.001,1,1e-5,5
180,NA,NA,NA,NA,EIG,0,5,500,2,20,999,999,999,2,10,0.1,1e-4,0.001,0.1,1e-4,3
181,NA,NA,NA,NA,EIG,0,5,500,2,20,999,999,999,2,10,0.1,1e-4,0.001,0.1,1e-4,5
182,NA,NA,NA,NA,EIG,0,5,500,2,20,999,999,999,2,10,0.1,1e-4,0.001,0.1,1e-5,3
183,NA,NA,NA,NA,EIG,0,5,500,2,20,999,999,999,2,10,0.1,1e-4,0.001,0.1,1e-5,5
184,NA,NA,NA,NA,EIG,0,5,500,2,20,999,999,999,2,10,0.1,1e-4,0.001,0.5,1e-4,3
185,NA,NA,NA,NA,EIG,0,5,500,2,20,999,999,999,2,10,0.1,1e-4,0.001,0.5,1e-4,5
186,NA,NA,NA,NA,EIG,0,5,500,2,20,999,999,999,2,10,0.1,1e-4,0.001,0.5,1e-5,3
187,NA,NA,NA,NA,EIG,0,5,500,2,20,999,999,999,2,10,0.1,1e-4,0.001,0.5,1e-5,5
188,NA,NA,NA,NA,EIG,0,5,500,2,20,999,999,999,2,10,0.1,1e-4,0.001,1,1e-4,3
189,NA,NA,NA,NA,EIG,0,5,500,2,20,999,999,999,2,10,0.1,1e-4,0.001,1,1e-4,5
190,NA,NA,NA,NA,EIG,0,5,500,2,20,999,999,999,2,10,0.1,1e-4,0.001,1,1e-5,3
191,NA,NA,NA,NA,EIG,0,5,500,2,20,999,999,999,2,10,0.1,1e-4,0.001,1,1e-5,5
192,NA,NA,NA,NA,EIG,0,5,500,2,20,999,999,999,2,10,1,1e-4,0.001,0.1,1e-4,3
193,NA,NA,NA,NA,EIG,0,5,500,2,20,999,999,999,2,10,1,1e-4,0.001,0.1,1e-4,5
194,NA,NA,NA,NA,EIG,0,5,500,2,20,999,999,999,2,10,1,1e-4,0.001,0.1,1e-5,3
195,NA,NA,NA,NA,EIG,0,5,500,2,20,999,999,999,2,10,1,1e-4,0.001,0.1,1e-5,5
196,NA,NA,NA,NA,EIG,0,5,500,2,20,999,999,999,2,10,1,1e-4,0.001,0.5,1e-4,3
197,NA,NA,NA,NA,EIG,0,5,500,2,20,999,999,999,2,10,1,1e-4,0.001,0.5,1e-4,5
198,NA,NA,NA,NA,EIG,0,5,500,2,20,999,999,999,2,10,1,1e-4,0.001,0.5,1e-5,3
199,NA,NA,NA,NA,EIG,0,5,500,2,20,999,999,999,2,10,1,1e-4,0.001,0.5,1e-5,5
200,NA,NA,NA,NA,EIG,0,5,500,2,20,999,999,999,2,10,1,1e-4,0.001,1,1e-4,3
201,NA,NA,NA,NA,EIG,0,5,500,2,20,999,999,999,2,10,1,1e-4,0.001,1,1e-4,5
202,NA,NA,NA,NA,EIG,0,5,500,2,20,999,999,999,2,10,1,1e-4,0.001,1,1e-5,3
203,NA,NA,NA,NA,EIG,0,5,500,2,20,999,999,999,2,10,1,1e-4,0.001,1,1e-5,5
204,NA,NA,NA,NA,EIG,0,5,500,2,20,999,999,999,2,10,10,1e-4,0.001,0.1,1e-4,3
205,NA,NA,NA,NA,EIG,0,5,500,2,20,999,999,999,2,10,10,1e-4,0.001,0.1,1e-4,5
206,NA,NA,NA,NA,EIG,0,5,500,2,20,999,999,999,2,10,10,1e-4,0.001,0.1,1e-5,3
207,NA,NA,NA,NA,EIG,0,5,500,2,20,999,999,999,2,10,10,1e-4,0.001,0.1,1e-5,5
208,NA,NA,NA,NA,EIG,0,5,500,2,20,999,999,999,2,10,10,1e-4,0.001,0.5,1e-4,3
209,NA,NA,NA,NA,EIG,0,5,500,2,20,999,999,999,2,10,10,1e-4,0.001,0.5,1e-4,5
210,NA,NA,NA,NA,EIG,0,5,500,2,20,999,999,999,2,10,10,1e-4,0.001,0.5,1e-5,3
211,NA,NA,NA,NA,EIG,0,5,500,2,20,999,999,999,2,10,10,1e-4,0.001,0.5,1e-5,5
212,NA,NA,NA,NA,EIG,0,5,500,2,20,999,999,999,2,10,10,1e-4,0.001,1,1e-4,3
213,NA,NA,NA,NA,EIG,0,5,500,2,20,999,999,999,2,10,10,1e-4,0.001,1,1e-4,5
214,NA,NA,NA,NA,EIG,0,5,500,2,20,999,999,999,2,10,10,1e-4,0.001,1,1e-5,3
215,NA,NA,NA,NA,EIG,0,5,500,2,20,999,999,999,2,10,10,1e-4,0.001,1,1e-5,5
216,NA,NA,NA,NA,EIG,0,5,500,2,20,999,999,999,3,0.1,0.1,1e-4,0.001,0.1,1e-4,3
217,NA,NA,NA,NA,EIG,0,5,500,2,20,999,999,999,3,0.1,0.1,1e-4,0.001,0.1,1e-4,5
218,NA,NA,NA,NA,EIG,0,5,500,2,20,999,999,999,3,0.1,0.1,1e-4,0.001,0.1,1e-5,3
219,NA,NA,NA,NA,EIG,0,5,500,2,20,999,999,999,3,0.1,0.1,1e-4,0.001,0.1,1e-5,5
220,NA,NA,NA,NA,EIG,0,5,500,2,20,999,999,999,3,0.1,0.1,1e-4,0.001,0.5,1e-4,3
221,NA,NA,NA,NA,EIG,0,5,500,2,20,999,999,999,3,0.1,0.1,1e-4,0.001,0.5,1e-4,5
222,NA,NA,NA,NA,EIG,0,5,500,2,20,999,999,999,3,0.1,0.1,1e-4,0.001,0.5,1e-5,3
223,NA,NA,NA,NA,EIG,0,5,500,2,20,999,999,999,3,0.1,0.1,1e-4,0.001,0.5,1e-5,5
224,NA,NA,NA,NA,EIG,0,5,500,2,20,999,999,999,3,0.1,0.1,1e-4,0.001,1,1e-4,3
225,NA,NA,NA,NA,EIG,0,5,500,2,20,999,999,999,3,0.1,0.1,1e-4,0.001,1,1e-4,5
226,NA,NA,NA,NA,EIG,0,5,500,2,20,999,999,999,3,0.1,0.1,1e-4,0.001,1,1e-5,3
227,NA,NA,NA,NA,EIG,0,5,500,2,20,999,999,999,3,0.1,0.1,1e-4,0.001,1,1e-5,5
228,NA,NA,NA,NA,EIG,0,5,500,2,20,999,999,999,3,0.1,1,1e-4,0.001,0.1,1e-4,3
229,NA,NA,NA,NA,EIG,0,5,500,2,20,999,999,999,3,0.1,1,1e-4,0.001,0.1,1e-4,5
230,NA,NA,NA,NA,EIG,0,5,500,2,20,999,999,999,3,0.1,1,1e-4,0.001,0.1,1e-5,3
231,NA,NA,NA,NA,EIG,0,5,500,2,20,999,999,999,3,0.1,1,1e-4,0.001,0.1,1e-5,5
232,NA,NA,NA,NA,EIG,0,5,500,2,20,999,999,999,3,0.1,1,1e-4,0.001,0.5,1e-4,3
233,NA,NA,NA,NA,EIG,0,5,500,2,20,999,999,999,3,0.1,1,1e-4,0.001,0.5,1e-4,5
234,NA,NA,NA,NA,EIG,0,5,500,2,20,999,999,999,3,0.1,1,1e-4,0.001,0.5,1e-5,3
235,NA,NA,NA,NA,EIG,0,5,500,2,20,999,999,999,3,0.1,1,1e-4,0.001,0.5,1e-5,5
236,NA,NA,NA,NA,EIG,0,5,500,2,20,999,999,999,3,0.1,1,1e-4,0.001,1,1e-4,3
237,NA,NA,NA,NA,EIG,0,5,500,2,20,999,999,999,3,0.1,1,1e-4,0.001,1,1e-4,5
238,NA,NA,NA,NA,EIG,0,5,500,2,20,999,999,999,3,0.1,1,1e-4,0.001,1,1e-5,3
239,NA,NA,NA,NA,EIG,0,5,500,2,20,999,999,999,3,0.1,1,1e-4,0.001,1,1e-5,5
240,NA,NA,NA,NA,EIG,0,5,500,2,20,999,999,999,3,0.1,10,1e-4,0.001,0.1,1e-4,3
241,NA,NA,NA,NA,EIG,0,5,500,2,20,999,999,999,3,0.1,10,1e-4,0.001,0.1,1e-4,5
242,NA,NA,NA,NA,EIG,0,5,500,2,20,999,999,999,3,0.1,10,1e-4,0.001,0.1,1e-5,3
243,NA,NA,NA,NA,EIG,0,5,500,2,20,999,999,999,3,0.1,10,1e-4,0.001,0.1,1e-5,5
244,NA,NA,NA,NA,EIG,0,5,500,2,20,999,999,999,3,0.1,10,1e-4,0.001,0.5,1e-4,3
245,NA,NA,NA,NA,EIG,0,5,500,2,20,999,999,999,3,0.1,10,1e-4,0.001,0.5,1e-4,5
246,NA,NA,NA,NA,EIG,0,5,500,2,20,999,999,999,3,0.1,10,1e-4,0.001,0.5,1e-5,3
247,NA,NA,NA,NA,EIG,0,5,500,2,20,999,999,999,3,0.1,10,1e-4,0.001,0.5,1e-5,5
248,NA,NA,NA,NA,EIG,0,5,500,2,20,999,999,999,3,0.1,10,1e-4,0.001,1,1e-4,3
249,NA,NA,NA,NA,EIG,0,5,500,2,20,999,999,999,3,0.1,10,1e-4,0.001,1,1e-4,5
250,NA,NA,NA,NA,EIG,0,5,500,2,20,999,999,999,3,0.1,10,1e-4,0.001,1,1e-5,3
251,NA,NA,NA,NA,EIG,0,5,500,2,20,999,999,999,3,0.1,10,1e-4,0.001,1,1e-5,5
252,NA,NA,NA,NA,EIG,0,5,500,2,20,999,999,999,3,1,0.1,1e-4,0.001,0.1,1e-4,3
253,NA,NA,NA,NA,EIG,0,5,500,2,20,999,999,999,3,1,0.1,1e-4,0.001,0.1,1e-4,5
254,NA,NA,NA,NA,EIG,0,5,500,2,20,999,999,999,3,1,0.1,1e-4,0.001,0.1,1e-5,3
255,NA,NA,NA,NA,EIG,0,5,500,2,20,999,999,999,3,1,0.1,1e-4,0.001,0.1,1e-5,5
256,NA,NA,NA,NA,EIG,0,5,500,2,20,999,999,999,3,1,0.1,1e-4,0.001,0.5,1e-4,3
257,NA,NA,NA,NA,EIG,0,5,500,2,20,999,999,999,3,1,0.1,1e-4,0.001,0.5,1e-4,5
258,NA,NA,NA,NA,EIG,0,5,500,2,20,999,999,999,3,1,0.1,1e-4,0.001,0.5,1e-5,3
259,NA,NA,NA,NA,EIG,0,5,500,2,20,999,999,999,3,1,0.1,1e-4,0.001,0.5,1e-5,5
260,NA,NA,NA,NA,EIG,0,5,500,2,20,999,999,999,3,1,0.1,1e-4,0.001,1,1e-4,3
261,NA,NA,NA,NA,EIG,0,5,500,2,20,999,999,999,3,1,0.1,1e-4,0.001,1,1e-4,5
262,NA,NA,NA,NA,EIG,0,5,500,2,20,999,999,999,3,1,0.1,1e-4,0.001,1,1e-5,3
263,NA,NA,NA,NA,EIG,0,5,500,2,20,999,999,999,3,1,0.1,1e-4,0.001,1,1e-5,5
264,NA,NA,NA,NA,EIG,0,5,500,2,20,999,999,999,3,1,1,1e-4,0.001,0.1,1e-4,3
265,NA,NA,NA,NA,EIG,0,5,500,2,20,999,999,999,3,1,1,1e-4,0.001,0.1,1e-4,5
266,NA,NA,NA,NA,EIG,0,5,500,2,20,999,999,999,3,1,1,1e-4,0.001,0.1,1e-5,3
267,NA,NA,NA,NA,EIG,0,5,500,2,20,999,999,999,3,1,1,1e-4,0.001,0.1,1e-5,5
268,NA,NA,NA,NA,EIG,0,5,500,2,20,999,999,999,3,1,1,1e-4,0.001,0.5,1e-4,3
269,NA,NA,NA,NA,EIG,0,5,500,2,20,999,999,999,3,1,1,1e-4,0.001,0.5,1e-4,5
270,NA,NA,NA,NA,EIG,0,5,500,2,20,999,999,999,3,1,1,1e-4,0.001,0.5,1e-5,3
271,NA,NA,NA,NA,EIG,0,5,500,2,20,999,999,999,3,1,1,1e-4,0.001,0.5,1e-5,5
272,NA,NA,NA,NA,EIG,0,5,500,2,20,999,999,999,3,1,1,1e-4,0.001,1,1e-4,3
273,NA,NA,NA,NA,EIG,0,5,500,2,20,999,999,999,3,1,1,1e-4,0.001,1,1e-4,5
274,NA,NA,NA,NA,EIG,0,5,500,2,20,999,999,999,3,1,1,1e-4,0.001,1,1e-5,3
275,NA,NA,NA,NA,EIG,0,5,500,2,20,999,999,999,3,1,1,1e-4,0.001,1,1e-5,5
276,NA,NA,NA,NA,EIG,0,5,500,2,20,999,999,999,3,1,10,1e-4,0.001,0.1,1e-4,3
277,NA,NA,NA,NA,EIG,0,5,500,2,20,999,999,999,3,1,10,1e-4,0.001,0.1,1e-4,5
278,NA,NA,NA,NA,EIG,0,5,500,2,20,999,999,999,3,1,10,1e-4,0.001,0.1,1e-5,3
279,NA,NA,NA,NA,EIG,0,5,500,2,20,999,999,999,3,1,10,1e-4,0.001,0.1,1e-5,5
280,NA,NA,NA,NA,EIG,0,5,500,2,20,999,999,999,3,1,10,1e-4,0.001,0.5,1e-4,3
281,NA,NA,NA,NA,EIG,0,5,500,2,20,999,999,999,3,1,10,1e-4,0.001,0.5,1e-4,5
282,NA,NA,NA,NA,EIG,0,5,500,2,20,999,999,999,3,1,10,1e-4,0.001,0.5,1e-5,3
283,NA,NA,NA,NA,EIG,0,5,500,2,20,999,999,999,3,1,10,1e-4,0.001,0.5,1e-5,5
284,NA,NA,NA,NA,EIG,0,5,500,2,20,999,999,999,3,1,10,1e-4,0.001,1,1e-4,3
285,NA,NA,NA,NA,EIG,0,5,500,2,20,999,999,999,3,1,10,1e-4,0.001,1,1e-4,5
286,NA,NA,NA,NA,EIG,0,5,500,2,20,999,999,999,3,1,10,1e-4,0.001,1,1e-5,3
287,NA,NA,NA,NA,EIG,0,5,500,2,20,999,999,999,3,1,10,1e-4,0.001,1,1e-5,5
288,NA,NA,NA,NA,EIG,0,5,500,2,20,999,999,999,3,10,0.1,1e-4,0.001,0.1,1e-4,3
289,NA,NA,NA,NA,EIG,0,5,500,2,20,999,999,999,3,10,0.1,1e-4,0.001,0.1,1e-4,5
290,NA,NA,NA,NA,EIG,0,5,500,2,20,999,999,999,3,10,0.1,1e-4,0.001,0.1,1e-5,3
291,NA,NA,NA,NA,EIG,0,5,500,2,20,999,999,999,3,10,0.1,1e-4,0.001,0.1,1e-5,5
292,NA,NA,NA,NA,EIG,0,5,500,2,20,999,999,999,3,10,0.1,1e-4,0.001,0.5,1e-4,3
293,NA,NA,NA,NA,EIG,0,5,500,2,20,999,999,999,3,10,0.1,1e-4,0.001,0.5,1e-4,5
294,NA,NA,NA,NA,EIG,0,5,500,2,20,999,999,999,3,10,0.1,1e-4,0.001,0.5,1e-5,3
295,NA,NA,NA,NA,EIG,0,5,500,2,20,999,999,999,3,10,0.1,1e-4,0.001,0.5,1e-5,5
296,NA,NA,NA,NA,EIG,0,5,500,2,20,999,999,999,3,10,0.1,1e-4,0.001,1,1e-4,3
297,NA,NA,NA,NA,EIG,0,5,500,2,20,999,999,999,3,10,0.1,1e-4,0.001,1,1e-4,5
298,NA,NA,NA,NA,EIG,0,5,500,2,20,999,999,999,3,10,0.1,1e-4,0.001,1,1e-5,3
299,NA,NA,NA,NA,EIG,0,5,500,2,20,999,999,999,3,10,0.1,1e-4,0.001,1,1e-5,5
300,NA,NA,NA,NA,EIG,0,5,500,2,20,999,999,999,3,10,1,1e-4,0.001,0.1,1e-4,3
301,NA,NA,NA,NA,EIG,0,5,500,2,20,999,999,999,3,10,1,1e-4,0.001,0.1,1e-4,5
302,NA,NA,NA,NA,EIG,0,5,500,2,20,999,999,999,3,10,1,1e-4,0.001,0.1,1e-5,3
303,NA,NA,NA,NA,EIG,0,5,500,2,20,999,999,999,3,10,1,1e-4,0.001,0.1,1e-5,5
304,NA,NA,NA,NA,EIG,0,5,500,2,20,999,999,999,3,10,1,1e-4,0.001,0.5,1e-4,3
305,NA,NA,NA,NA,EIG,0,5,500,2,20,999,999,999,3,10,1,1e-4,0.001,0.5,1e-4,5
306,NA,NA,NA,NA,EIG,0,5,500,2,20,999,999,999,3,10,1,1e-4,0.001,0.5,1e-5,3
307,NA,NA,NA,NA,EIG,0,5,500,2,20,999,999,999,3,10,1,1e-4,0.001,0.5,1e-5,5
308,NA,NA,NA,NA,EIG,0,5,500,2,20,999,999,999,3,10,1,1e-4,0.001,1,1e-4,3
309,NA,NA,NA,NA,EIG,0,5,500,2,20,999,999,999,3,10,1,1e-4,0.001,1,1e-4,5
310,NA,NA,NA,NA,EIG,0,5,500,2,20,999,999,999,3,10,1,1e-4,0.001,1,1e-5,3
311,NA,NA,NA,NA,EIG,0,5,500,2,20,999,999,999,3,10,1,1e-4,0.001,1,1e-5,5
312,NA,NA,NA,NA,EIG,0,5,500,2,20,999,999,999,3,10,10,1e-4,0.001,0.1,1e-4,3
313,NA,NA,NA,NA,EIG,0,5,500,2,20,999,999,999,3,10,10,1e-4,0.001,0.1,1e-4,5
314,NA,NA,NA,NA,EIG,0,5,500,2,20,999,999,999,3,10,10,1e-4,0.001,0.1,1e-5,3
315,NA,NA,NA,NA,EIG,0,5,500,2,20,999,999,999,3,10,10,1e-4,0.001,0.1,1e-5,5
316,NA,NA,NA,NA,EIG,0,5,500,2,20,999,999,999,3,10,10,1e-4,0.001,0.5,1e-4,3
317,NA,NA,NA,NA,EIG,0,5,500,2,20,999,999,999,3,10,10,1e-4,0.001,0.5,1e-4,5
318,NA,NA,NA,NA,EIG,0,5,500,2,20,999,999,999,3,10,10,1e-4,0.001,0.5,1e-5,3
319,NA,NA,NA,NA,EIG,0,5,500,2,20,999,999,999,3,10,10,1e-4,0.001,0.5,1e-5,5
320,NA,NA,NA,NA,EIG,0,5,500,2,20,999,999,999,3,10,10,1e-4,0.001,1,1e-4,3
321,NA,NA,NA,NA,EIG,0,5,500,2,20,999,999,999,3,10,10,1e-4,0.001,1,1e-4,5
322,NA,NA,NA,NA,EIG,0,5,500,2,20,999,999,999,3,10,10,1e-4,0.001,1,1e-5,3
323,NA,NA,NA,NA,EIG,0,5,500,2,20,999,999,999,3,10,10,1e-4,0.001,1,1e-5,5
